{
    "<": {
        "precision": 0.5374094931617055,
        "recall": 0.3346693386773547,
        "f1-score": 0.4124729854893486,
        "support": 1996.0
    },
    "=": {
        "precision": 0.07131410256410256,
        "recall": 0.3603238866396761,
        "f1-score": 0.11906354515050167,
        "support": 247.0
    },
    ">": {
        "precision": 0.3853061224489796,
        "recall": 0.32043448744059744,
        "f1-score": 0.34988880652335064,
        "support": 1473.0
    },
    "accuracy": 0.3307319698600646,
    "macro avg": {
        "precision": 0.3313432393915959,
        "recall": 0.33847590425254276,
        "f1-score": 0.29380844572106696,
        "support": 3716.0
    },
    "weighted avg": {
        "precision": 0.446135589357224,
        "recall": 0.3307319698600646,
        "f1-score": 0.3681622676797119,
        "support": 3716.0
    }
}