{
    "<": {
        "precision": 0.5046923879040668,
        "recall": 0.24248496993987975,
        "f1-score": 0.327580372250423,
        "support": 1996.0
    },
    ">": {
        "precision": 0.3558215451577802,
        "recall": 0.2219959266802444,
        "f1-score": 0.2734113712374582,
        "support": 1473.0
    },
    "=": {
        "precision": 0.061068702290076333,
        "recall": 0.22672064777327935,
        "f1-score": 0.09621993127147767,
        "support": 247.0
    },
    "-": {
        "precision": 0.0,
        "recall": 0.0,
        "f1-score": 0.0,
        "support": 0.0
    },
    "accuracy": 0.23331539289558664,
    "macro avg": {
        "precision": 0.23039565883798083,
        "recall": 0.17280038609835088,
        "f1-score": 0.17430291868983971,
        "support": 3716.0
    },
    "weighted avg": {
        "precision": 0.4161935176909516,
        "recall": 0.23331539289558664,
        "f1-score": 0.2907297351637985,
        "support": 3716.0
    },
    "confidence": {
        "accuracy": {
            "lower": 0.2198600645855759,
            "upper": 0.2465016146393972
        },
        "macro avg": {
            "precision": {
                "lower": 0.2178277417797865,
                "upper": 0.241401358784636
            },
            "recall": {
                "lower": 0.15805444609174057,
                "upper": 0.18770415671551097
            },
            "f1-score": {
                "lower": 0.16335770782620684,
                "upper": 0.18441305862713467
            }
        },
        "weighted avg": {
            "precision": {
                "lower": 0.3945240699038262,
                "upper": 0.4369936829843275
            },
            "recall": {
                "lower": 0.2198600645855759,
                "upper": 0.2465016146393972
            },
            "f1-score": {
                "lower": 0.27495968730544873,
                "upper": 0.30605429021641434
            }
        }
    },
    "type": {},
    "ss": {
        "<": {
            "precision": 0.4424778761061947,
            "recall": 0.2336448598130841,
            "f1-score": 0.3058103975535168,
            "support": 428.0
        },
        ">": {
            "precision": 0.3924050632911392,
            "recall": 0.24093264248704663,
            "f1-score": 0.2985553772070626,
            "support": 386.0
        },
        "=": {
            "precision": 0.10407239819004525,
            "recall": 0.2,
            "f1-score": 0.13690476190476192,
            "support": 115.0
        },
        "-": {
            "precision": 0.0,
            "recall": 0.0,
            "f1-score": 0.0,
            "support": 0.0
        },
        "accuracy": 0.232508073196986,
        "macro avg": {
            "precision": 0.2347388343968448,
            "recall": 0.1686443755750327,
            "f1-score": 0.18531763416633534,
            "support": 929.0
        },
        "weighted avg": {
            "precision": 0.37978171280482914,
            "recall": 0.232508073196986,
            "f1-score": 0.2818872695090194,
            "support": 929.0
        }
    },
    "ee": {
        "<": {
            "precision": 0.4816326530612245,
            "recall": 0.22868217054263565,
            "f1-score": 0.31011826544021026,
            "support": 516.0
        },
        ">": {
            "precision": 0.30131004366812225,
            "recall": 0.23154362416107382,
            "f1-score": 0.2618595825426945,
            "support": 298.0
        },
        "=": {
            "precision": 0.12946428571428573,
            "recall": 0.25217391304347825,
            "f1-score": 0.1710914454277286,
            "support": 115.0
        },
        "-": {
            "precision": 0.0,
            "recall": 0.0,
            "f1-score": 0.0,
            "support": 0.0
        },
        "accuracy": 0.232508073196986,
        "macro avg": {
            "precision": 0.2281017456109081,
            "recall": 0.17809992693679694,
            "f1-score": 0.18576732335265833,
            "support": 929.0
        },
        "weighted avg": {
            "precision": 0.3801950859524597,
            "recall": 0.232508073196986,
            "f1-score": 0.2774280912691714,
            "support": 929.0
        }
    },
    "se": {
        "<": {
            "precision": 0.7368421052631579,
            "recall": 0.2520775623268698,
            "f1-score": 0.37564499484004127,
            "support": 722.0
        },
        ">": {
            "precision": 0.1506276150627615,
            "recall": 0.18181818181818182,
            "f1-score": 0.16475972540045766,
            "support": 198.0
        },
        "=": {
            "precision": 0.008733624454148471,
            "recall": 0.2222222222222222,
            "f1-score": 0.01680672268907563,
            "support": 9.0
        },
        "-": {
            "precision": 0.0,
            "recall": 0.0,
            "f1-score": 0.0,
            "support": 0.0
        },
        "accuracy": 0.23681377825618946,
        "macro avg": {
            "precision": 0.22405083619501698,
            "recall": 0.16402949159181845,
            "f1-score": 0.13930286073239365,
            "support": 929.0
        },
        "weighted avg": {
            "precision": 0.6048470079682605,
            "recall": 0.23681377825618943,
            "f1-score": 0.3272221446803036,
            "support": 929.0
        }
    },
    "es": {
        "<": {
            "precision": 0.34854771784232363,
            "recall": 0.2545454545454545,
            "f1-score": 0.29422066549912435,
            "support": 330.0
        },
        ">": {
            "precision": 0.602803738317757,
            "recall": 0.2182741116751269,
            "f1-score": 0.3204968944099379,
            "support": 591.0
        },
        "=": {
            "precision": 0.00823045267489712,
            "recall": 0.25,
            "f1-score": 0.01593625498007968,
            "support": 8.0
        },
        "-": {
            "precision": 0.0,
            "recall": 0.0,
            "f1-score": 0.0,
            "support": 0.0
        },
        "accuracy": 0.23143164693218515,
        "macro avg": {
            "precision": 0.23989547720874443,
            "recall": 0.18070489155514535,
            "f1-score": 0.15766345372228546,
            "support": 929.0
        },
        "weighted avg": {
            "precision": 0.507366630629882,
            "recall": 0.23143164693218515,
            "f1-score": 0.3085403382678418,
            "support": 929.0
        }
    }
}