{
    "<": {
        "precision": 0.6190476190476191,
        "recall": 0.8125,
        "f1-score": 0.7027027027027027,
        "support": 16.0
    },
    ">": {
        "precision": 0.5714285714285714,
        "recall": 0.3333333333333333,
        "f1-score": 0.42105263157894735,
        "support": 12.0
    },
    "=": {
        "precision": 0.5,
        "recall": 0.5,
        "f1-score": 0.5,
        "support": 4.0
    },
    "-": {
        "precision": 0.0,
        "recall": 0.0,
        "f1-score": 0.0,
        "support": 0.0
    },
    "accuracy": 0.59375,
    "macro avg": {
        "precision": 0.4226190476190476,
        "recall": 0.4114583333333333,
        "f1-score": 0.4059388335704125,
        "support": 32.0
    },
    "weighted avg": {
        "precision": 0.5863095238095238,
        "recall": 0.59375,
        "f1-score": 0.5717460881934566,
        "support": 32.0
    }
}