{
    "<": {
        "precision": 0.7553672316384181,
        "recall": 0.6698396793587175,
        "f1-score": 0.7100371747211895,
        "support": 1996.0
    },
    ">": {
        "precision": 0.6251612903225806,
        "recall": 0.6578411405295316,
        "f1-score": 0.641085014885875,
        "support": 1473.0
    },
    "=": {
        "precision": 0.2297979797979798,
        "recall": 0.3684210526315789,
        "f1-score": 0.28304821150855364,
        "support": 247.0
    },
    "-": {
        "precision": 0.0,
        "recall": 0.0,
        "f1-score": 0.0,
        "support": 0.0
    },
    "accuracy": 0.645048439181916,
    "macro avg": {
        "precision": 0.4025816254397447,
        "recall": 0.424025468129957,
        "f1-score": 0.40854260027890454,
        "support": 3716.0
    },
    "weighted avg": {
        "precision": 0.668820149624743,
        "recall": 0.645048439181916,
        "f1-score": 0.6543232873824008,
        "support": 3716.0
    },
    "confidence": {
        "accuracy": {
            "lower": 0.6294335306781486,
            "upper": 0.6606633476856835
        },
        "macro avg": {
            "precision": {
                "lower": 0.3894489479113741,
                "upper": 0.41596354008199365
            },
            "recall": {
                "lower": 0.4062552460647982,
                "upper": 0.4429072635388244
            },
            "f1-score": {
                "lower": 0.3935685220337836,
                "upper": 0.4232552763775925
            }
        },
        "weighted avg": {
            "precision": {
                "lower": 0.6529065684416538,
                "upper": 0.6851464641475667
            },
            "recall": {
                "lower": 0.6294335306781486,
                "upper": 0.6606633476856835
            },
            "f1-score": {
                "lower": 0.6391906692816983,
                "upper": 0.6694699284424327
            }
        }
    },
    "type": {},
    "ss": {
        "<": {
            "precision": 0.6891025641025641,
            "recall": 0.5023364485981309,
            "f1-score": 0.581081081081081,
            "support": 428.0
        },
        ">": {
            "precision": 0.5665914221218962,
            "recall": 0.6502590673575129,
            "f1-score": 0.6055488540410132,
            "support": 386.0
        },
        "=": {
            "precision": 0.27586206896551724,
            "recall": 0.41739130434782606,
            "f1-score": 0.33217993079584773,
            "support": 115.0
        },
        "-": {
            "precision": 0.0,
            "recall": 0.0,
            "f1-score": 0.0,
            "support": 0.0
        },
        "accuracy": 0.5532831001076426,
        "macro avg": {
            "precision": 0.3828890137974944,
            "recall": 0.3924967050758675,
            "f1-score": 0.3797024664794855,
            "support": 929.0
        },
        "weighted avg": {
            "precision": 0.5870444825683357,
            "recall": 0.5532831001076426,
            "f1-score": 0.5604362243315999,
            "support": 929.0
        }
    },
    "ee": {
        "<": {
            "precision": 0.7281947261663286,
            "recall": 0.6957364341085271,
            "f1-score": 0.711595639246779,
            "support": 516.0
        },
        ">": {
            "precision": 0.545816733067729,
            "recall": 0.4597315436241611,
            "f1-score": 0.4990892531876138,
            "support": 298.0
        },
        "=": {
            "precision": 0.23243243243243245,
            "recall": 0.3739130434782609,
            "f1-score": 0.2866666666666667,
            "support": 115.0
        },
        "-": {
            "precision": 0.0,
            "recall": 0.0,
            "f1-score": 0.0,
            "support": 0.0
        },
        "accuracy": 0.5801937567276642,
        "macro avg": {
            "precision": 0.37661097291662254,
            "recall": 0.3823452553027373,
            "f1-score": 0.3743378897752649,
            "support": 929.0
        },
        "weighted avg": {
            "precision": 0.6083224918038089,
            "recall": 0.5801937567276642,
            "f1-score": 0.5908273562625551,
            "support": 929.0
        }
    },
    "se": {
        "<": {
            "precision": 0.8253557567917206,
            "recall": 0.8836565096952909,
            "f1-score": 0.8535117056856187,
            "support": 722.0
        },
        ">": {
            "precision": 0.4740740740740741,
            "recall": 0.32323232323232326,
            "f1-score": 0.3843843843843844,
            "support": 198.0
        },
        "=": {
            "precision": 0.0,
            "recall": 0.0,
            "f1-score": 0.0,
            "support": 9.0
        },
        "-": {
            "precision": 0.0,
            "recall": 0.0,
            "f1-score": 0.0,
            "support": 0.0
        },
        "accuracy": 0.7556512378902045,
        "macro avg": {
            "precision": 0.3248574577164487,
            "recall": 0.30172220823190354,
            "f1-score": 0.3094740225175008,
            "support": 929.0
        },
        "weighted avg": {
            "precision": 0.7424903369970817,
            "recall": 0.7556512378902045,
            "f1-score": 0.7452567918332883,
            "support": 929.0
        }
    },
    "es": {
        "<": {
            "precision": 0.6510416666666666,
            "recall": 0.3787878787878788,
            "f1-score": 0.4789272030651341,
            "support": 330.0
        },
        ">": {
            "precision": 0.7170596393897365,
            "recall": 0.8747884940778342,
            "f1-score": 0.788109756097561,
            "support": 591.0
        },
        "=": {
            "precision": 0.0,
            "recall": 0.0,
            "f1-score": 0.0,
            "support": 8.0
        },
        "-": {
            "precision": 0.0,
            "recall": 0.0,
            "f1-score": 0.0,
            "support": 0.0
        },
        "accuracy": 0.6910656620021528,
        "macro avg": {
            "precision": 0.3420253265141008,
            "recall": 0.31339409321642825,
            "f1-score": 0.3167592397906738,
            "support": 929.0
        },
        "weighted avg": {
            "precision": 0.6874337964255481,
            "recall": 0.6910656620021528,
            "f1-score": 0.6714949869377317,
            "support": 929.0
        }
    }
}