{
    "<": {
        "precision": 0.7082066869300911,
        "recall": 0.7004008016032064,
        "f1-score": 0.7042821158690177,
        "support": 1996.0
    },
    ">": {
        "precision": 0.6138763197586727,
        "recall": 0.5526137135098439,
        "f1-score": 0.5816362986780993,
        "support": 1473.0
    },
    "=": {
        "precision": 0.2403846153846154,
        "recall": 0.4048582995951417,
        "f1-score": 0.30165912518853694,
        "support": 247.0
    },
    "-": {
        "precision": 0.0,
        "recall": 0.0,
        "f1-score": 0.0,
        "support": 0.0
    },
    "accuracy": 0.6221743810548978,
    "macro avg": {
        "precision": 0.3906169055183448,
        "recall": 0.414468203677048,
        "f1-score": 0.3968943849339135,
        "support": 3716.0
    },
    "weighted avg": {
        "precision": 0.6397188821628059,
        "recall": 0.6221743810548978,
        "f1-score": 0.6289039760896039,
        "support": 3716.0
    },
    "type": {},
    "ss": {
        "<": {
            "precision": 0.6214833759590793,
            "recall": 0.5677570093457944,
            "f1-score": 0.5934065934065934,
            "support": 428.0
        },
        ">": {
            "precision": 0.5375375375375375,
            "recall": 0.4637305699481865,
            "f1-score": 0.49791376912378305,
            "support": 386.0
        },
        "=": {
            "precision": 0.24878048780487805,
            "recall": 0.4434782608695652,
            "f1-score": 0.31875,
            "support": 115.0
        },
        "-": {
            "precision": 0.0,
            "recall": 0.0,
            "f1-score": 0.0,
            "support": 0.0
        },
        "accuracy": 0.5091496232508074,
        "macro avg": {
            "precision": 0.35195035032537375,
            "recall": 0.3687414600408866,
            "f1-score": 0.35251759063259414,
            "support": 929.0
        },
        "weighted avg": {
            "precision": 0.5404673094698993,
            "recall": 0.5091496232508074,
            "f1-score": 0.519729802863081,
            "support": 929.0
        }
    },
    "ee": {
        "<": {
            "precision": 0.683206106870229,
            "recall": 0.6937984496124031,
            "f1-score": 0.6884615384615385,
            "support": 516.0
        },
        ">": {
            "precision": 0.5050505050505051,
            "recall": 0.33557046979865773,
            "f1-score": 0.4032258064516129,
            "support": 298.0
        },
        "=": {
            "precision": 0.23671497584541062,
            "recall": 0.4260869565217391,
            "f1-score": 0.30434782608695654,
            "support": 115.0
        },
        "-": {
            "precision": 0.0,
            "recall": 0.0,
            "f1-score": 0.0,
            "support": 0.0
        },
        "accuracy": 0.5457481162540366,
        "macro avg": {
            "precision": 0.35624289694153616,
            "recall": 0.3638639689832,
            "f1-score": 0.34900879275002694,
            "support": 929.0
        },
        "weighted avg": {
            "precision": 0.5707875391521108,
            "recall": 0.5457481162540366,
            "f1-score": 0.549415978653105,
            "support": 929.0
        }
    },
    "se": {
        "<": {
            "precision": 0.7902097902097902,
            "recall": 0.9390581717451524,
            "f1-score": 0.8582278481012658,
            "support": 722.0
        },
        ">": {
            "precision": 0.34285714285714286,
            "recall": 0.12121212121212122,
            "f1-score": 0.1791044776119403,
            "support": 198.0
        },
        "=": {
            "precision": 0.0,
            "recall": 0.0,
            "f1-score": 0.0,
            "support": 9.0
        },
        "-": {
            "precision": 0.0,
            "recall": 0.0,
            "f1-score": 0.0,
            "support": 0.0
        },
        "accuracy": 0.7556512378902045,
        "macro avg": {
            "precision": 0.28326673326673324,
            "recall": 0.2650675732393184,
            "f1-score": 0.2593330814283015,
            "support": 929.0
        },
        "weighted avg": {
            "precision": 0.6872090234845885,
            "recall": 0.7556512378902045,
            "f1-score": 0.7051702829884586,
            "support": 929.0
        }
    },
    "es": {
        "<": {
            "precision": 0.5920398009950248,
            "recall": 0.3606060606060606,
            "f1-score": 0.448210922787194,
            "support": 330.0
        },
        ">": {
            "precision": 0.7048275862068966,
            "recall": 0.8646362098138748,
            "f1-score": 0.776595744680851,
            "support": 591.0
        },
        "=": {
            "precision": 0.0,
            "recall": 0.0,
            "f1-score": 0.0,
            "support": 8.0
        },
        "-": {
            "precision": 0.0,
            "recall": 0.0,
            "f1-score": 0.0,
            "support": 0.0
        },
        "accuracy": 0.6781485468245425,
        "macro avg": {
            "precision": 0.32421684680048035,
            "recall": 0.3063105676049839,
            "f1-score": 0.3062016668670112,
            "support": 929.0
        },
        "weighted avg": {
            "precision": 0.6586934744635458,
            "recall": 0.6781485468245425,
            "f1-score": 0.6532590846352605,
            "support": 929.0
        }
    }
}