{
    "<": {
        "precision": 0.7256885890949972,
        "recall": 0.6467935871743486,
        "f1-score": 0.6839735099337748,
        "support": 1996.0
    },
    ">": {
        "precision": 0.5793699814700433,
        "recall": 0.636795655125594,
        "f1-score": 0.6067270375161707,
        "support": 1473.0
    },
    "=": {
        "precision": 0.1525974025974026,
        "recall": 0.1902834008097166,
        "f1-score": 0.16936936936936936,
        "support": 247.0
    },
    "-": {
        "precision": 0.0,
        "recall": 0.0,
        "f1-score": 0.0,
        "support": 0.0
    },
    "accuracy": 0.61248654467169,
    "macro avg": {
        "precision": 0.36441399329061075,
        "recall": 0.3684681607774148,
        "f1-score": 0.36501747920482874,
        "support": 3716.0
    },
    "weighted avg": {
        "precision": 0.6295957925136023,
        "recall": 0.61248654467169,
        "f1-score": 0.6191480856629086,
        "support": 3716.0
    },
    "confidence": {
        "accuracy": {
            "lower": 0.5968783638320775,
            "upper": 0.6278390742734122
        },
        "macro avg": {
            "precision": {
                "lower": 0.35206147955540035,
                "upper": 0.3769110596543968
            },
            "recall": {
                "lower": 0.35398149504715304,
                "upper": 0.3822769684539984
            },
            "f1-score": {
                "lower": 0.35165705669504765,
                "upper": 0.37802462930333597
            }
        },
        "weighted avg": {
            "precision": {
                "lower": 0.6125481373627232,
                "upper": 0.6461610555378126
            },
            "recall": {
                "lower": 0.5968783638320775,
                "upper": 0.6278390742734122
            },
            "f1-score": {
                "lower": 0.6034998763734707,
                "upper": 0.634987786029641
            }
        }
    },
    "type": {},
    "ss": {
        "<": {
            "precision": 0.6747967479674797,
            "recall": 0.5817757009345794,
            "f1-score": 0.6248431618569636,
            "support": 428.0
        },
        ">": {
            "precision": 0.5633423180592992,
            "recall": 0.5414507772020726,
            "f1-score": 0.5521796565389696,
            "support": 386.0
        },
        "=": {
            "precision": 0.164021164021164,
            "recall": 0.26956521739130435,
            "f1-score": 0.20394736842105263,
            "support": 115.0
        },
        "-": {
            "precision": 0.0,
            "recall": 0.0,
            "f1-score": 0.0,
            "support": 0.0
        },
        "accuracy": 0.5263724434876211,
        "macro avg": {
            "precision": 0.35054005751198575,
            "recall": 0.34819792388198906,
            "f1-score": 0.3452425467042465,
            "support": 929.0
        },
        "weighted avg": {
            "precision": 0.5652589631468296,
            "recall": 0.5263724434876211,
            "f1-score": 0.5425491583070439,
            "support": 929.0
        }
    },
    "ee": {
        "<": {
            "precision": 0.67170626349892,
            "recall": 0.6027131782945736,
            "f1-score": 0.6353421859039836,
            "support": 516.0
        },
        ">": {
            "precision": 0.4435028248587571,
            "recall": 0.5268456375838926,
            "f1-score": 0.4815950920245399,
            "support": 298.0
        },
        "=": {
            "precision": 0.14285714285714285,
            "recall": 0.1391304347826087,
            "f1-score": 0.14096916299559473,
            "support": 115.0
        },
        "-": {
            "precision": 0.0,
            "recall": 0.0,
            "f1-score": 0.0,
            "support": 0.0
        },
        "accuracy": 0.5209903121636168,
        "macro avg": {
            "precision": 0.31451655780370497,
            "recall": 0.31717231266526874,
            "f1-score": 0.3144766102310295,
            "support": 929.0
        },
        "weighted avg": {
            "precision": 0.5330385847168179,
            "recall": 0.5209903121636168,
            "f1-score": 0.5248260054835971,
            "support": 929.0
        }
    },
    "se": {
        "<": {
            "precision": 0.8342618384401114,
            "recall": 0.8296398891966759,
            "f1-score": 0.8319444444444445,
            "support": 722.0
        },
        ">": {
            "precision": 0.4039408866995074,
            "recall": 0.41414141414141414,
            "f1-score": 0.4089775561097257,
            "support": 198.0
        },
        "=": {
            "precision": 0.0,
            "recall": 0.0,
            "f1-score": 0.0,
            "support": 9.0
        },
        "-": {
            "precision": 0.0,
            "recall": 0.0,
            "f1-score": 0.0,
            "support": 0.0
        },
        "accuracy": 0.7330462863293864,
        "macro avg": {
            "precision": 0.3095506812849047,
            "recall": 0.3109453258345225,
            "f1-score": 0.31023050013854253,
            "support": 929.0
        },
        "weighted avg": {
            "precision": 0.7344643088485069,
            "recall": 0.7330462863293864,
            "f1-score": 0.7337367545733203,
            "support": 929.0
        }
    },
    "es": {
        "<": {
            "precision": 0.5764192139737991,
            "recall": 0.4,
            "f1-score": 0.47227191413237923,
            "support": 330.0
        },
        ">": {
            "precision": 0.7091172214182344,
            "recall": 0.8291032148900169,
            "f1-score": 0.7644305772230889,
            "support": 591.0
        },
        "=": {
            "precision": 0.0,
            "recall": 0.0,
            "f1-score": 0.0,
            "support": 8.0
        },
        "-": {
            "precision": 0.0,
            "recall": 0.0,
            "f1-score": 0.0,
            "support": 0.0
        },
        "accuracy": 0.6695371367061357,
        "macro avg": {
            "precision": 0.3213841088480084,
            "recall": 0.30727580372250424,
            "f1-score": 0.309175622838867,
            "support": 929.0
        },
        "weighted avg": {
            "precision": 0.6558736474375998,
            "recall": 0.6695371367061357,
            "f1-score": 0.6540669567303883,
            "support": 929.0
        }
    }
}