{
    "<": {
        "precision": 0.6898086337338674,
        "recall": 0.7765531062124249,
        "f1-score": 0.7306151308036767,
        "support": 1996.0
    },
    ">": {
        "precision": 0.6634692246203038,
        "recall": 0.5634758995247794,
        "f1-score": 0.6093979441997063,
        "support": 1473.0
    },
    "=": {
        "precision": 0.29357798165137616,
        "recall": 0.2591093117408907,
        "f1-score": 0.2752688172043011,
        "support": 247.0
    },
    "-": {
        "precision": 0.0,
        "recall": 0.0,
        "f1-score": 0.0,
        "support": 0.0
    },
    "accuracy": 0.6576964477933261,
    "macro avg": {
        "precision": 0.4117139600013868,
        "recall": 0.3997845793695238,
        "f1-score": 0.40382047305192104,
        "support": 3716.0
    },
    "weighted avg": {
        "precision": 0.6530306679941864,
        "recall": 0.6576964477933261,
        "f1-score": 0.6522988080569883,
        "support": 3716.0
    },
    "type": {},
    "ss": {
        "<": {
            "precision": 0.6118811881188119,
            "recall": 0.7219626168224299,
            "f1-score": 0.662379421221865,
            "support": 428.0
        },
        ">": {
            "precision": 0.6477611940298508,
            "recall": 0.5621761658031088,
            "f1-score": 0.6019417475728155,
            "support": 386.0
        },
        "=": {
            "precision": 0.30337078651685395,
            "recall": 0.23478260869565218,
            "f1-score": 0.2647058823529412,
            "support": 115.0
        },
        "-": {
            "precision": 0.0,
            "recall": 0.0,
            "f1-score": 0.0,
            "support": 0.0
        },
        "accuracy": 0.5952637244348762,
        "macro avg": {
            "precision": 0.39075329216637916,
            "recall": 0.3797303478302977,
            "f1-score": 0.3822567627869054,
            "support": 929.0
        },
        "weighted avg": {
            "precision": 0.5885991494723489,
            "recall": 0.5952637244348762,
            "f1-score": 0.5880399174560315,
            "support": 929.0
        }
    },
    "ee": {
        "<": {
            "precision": 0.6488673139158576,
            "recall": 0.7771317829457365,
            "f1-score": 0.7072310405643739,
            "support": 516.0
        },
        ">": {
            "precision": 0.5405405405405406,
            "recall": 0.33557046979865773,
            "f1-score": 0.4140786749482402,
            "support": 298.0
        },
        "=": {
            "precision": 0.29365079365079366,
            "recall": 0.3217391304347826,
            "f1-score": 0.3070539419087137,
            "support": 115.0
        },
        "-": {
            "precision": 0.0,
            "recall": 0.0,
            "f1-score": 0.0,
            "support": 0.0
        },
        "accuracy": 0.5791173304628633,
        "macro avg": {
            "precision": 0.370764662026798,
            "recall": 0.35861034579479417,
            "f1-score": 0.35709091435533197,
            "support": 929.0
        },
        "weighted avg": {
            "precision": 0.5701468851792303,
            "recall": 0.5791173304628633,
            "f1-score": 0.5636575515449889,
            "support": 929.0
        }
    },
    "se": {
        "<": {
            "precision": 0.802784222737819,
            "recall": 0.9584487534626038,
            "f1-score": 0.8737373737373737,
            "support": 722.0
        },
        ">": {
            "precision": 0.5384615384615384,
            "recall": 0.17676767676767677,
            "f1-score": 0.2661596958174905,
            "support": 198.0
        },
        "=": {
            "precision": 0.0,
            "recall": 0.0,
            "f1-score": 0.0,
            "support": 9.0
        },
        "-": {
            "precision": 0.0,
            "recall": 0.0,
            "f1-score": 0.0,
            "support": 0.0
        },
        "accuracy": 0.7825618945102261,
        "macro avg": {
            "precision": 0.3353114402998394,
            "recall": 0.28380410755757013,
            "f1-score": 0.28497426738871606,
            "support": 929.0
        },
        "weighted avg": {
            "precision": 0.738671252348859,
            "recall": 0.7825618945102261,
            "f1-score": 0.7357782600756156,
            "support": 929.0
        }
    },
    "es": {
        "<": {
            "precision": 0.5648854961832062,
            "recall": 0.4484848484848485,
            "f1-score": 0.5,
            "support": 330.0
        },
        ">": {
            "precision": 0.7177177177177178,
            "recall": 0.8087986463620981,
            "f1-score": 0.7605409705648369,
            "support": 591.0
        },
        "=": {
            "precision": 0.0,
            "recall": 0.0,
            "f1-score": 0.0,
            "support": 8.0
        },
        "-": {
            "precision": 0.0,
            "recall": 0.0,
            "f1-score": 0.0,
            "support": 0.0
        },
        "accuracy": 0.673842841765339,
        "macro avg": {
            "precision": 0.320650803475231,
            "recall": 0.31432087371173667,
            "f1-score": 0.31513524264120923,
            "support": 929.0
        },
        "weighted avg": {
            "precision": 0.6572479923698915,
            "recall": 0.673842841765339,
            "f1-score": 0.6614421029104615,
            "support": 929.0
        }
    }
}