{
    "<": {
        "precision": 0.7256885890949972,
        "recall": 0.6467935871743486,
        "f1-score": 0.6839735099337748,
        "support": 1996.0
    },
    ">": {
        "precision": 0.5790123456790124,
        "recall": 0.636795655125594,
        "f1-score": 0.6065308761720013,
        "support": 1473.0
    },
    "=": {
        "precision": 0.15309446254071662,
        "recall": 0.1902834008097166,
        "f1-score": 0.16967509025270758,
        "support": 247.0
    },
    "-": {
        "precision": 0.0,
        "recall": 0.0,
        "f1-score": 0.0,
        "support": 0.0
    },
    "accuracy": 0.61248654467169,
    "macro avg": {
        "precision": 0.3644488493286816,
        "recall": 0.3684681607774148,
        "f1-score": 0.3650448690896209,
        "support": 3716.0
    },
    "weighted avg": {
        "precision": 0.6294870670792134,
        "recall": 0.61248654467169,
        "f1-score": 0.6190906495483292,
        "support": 3716.0
    },
    "type": {},
    "ss": {
        "<": {
            "precision": 0.6747967479674797,
            "recall": 0.5817757009345794,
            "f1-score": 0.6248431618569636,
            "support": 428.0
        },
        ">": {
            "precision": 0.5633423180592992,
            "recall": 0.5414507772020726,
            "f1-score": 0.5521796565389696,
            "support": 386.0
        },
        "=": {
            "precision": 0.164021164021164,
            "recall": 0.26956521739130435,
            "f1-score": 0.20394736842105263,
            "support": 115.0
        },
        "-": {
            "precision": 0.0,
            "recall": 0.0,
            "f1-score": 0.0,
            "support": 0.0
        },
        "accuracy": 0.5263724434876211,
        "macro avg": {
            "precision": 0.35054005751198575,
            "recall": 0.34819792388198906,
            "f1-score": 0.3452425467042465,
            "support": 929.0
        },
        "weighted avg": {
            "precision": 0.5652589631468296,
            "recall": 0.5263724434876211,
            "f1-score": 0.5425491583070439,
            "support": 929.0
        }
    },
    "ee": {
        "<": {
            "precision": 0.67170626349892,
            "recall": 0.6027131782945736,
            "f1-score": 0.6353421859039836,
            "support": 516.0
        },
        ">": {
            "precision": 0.4422535211267606,
            "recall": 0.5268456375838926,
            "f1-score": 0.48085758039816234,
            "support": 298.0
        },
        "=": {
            "precision": 0.14414414414414414,
            "recall": 0.1391304347826087,
            "f1-score": 0.1415929203539823,
            "support": 115.0
        },
        "-": {
            "precision": 0.0,
            "recall": 0.0,
            "f1-score": 0.0,
            "support": 0.0
        },
        "accuracy": 0.5209903121636168,
        "macro avg": {
            "precision": 0.3145259821924562,
            "recall": 0.31717231266526874,
            "f1-score": 0.31444817166403205,
            "support": 929.0
        },
        "weighted avg": {
            "precision": 0.5327971559072056,
            "recall": 0.5209903121636168,
            "f1-score": 0.5246666444841936,
            "support": 929.0
        }
    },
    "se": {
        "<": {
            "precision": 0.8342618384401114,
            "recall": 0.8296398891966759,
            "f1-score": 0.8319444444444445,
            "support": 722.0
        },
        ">": {
            "precision": 0.4039408866995074,
            "recall": 0.41414141414141414,
            "f1-score": 0.4089775561097257,
            "support": 198.0
        },
        "=": {
            "precision": 0.0,
            "recall": 0.0,
            "f1-score": 0.0,
            "support": 9.0
        },
        "-": {
            "precision": 0.0,
            "recall": 0.0,
            "f1-score": 0.0,
            "support": 0.0
        },
        "accuracy": 0.7330462863293864,
        "macro avg": {
            "precision": 0.3095506812849047,
            "recall": 0.3109453258345225,
            "f1-score": 0.31023050013854253,
            "support": 929.0
        },
        "weighted avg": {
            "precision": 0.7344643088485069,
            "recall": 0.7330462863293864,
            "f1-score": 0.7337367545733203,
            "support": 929.0
        }
    },
    "es": {
        "<": {
            "precision": 0.5764192139737991,
            "recall": 0.4,
            "f1-score": 0.47227191413237923,
            "support": 330.0
        },
        ">": {
            "precision": 0.7091172214182344,
            "recall": 0.8291032148900169,
            "f1-score": 0.7644305772230889,
            "support": 591.0
        },
        "=": {
            "precision": 0.0,
            "recall": 0.0,
            "f1-score": 0.0,
            "support": 8.0
        },
        "-": {
            "precision": 0.0,
            "recall": 0.0,
            "f1-score": 0.0,
            "support": 0.0
        },
        "accuracy": 0.6695371367061357,
        "macro avg": {
            "precision": 0.3213841088480084,
            "recall": 0.30727580372250424,
            "f1-score": 0.309175622838867,
            "support": 929.0
        },
        "weighted avg": {
            "precision": 0.6558736474375998,
            "recall": 0.6695371367061357,
            "f1-score": 0.6540669567303883,
            "support": 929.0
        }
    }
}