{
    "<": {
        "precision": 0.7463768115942029,
        "recall": 0.6708416833667334,
        "f1-score": 0.7065963060686016,
        "support": 1996.0
    },
    ">": {
        "precision": 0.6286644951140065,
        "recall": 0.6551255940257977,
        "f1-score": 0.6416223404255319,
        "support": 1473.0
    },
    "=": {
        "precision": 0.19363395225464192,
        "recall": 0.29554655870445345,
        "f1-score": 0.23397435897435898,
        "support": 247.0
    },
    "-": {
        "precision": 0.0,
        "recall": 0.0,
        "f1-score": 0.0,
        "support": 0.0
    },
    "accuracy": 0.6396663078579118,
    "macro avg": {
        "precision": 0.39216881474071286,
        "recall": 0.40537845902424613,
        "f1-score": 0.3955482513671231,
        "support": 3716.0
    },
    "weighted avg": {
        "precision": 0.6629759158912425,
        "recall": 0.6396663078579118,
        "f1-score": 0.6494261574344466,
        "support": 3716.0
    },
    "confidence": {
        "accuracy": {
            "lower": 0.6254036598493004,
            "upper": 0.6555435952637244
        },
        "macro avg": {
            "precision": {
                "lower": 0.38045658484440253,
                "upper": 0.4049885882806023
            },
            "recall": {
                "lower": 0.38979496166162564,
                "upper": 0.4221306154346209
            },
            "f1-score": {
                "lower": 0.3822522533095579,
                "upper": 0.4097228391264607
            }
        },
        "weighted avg": {
            "precision": {
                "lower": 0.6480996973761332,
                "upper": 0.6803955427968553
            },
            "recall": {
                "lower": 0.6254036598493004,
                "upper": 0.6555435952637244
            },
            "f1-score": {
                "lower": 0.6347561518607976,
                "upper": 0.6660082014215897
            }
        }
    },
    "type": {},
    "ss": {
        "<": {
            "precision": 0.6557377049180327,
            "recall": 0.5607476635514018,
            "f1-score": 0.6045340050377834,
            "support": 428.0
        },
        ">": {
            "precision": 0.5883905013192612,
            "recall": 0.5777202072538861,
            "f1-score": 0.5830065359477125,
            "support": 386.0
        },
        "=": {
            "precision": 0.18478260869565216,
            "recall": 0.2956521739130435,
            "f1-score": 0.22742474916387959,
            "support": 115.0
        },
        "-": {
            "precision": 0.0,
            "recall": 0.0,
            "f1-score": 0.0,
            "support": 0.0
        },
        "accuracy": 0.534983853606028,
        "macro avg": {
            "precision": 0.3572277037332365,
            "recall": 0.35853001117958283,
            "f1-score": 0.35374132253734386,
            "support": 929.0
        },
        "weighted avg": {
            "precision": 0.5694558355373013,
            "recall": 0.534983853606028,
            "f1-score": 0.5489073446564418,
            "support": 929.0
        }
    },
    "ee": {
        "<": {
            "precision": 0.7195652173913043,
            "recall": 0.6414728682170543,
            "f1-score": 0.6782786885245902,
            "support": 516.0
        },
        ">": {
            "precision": 0.5412186379928315,
            "recall": 0.5067114093959731,
            "f1-score": 0.5233968804159446,
            "support": 298.0
        },
        "=": {
            "precision": 0.20526315789473684,
            "recall": 0.3391304347826087,
            "f1-score": 0.25573770491803277,
            "support": 115.0
        },
        "-": {
            "precision": 0.0,
            "recall": 0.0,
            "f1-score": 0.0,
            "support": 0.0
        },
        "accuracy": 0.5608180839612487,
        "macro avg": {
            "precision": 0.3665117533197182,
            "recall": 0.371828678098909,
            "f1-score": 0.36435331846464186,
            "support": 929.0
        },
        "weighted avg": {
            "precision": 0.5986911404237583,
            "recall": 0.5608180839612487,
            "f1-score": 0.576290537899046,
            "support": 929.0
        }
    },
    "se": {
        "<": {
            "precision": 0.8337628865979382,
            "recall": 0.8961218836565097,
            "f1-score": 0.8638184245660881,
            "support": 722.0
        },
        ">": {
            "precision": 0.5069444444444444,
            "recall": 0.3686868686868687,
            "f1-score": 0.4269005847953216,
            "support": 198.0
        },
        "=": {
            "precision": 0.0,
            "recall": 0.0,
            "f1-score": 0.0,
            "support": 9.0
        },
        "-": {
            "precision": 0.0,
            "recall": 0.0,
            "f1-score": 0.0,
            "support": 0.0
        },
        "accuracy": 0.77502691065662,
        "macro avg": {
            "precision": 0.3351768327605956,
            "recall": 0.3162021880858446,
            "f1-score": 0.32267975234035245,
            "support": 929.0
        },
        "weighted avg": {
            "precision": 0.7560299290890328,
            "recall": 0.77502691065662,
            "f1-score": 0.7623285450228087,
            "support": 929.0
        }
    },
    "es": {
        "<": {
            "precision": 0.6302083333333334,
            "recall": 0.36666666666666664,
            "f1-score": 0.46360153256704983,
            "support": 330.0
        },
        ">": {
            "precision": 0.7066848567530696,
            "recall": 0.8764805414551607,
            "f1-score": 0.7824773413897281,
            "support": 591.0
        },
        "=": {
            "precision": 0.0,
            "recall": 0.0,
            "f1-score": 0.0,
            "support": 8.0
        },
        "-": {
            "precision": 0.0,
            "recall": 0.0,
            "f1-score": 0.0,
            "support": 0.0
        },
        "accuracy": 0.6878363832077503,
        "macro avg": {
            "precision": 0.33422329752160074,
            "recall": 0.31078680203045683,
            "f1-score": 0.31151971848919446,
            "support": 929.0
        },
        "weighted avg": {
            "precision": 0.6734332619387128,
            "recall": 0.6878363832077503,
            "f1-score": 0.6624678304719653,
            "support": 929.0
        }
    }
}