{
    "<": {
        "precision": 0.7892632781267847,
        "recall": 0.6923847695390781,
        "f1-score": 0.737656792100347,
        "support": 1996.0
    },
    ">": {
        "precision": 0.675483870967742,
        "recall": 0.7107942973523421,
        "f1-score": 0.6926893814091961,
        "support": 1473.0
    },
    "=": {
        "precision": 0.21804511278195488,
        "recall": 0.3522267206477733,
        "f1-score": 0.2693498452012384,
        "support": 247.0
    },
    "-": {
        "precision": 0.0,
        "recall": 0.0,
        "f1-score": 0.0,
        "support": 0.0
    },
    "accuracy": 0.6770721205597416,
    "macro avg": {
        "precision": 0.42069806546912036,
        "recall": 0.4388514468847984,
        "f1-score": 0.42492400467769537,
        "support": 3716.0
    },
    "weighted avg": {
        "precision": 0.7061933229100346,
        "recall": 0.6770721205597416,
        "f1-score": 0.6887039363866373,
        "support": 3716.0
    },
    "type": {},
    "ss": {
        "<": {
            "precision": 0.7180232558139535,
            "recall": 0.5771028037383178,
            "f1-score": 0.6398963730569949,
            "support": 428.0
        },
        ">": {
            "precision": 0.6575682382133995,
            "recall": 0.6865284974093264,
            "f1-score": 0.6717363751584284,
            "support": 386.0
        },
        "=": {
            "precision": 0.2032967032967033,
            "recall": 0.3217391304347826,
            "f1-score": 0.24915824915824916,
            "support": 115.0
        },
        "-": {
            "precision": 0.0,
            "recall": 0.0,
            "f1-score": 0.0,
            "support": 0.0
        },
        "accuracy": 0.5909580193756727,
        "macro avg": {
            "precision": 0.39472204933101407,
            "recall": 0.3963426078956067,
            "f1-score": 0.3901977493434181,
            "support": 929.0
        },
        "weighted avg": {
            "precision": 0.6291866677264427,
            "recall": 0.5909580193756727,
            "f1-score": 0.6047568214561312,
            "support": 929.0
        }
    },
    "ee": {
        "<": {
            "precision": 0.7711670480549199,
            "recall": 0.6531007751937985,
            "f1-score": 0.7072402938090241,
            "support": 516.0
        },
        ">": {
            "precision": 0.6028880866425993,
            "recall": 0.5604026845637584,
            "f1-score": 0.5808695652173913,
            "support": 298.0
        },
        "=": {
            "precision": 0.23255813953488372,
            "recall": 0.43478260869565216,
            "f1-score": 0.30303030303030304,
            "support": 115.0
        },
        "-": {
            "precision": 0.0,
            "recall": 0.0,
            "f1-score": 0.0,
            "support": 0.0
        },
        "accuracy": 0.596340150699677,
        "macro avg": {
            "precision": 0.4016533185581007,
            "recall": 0.41207151711330225,
            "f1-score": 0.39778504051417957,
            "support": 929.0
        },
        "weighted avg": {
            "precision": 0.6505134904869159,
            "recall": 0.596340150699677,
            "f1-score": 0.6166669611288739,
            "support": 929.0
        }
    },
    "se": {
        "<": {
            "precision": 0.8532467532467533,
            "recall": 0.909972299168975,
            "f1-score": 0.8806970509383378,
            "support": 722.0
        },
        ">": {
            "precision": 0.5751633986928104,
            "recall": 0.4444444444444444,
            "f1-score": 0.5014245014245015,
            "support": 198.0
        },
        "=": {
            "precision": 0.0,
            "recall": 0.0,
            "f1-score": 0.0,
            "support": 9.0
        },
        "-": {
            "precision": 0.0,
            "recall": 0.0,
            "f1-score": 0.0,
            "support": 0.0
        },
        "accuracy": 0.8019375672766416,
        "macro avg": {
            "precision": 0.3571025379848909,
            "recall": 0.33860418590335484,
            "f1-score": 0.3455303880907098,
            "support": 929.0
        },
        "weighted avg": {
            "precision": 0.7857120654309282,
            "recall": 0.8019375672766416,
            "f1-score": 0.7913297331103673,
            "support": 929.0
        }
    },
    "es": {
        "<": {
            "precision": 0.705,
            "recall": 0.42727272727272725,
            "f1-score": 0.5320754716981132,
            "support": 330.0
        },
        ">": {
            "precision": 0.7350069735006973,
            "recall": 0.8917089678510999,
            "f1-score": 0.8058103975535168,
            "support": 591.0
        },
        "=": {
            "precision": 0.0,
            "recall": 0.0,
            "f1-score": 0.0,
            "support": 8.0
        },
        "-": {
            "precision": 0.0,
            "recall": 0.0,
            "f1-score": 0.0,
            "support": 0.0
        },
        "accuracy": 0.7190527448869752,
        "macro avg": {
            "precision": 0.3600017433751743,
            "recall": 0.3297454237809568,
            "f1-score": 0.3344714673129075,
            "support": 929.0
        },
        "weighted avg": {
            "precision": 0.7180184298588935,
            "recall": 0.7190527448869752,
            "f1-score": 0.7016349306937629,
            "support": 929.0
        }
    }
}