{
    "<": {
        "precision": 0.733923578751165,
        "recall": 0.7890781563126252,
        "f1-score": 0.7605021728633511,
        "support": 1996.0
    },
    ">": {
        "precision": 0.7433547204399633,
        "recall": 0.5505770536320435,
        "f1-score": 0.6326053042121685,
        "support": 1473.0
    },
    "=": {
        "precision": 0.23024830699774265,
        "recall": 0.41295546558704455,
        "f1-score": 0.2956521739130435,
        "support": 247.0
    },
    "-": {
        "precision": 0.0,
        "recall": 0.0,
        "f1-score": 0.0,
        "support": 0.0
    },
    "accuracy": 0.6695371367061357,
    "macro avg": {
        "precision": 0.42688165154721774,
        "recall": 0.43815266888292836,
        "f1-score": 0.4221899127471408,
        "support": 3716.0
    },
    "weighted avg": {
        "precision": 0.704183072719008,
        "recall": 0.6695371367061357,
        "f1-score": 0.6789063608978189,
        "support": 3716.0
    },
    "confidence": {
        "accuracy": {
            "lower": 0.6544604413347686,
            "upper": 0.6854144241119483
        },
        "macro avg": {
            "precision": {
                "lower": 0.41456249877153617,
                "upper": 0.4391323394894501
            },
            "recall": {
                "lower": 0.42135928026119557,
                "upper": 0.45494248234711937
            },
            "f1-score": {
                "lower": 0.40809122834289835,
                "upper": 0.43575036015996793
            }
        },
        "weighted avg": {
            "precision": {
                "lower": 0.689093880214917,
                "upper": 0.7206237784618968
            },
            "recall": {
                "lower": 0.6544604413347686,
                "upper": 0.6854144241119483
            },
            "f1-score": {
                "lower": 0.6640688884600625,
                "upper": 0.693810052551473
            }
        }
    },
    "type": {},
    "ss": {
        "<": {
            "precision": 0.6955445544554455,
            "recall": 0.6565420560747663,
            "f1-score": 0.6754807692307693,
            "support": 428.0
        },
        ">": {
            "precision": 0.6754098360655738,
            "recall": 0.533678756476684,
            "f1-score": 0.5962373371924746,
            "support": 386.0
        },
        "=": {
            "precision": 0.2465753424657534,
            "recall": 0.46956521739130436,
            "f1-score": 0.32335329341317365,
            "support": 115.0
        },
        "-": {
            "precision": 0.0,
            "recall": 0.0,
            "f1-score": 0.0,
            "support": 0.0
        },
        "accuracy": 0.5823466092572659,
        "macro avg": {
            "precision": 0.4043824332466932,
            "recall": 0.4149465074856886,
            "f1-score": 0.3987678499591044,
            "support": 929.0
        },
        "weighted avg": {
            "precision": 0.6316011091623293,
            "recall": 0.5823466092572659,
            "f1-score": 0.5989655652632717,
            "support": 929.0
        }
    },
    "ee": {
        "<": {
            "precision": 0.674496644295302,
            "recall": 0.7790697674418605,
            "f1-score": 0.7230215827338129,
            "support": 516.0
        },
        ">": {
            "precision": 0.7563025210084033,
            "recall": 0.30201342281879195,
            "f1-score": 0.4316546762589928,
            "support": 298.0
        },
        "=": {
            "precision": 0.22429906542056074,
            "recall": 0.41739130434782606,
            "f1-score": 0.2917933130699088,
            "support": 115.0
        },
        "-": {
            "precision": 0.0,
            "recall": 0.0,
            "f1-score": 0.0,
            "support": 0.0
        },
        "accuracy": 0.581270182992465,
        "macro avg": {
            "precision": 0.4137745576810665,
            "recall": 0.3746186236521197,
            "f1-score": 0.36161739301567863,
            "support": 929.0
        },
        "weighted avg": {
            "precision": 0.6450084093005861,
            "recall": 0.581270182992465,
            "f1-score": 0.5761770303755295,
            "support": 929.0
        }
    },
    "se": {
        "<": {
            "precision": 0.8130081300813008,
            "recall": 0.9695290858725761,
            "f1-score": 0.8843967150979154,
            "support": 722.0
        },
        ">": {
            "precision": 0.6724137931034483,
            "recall": 0.19696969696969696,
            "f1-score": 0.3046875,
            "support": 198.0
        },
        "=": {
            "precision": 0.0,
            "recall": 0.0,
            "f1-score": 0.0,
            "support": 9.0
        },
        "-": {
            "precision": 0.0,
            "recall": 0.0,
            "f1-score": 0.0,
            "support": 0.0
        },
        "accuracy": 0.7954790096878364,
        "macro avg": {
            "precision": 0.3713554807961873,
            "recall": 0.29162469571056826,
            "f1-score": 0.2972710537744788,
            "support": 929.0
        },
        "weighted avg": {
            "precision": 0.7751666318118213,
            "recall": 0.7954790096878364,
            "f1-score": 0.7522740078586597,
            "support": 929.0
        }
    },
    "es": {
        "<": {
            "precision": 0.6736842105263158,
            "recall": 0.5818181818181818,
            "f1-score": 0.624390243902439,
            "support": 330.0
        },
        ">": {
            "precision": 0.7816091954022989,
            "recall": 0.805414551607445,
            "f1-score": 0.7933333333333333,
            "support": 591.0
        },
        "=": {
            "precision": 0.0,
            "recall": 0.0,
            "f1-score": 0.0,
            "support": 8.0
        },
        "-": {
            "precision": 0.0,
            "recall": 0.0,
            "f1-score": 0.0,
            "support": 0.0
        },
        "accuracy": 0.7190527448869752,
        "macro avg": {
            "precision": 0.36382335148215367,
            "recall": 0.34680818335640673,
            "f1-score": 0.3544308943089431,
            "support": 929.0
        },
        "weighted avg": {
            "precision": 0.7365412529132862,
            "recall": 0.7190527448869752,
            "f1-score": 0.7264895376617923,
            "support": 929.0
        }
    }
}