{
    "<": {
        "precision": 0.7783613445378151,
        "recall": 0.7424849699398798,
        "f1-score": 0.76,
        "support": 1996.0
    },
    ">": {
        "precision": 0.687373396353815,
        "recall": 0.6911065852002716,
        "f1-score": 0.6892349356804333,
        "support": 1473.0
    },
    "=": {
        "precision": 0.2795031055900621,
        "recall": 0.3643724696356275,
        "f1-score": 0.3163444639718805,
        "support": 247.0
    },
    "-": {
        "precision": 0.0,
        "recall": 0.0,
        "f1-score": 0.0,
        "support": 0.0
    },
    "accuracy": 0.6969860064585576,
    "macro avg": {
        "precision": 0.43630946162042306,
        "recall": 0.4494910061939448,
        "f1-score": 0.4413948499130784,
        "support": 3716.0
    },
    "weighted avg": {
        "precision": 0.7091355015089866,
        "recall": 0.6969860064585576,
        "f1-score": 0.7024596724591853,
        "support": 3716.0
    },
    "type": {},
    "ss": {
        "<": {
            "precision": 0.7139240506329114,
            "recall": 0.6588785046728972,
            "f1-score": 0.6852976913730255,
            "support": 428.0
        },
        ">": {
            "precision": 0.6840659340659341,
            "recall": 0.6450777202072538,
            "f1-score": 0.664,
            "support": 386.0
        },
        "=": {
            "precision": 0.25882352941176473,
            "recall": 0.3826086956521739,
            "f1-score": 0.3087719298245614,
            "support": 115.0
        },
        "-": {
            "precision": 0.0,
            "recall": 0.0,
            "f1-score": 0.0,
            "support": 0.0
        },
        "accuracy": 0.6189451022604952,
        "macro avg": {
            "precision": 0.41420337852765254,
            "recall": 0.42164123013308125,
            "f1-score": 0.41451740529939674,
            "support": 929.0
        },
        "weighted avg": {
            "precision": 0.6451815394000964,
            "recall": 0.6189451022604952,
            "f1-score": 0.6298387339477712,
            "support": 929.0
        }
    },
    "ee": {
        "<": {
            "precision": 0.7453416149068323,
            "recall": 0.6976744186046512,
            "f1-score": 0.7207207207207207,
            "support": 516.0
        },
        ">": {
            "precision": 0.5589225589225589,
            "recall": 0.5570469798657718,
            "f1-score": 0.5579831932773109,
            "support": 298.0
        },
        "=": {
            "precision": 0.3087248322147651,
            "recall": 0.4,
            "f1-score": 0.3484848484848485,
            "support": 115.0
        },
        "-": {
            "precision": 0.0,
            "recall": 0.0,
            "f1-score": 0.0,
            "support": 0.0
        },
        "accuracy": 0.6157158234660925,
        "macro avg": {
            "precision": 0.4032472515110391,
            "recall": 0.4136803496176057,
            "f1-score": 0.40679719062072006,
            "support": 929.0
        },
        "weighted avg": {
            "precision": 0.6314946733644199,
            "recall": 0.6157158234660925,
            "f1-score": 0.6224398719744759,
            "support": 929.0
        }
    },
    "se": {
        "<": {
            "precision": 0.8474148802017655,
            "recall": 0.9307479224376731,
            "f1-score": 0.8871287128712871,
            "support": 722.0
        },
        ">": {
            "precision": 0.6090225563909775,
            "recall": 0.4090909090909091,
            "f1-score": 0.48942598187311176,
            "support": 198.0
        },
        "=": {
            "precision": 0.0,
            "recall": 0.0,
            "f1-score": 0.0,
            "support": 9.0
        },
        "-": {
            "precision": 0.0,
            "recall": 0.0,
            "f1-score": 0.0,
            "support": 0.0
        },
        "accuracy": 0.8105489773950484,
        "macro avg": {
            "precision": 0.36410935914818576,
            "recall": 0.3349597078821456,
            "f1-score": 0.34413867368609974,
            "support": 929.0
        },
        "weighted avg": {
            "precision": 0.7883961352756601,
            "recall": 0.8105489773950484,
            "f1-score": 0.7937710173347099,
            "support": 929.0
        }
    },
    "es": {
        "<": {
            "precision": 0.721030042918455,
            "recall": 0.509090909090909,
            "f1-score": 0.5968028419182948,
            "support": 330.0
        },
        ">": {
            "precision": 0.759825327510917,
            "recall": 0.883248730964467,
            "f1-score": 0.8169014084507042,
            "support": 591.0
        },
        "=": {
            "precision": 0.0,
            "recall": 0.0,
            "f1-score": 0.0,
            "support": 8.0
        },
        "-": {
            "precision": 0.0,
            "recall": 0.0,
            "f1-score": 0.0,
            "support": 0.0
        },
        "accuracy": 0.7427341227125942,
        "macro avg": {
            "precision": 0.370213842607343,
            "recall": 0.348084910013844,
            "f1-score": 0.35342606259224973,
            "support": 929.0
        },
        "weighted avg": {
            "precision": 0.7395012731130701,
            "recall": 0.7427341227125942,
            "f1-score": 0.7316831757022643,
            "support": 929.0
        }
    }
}