{
    "<": {
        "precision": 0.7736900780379041,
        "recall": 0.6953907815631263,
        "f1-score": 0.7324538258575198,
        "support": 1996.0
    },
    ">": {
        "precision": 0.6519513755598209,
        "recall": 0.691785471826205,
        "f1-score": 0.6712779973649539,
        "support": 1473.0
    },
    "=": {
        "precision": 0.24926686217008798,
        "recall": 0.3441295546558704,
        "f1-score": 0.2891156462585034,
        "support": 247.0
    },
    "-": {
        "precision": 0.0,
        "recall": 0.0,
        "f1-score": 0.0,
        "support": 0.0
    },
    "accuracy": 0.6706135629709364,
    "macro avg": {
        "precision": 0.4187270789419532,
        "recall": 0.43282645201130043,
        "f1-score": 0.4232118673702443,
        "support": 3716.0
    },
    "weighted avg": {
        "precision": 0.6905755346930259,
        "recall": 0.6706135629709364,
        "f1-score": 0.6787357080613662,
        "support": 3716.0
    },
    "type": {},
    "ss": {
        "<": {
            "precision": 0.6831395348837209,
            "recall": 0.5490654205607477,
            "f1-score": 0.6088082901554405,
            "support": 428.0
        },
        ">": {
            "precision": 0.6023255813953489,
            "recall": 0.6709844559585493,
            "f1-score": 0.6348039215686274,
            "support": 386.0
        },
        "=": {
            "precision": 0.25161290322580643,
            "recall": 0.3391304347826087,
            "f1-score": 0.28888888888888886,
            "support": 115.0
        },
        "-": {
            "precision": 0.0,
            "recall": 0.0,
            "f1-score": 0.0,
            "support": 0.0
        },
        "accuracy": 0.573735199138859,
        "macro avg": {
            "precision": 0.384269504876219,
            "recall": 0.38979507782547645,
            "f1-score": 0.38312527515323913,
            "support": 929.0
        },
        "weighted avg": {
            "precision": 0.5961430346822443,
            "recall": 0.573735199138859,
            "f1-score": 0.5800069796924014,
            "support": 929.0
        }
    },
    "ee": {
        "<": {
            "precision": 0.7563025210084033,
            "recall": 0.6976744186046512,
            "f1-score": 0.7258064516129032,
            "support": 516.0
        },
        ">": {
            "precision": 0.5756457564575646,
            "recall": 0.5234899328859061,
            "f1-score": 0.5483304042179262,
            "support": 298.0
        },
        "=": {
            "precision": 0.2541436464088398,
            "recall": 0.4,
            "f1-score": 0.3108108108108108,
            "support": 115.0
        },
        "-": {
            "precision": 0.0,
            "recall": 0.0,
            "f1-score": 0.0,
            "support": 0.0
        },
        "accuracy": 0.604951560818084,
        "macro avg": {
            "precision": 0.3965229809687019,
            "recall": 0.40529108787263934,
            "f1-score": 0.39623691666041005,
            "support": 929.0
        },
        "weighted avg": {
            "precision": 0.6361905873000075,
            "recall": 0.604951560818084,
            "f1-score": 0.6175046638670003,
            "support": 929.0
        }
    },
    "se": {
        "<": {
            "precision": 0.84765625,
            "recall": 0.9016620498614959,
            "f1-score": 0.8738255033557047,
            "support": 722.0
        },
        ">": {
            "precision": 0.5460526315789473,
            "recall": 0.41919191919191917,
            "f1-score": 0.4742857142857143,
            "support": 198.0
        },
        "=": {
            "precision": 0.0,
            "recall": 0.0,
            "f1-score": 0.0,
            "support": 9.0
        },
        "-": {
            "precision": 0.0,
            "recall": 0.0,
            "f1-score": 0.0,
            "support": 0.0
        },
        "accuracy": 0.790096878363832,
        "macro avg": {
            "precision": 0.34842722039473684,
            "recall": 0.3302134922633538,
            "f1-score": 0.33702780441035474,
            "support": 929.0
        },
        "weighted avg": {
            "precision": 0.7751627917681717,
            "recall": 0.790096878363832,
            "f1-score": 0.7802051505397097,
            "support": 929.0
        }
    },
    "es": {
        "<": {
            "precision": 0.6893203883495146,
            "recall": 0.4303030303030303,
            "f1-score": 0.5298507462686567,
            "support": 330.0
        },
        ">": {
            "precision": 0.7338028169014085,
            "recall": 0.8815566835871405,
            "f1-score": 0.8009223674096848,
            "support": 591.0
        },
        "=": {
            "precision": 0.0,
            "recall": 0.0,
            "f1-score": 0.0,
            "support": 8.0
        },
        "-": {
            "precision": 0.0,
            "recall": 0.0,
            "f1-score": 0.0,
            "support": 0.0
        },
        "accuracy": 0.7136706135629709,
        "macro avg": {
            "precision": 0.35578080131273077,
            "recall": 0.32796492847254266,
            "f1-score": 0.3326932784195854,
            "support": 929.0
        },
        "weighted avg": {
            "precision": 0.7116826619419507,
            "recall": 0.7136706135629709,
            "f1-score": 0.6977350542602587,
            "support": 929.0
        }
    }
}