{
    "<": {
        "precision": 0.7298797409805735,
        "recall": 0.7905811623246493,
        "f1-score": 0.759018759018759,
        "support": 1996.0
    },
    ">": {
        "precision": 0.7220883534136546,
        "recall": 0.6103190767141887,
        "f1-score": 0.6615158204562178,
        "support": 1473.0
    },
    "=": {
        "precision": 0.2328767123287671,
        "recall": 0.27530364372469635,
        "f1-score": 0.2523191094619666,
        "support": 247.0
    },
    "-": {
        "precision": 0.0,
        "recall": 0.0,
        "f1-score": 0.0,
        "support": 0.0
    },
    "accuracy": 0.6848762109795479,
    "macro avg": {
        "precision": 0.4212112016807488,
        "recall": 0.4190509706908836,
        "f1-score": 0.41821342223423585,
        "support": 3716.0
    },
    "weighted avg": {
        "precision": 0.6937558276428265,
        "recall": 0.6848762109795479,
        "f1-score": 0.6866891998306129,
        "support": 3716.0
    },
    "type": {},
    "ss": {
        "<": {
            "precision": 0.6595744680851063,
            "recall": 0.7242990654205608,
            "f1-score": 0.6904231625835189,
            "support": 428.0
        },
        ">": {
            "precision": 0.7224080267558528,
            "recall": 0.5595854922279793,
            "f1-score": 0.6306569343065693,
            "support": 386.0
        },
        "=": {
            "precision": 0.23125,
            "recall": 0.3217391304347826,
            "f1-score": 0.2690909090909091,
            "support": 115.0
        },
        "-": {
            "precision": 0.0,
            "recall": 0.0,
            "f1-score": 0.0,
            "support": 0.0
        },
        "accuracy": 0.6060279870828849,
        "macro avg": {
            "precision": 0.4033081237102398,
            "recall": 0.40140592202083064,
            "f1-score": 0.3975427514952493,
            "support": 929.0
        },
        "weighted avg": {
            "precision": 0.6326599791907264,
            "recall": 0.6060279870828849,
            "f1-score": 0.6134339556227517,
            "support": 929.0
        }
    },
    "ee": {
        "<": {
            "precision": 0.6730103806228374,
            "recall": 0.7538759689922481,
            "f1-score": 0.7111517367458866,
            "support": 516.0
        },
        ">": {
            "precision": 0.5844748858447488,
            "recall": 0.42953020134228187,
            "f1-score": 0.4951644100580271,
            "support": 298.0
        },
        "=": {
            "precision": 0.23484848484848486,
            "recall": 0.26956521739130435,
            "f1-score": 0.25101214574898784,
            "support": 115.0
        },
        "-": {
            "precision": 0.0,
            "recall": 0.0,
            "f1-score": 0.0,
            "support": 0.0
        },
        "accuracy": 0.589881593110872,
        "macro avg": {
            "precision": 0.37308343782901776,
            "recall": 0.3632428469314586,
            "f1-score": 0.36433207313822535,
            "support": 929.0
        },
        "weighted avg": {
            "precision": 0.5903707730255059,
            "recall": 0.589881593110872,
            "f1-score": 0.5849081669744921,
            "support": 929.0
        }
    },
    "se": {
        "<": {
            "precision": 0.8244365361803084,
            "recall": 0.9626038781163435,
            "f1-score": 0.8881789137380192,
            "support": 722.0
        },
        ">": {
            "precision": 0.7142857142857143,
            "recall": 0.2777777777777778,
            "f1-score": 0.4,
            "support": 198.0
        },
        "=": {
            "precision": 0.0,
            "recall": 0.0,
            "f1-score": 0.0,
            "support": 9.0
        },
        "-": {
            "precision": 0.0,
            "recall": 0.0,
            "f1-score": 0.0,
            "support": 0.0
        },
        "accuracy": 0.8073196986006459,
        "macro avg": {
            "precision": 0.3846805626165057,
            "recall": 0.31009541397353035,
            "f1-score": 0.3220447284345048,
            "support": 929.0
        },
        "weighted avg": {
            "precision": 0.79297282082966,
            "recall": 0.8073196986006459,
            "f1-score": 0.7755276380181376,
            "support": 929.0
        }
    },
    "es": {
        "<": {
            "precision": 0.6789667896678967,
            "recall": 0.5575757575757576,
            "f1-score": 0.6123128119800333,
            "support": 330.0
        },
        ">": {
            "precision": 0.7692307692307693,
            "recall": 0.8460236886632826,
            "f1-score": 0.8058017727639001,
            "support": 591.0
        },
        "=": {
            "precision": 0.0,
            "recall": 0.0,
            "f1-score": 0.0,
            "support": 8.0
        },
        "-": {
            "precision": 0.0,
            "recall": 0.0,
            "f1-score": 0.0,
            "support": 0.0
        },
        "accuracy": 0.736275565123789,
        "macro avg": {
            "precision": 0.3620493897246665,
            "recall": 0.35089986155976005,
            "f1-score": 0.35452864618598334,
            "support": 929.0
        },
        "weighted avg": {
            "precision": 0.7305429765401406,
            "recall": 0.736275565123789,
            "f1-score": 0.7301314054433541,
            "support": 929.0
        }
    }
}