{
    "BEGINS": {
        "precision": 0.0,
        "recall": 0.0,
        "f1-score": 0.0,
        "support": 2.0
    },
    "IBEFORE": {
        "precision": 0.0,
        "recall": 0.0,
        "f1-score": 0.0,
        "support": 8.0
    },
    "SIMULTANEOUS": {
        "precision": 0.16666666666666666,
        "recall": 0.13636363636363635,
        "f1-score": 0.15,
        "support": 110.0
    },
    "INCLUDES": {
        "precision": 0.0963855421686747,
        "recall": 0.09090909090909091,
        "f1-score": 0.0935672514619883,
        "support": 88.0
    },
    "AFTER": {
        "precision": 0.26732673267326734,
        "recall": 0.13636363636363635,
        "f1-score": 0.1806020066889632,
        "support": 198.0
    },
    "IAFTER": {
        "precision": 0.013157894736842105,
        "recall": 0.1111111111111111,
        "f1-score": 0.023529411764705882,
        "support": 9.0
    },
    "BEFORE": {
        "precision": 0.3783783783783784,
        "recall": 0.08484848484848485,
        "f1-score": 0.13861386138613863,
        "support": 330.0
    },
    "IS_INCLUDED": {
        "precision": 0.18181818181818182,
        "recall": 0.07954545454545454,
        "f1-score": 0.11067193675889328,
        "support": 176.0
    },
    "ENDED_BY": {
        "precision": 0.0,
        "recall": 0.0,
        "f1-score": 0.0,
        "support": 2.0
    },
    "ENDS": {
        "precision": 0.0,
        "recall": 0.0,
        "f1-score": 0.0,
        "support": 3.0
    },
    "BEGUN_BY": {
        "precision": 0.0,
        "recall": 0.0,
        "f1-score": 0.0,
        "support": 3.0
    },
    "accuracy": 0.10010764262648009,
    "macro avg": {
        "precision": 0.10033939967654644,
        "recall": 0.058103764921946736,
        "f1-score": 0.06336222436915356,
        "support": 929.0
    },
    "weighted avg": {
        "precision": 0.2548215716156944,
        "recall": 0.10010764262648009,
        "f1-score": 0.13554974734762432,
        "support": 929.0
    }
}