{
    "BEFORE": {
        "precision": 0.45054945054945056,
        "recall": 0.7454545454545455,
        "f1-score": 0.5616438356164384,
        "support": 330.0
    },
    "IBEFORE": {
        "precision": 0.0,
        "recall": 0.0,
        "f1-score": 0.0,
        "support": 8.0
    },
    "ENDED_BY": {
        "precision": 0.0,
        "recall": 0.0,
        "f1-score": 0.0,
        "support": 2.0
    },
    "BEGUN_BY": {
        "precision": 0.0,
        "recall": 0.0,
        "f1-score": 0.0,
        "support": 3.0
    },
    "INCLUDES": {
        "precision": 0.0,
        "recall": 0.0,
        "f1-score": 0.0,
        "support": 88.0
    },
    "SIMULTANEOUS": {
        "precision": 0.6666666666666666,
        "recall": 0.05454545454545454,
        "f1-score": 0.10084033613445378,
        "support": 110.0
    },
    "IAFTER": {
        "precision": 0.0,
        "recall": 0.0,
        "f1-score": 0.0,
        "support": 9.0
    },
    "IS_INCLUDED": {
        "precision": 0.0,
        "recall": 0.0,
        "f1-score": 0.0,
        "support": 176.0
    },
    "ENDS": {
        "precision": 0.0,
        "recall": 0.0,
        "f1-score": 0.0,
        "support": 3.0
    },
    "AFTER": {
        "precision": 0.29201101928374656,
        "recall": 0.5353535353535354,
        "f1-score": 0.3778966131907308,
        "support": 198.0
    },
    "BEGINS": {
        "precision": 0.0,
        "recall": 0.0,
        "f1-score": 0.0,
        "support": 2.0
    },
    "accuracy": 0.38536060279870826,
    "macro avg": {
        "precision": 0.128111557863624,
        "recall": 0.12139577594123048,
        "f1-score": 0.09458007135832935,
        "support": 929.0
    },
    "weighted avg": {
        "precision": 0.30121941209131736,
        "recall": 0.38536060279870826,
        "f1-score": 0.29198970090417575,
        "support": 929.0
    }
}