{
    "IAFTER": {
        "precision": 0.0,
        "recall": 0.0,
        "f1-score": 0.0,
        "support": 9.0
    },
    "ENDS": {
        "precision": 0.07692307692307693,
        "recall": 0.3333333333333333,
        "f1-score": 0.125,
        "support": 3.0
    },
    "BEGINS": {
        "precision": 0.0,
        "recall": 0.0,
        "f1-score": 0.0,
        "support": 2.0
    },
    "INCLUDES": {
        "precision": 0.0,
        "recall": 0.0,
        "f1-score": 0.0,
        "support": 88.0
    },
    "BEFORE": {
        "precision": 0.5153846153846153,
        "recall": 0.6090909090909091,
        "f1-score": 0.5583333333333333,
        "support": 330.0
    },
    "IBEFORE": {
        "precision": 0.0,
        "recall": 0.0,
        "f1-score": 0.0,
        "support": 8.0
    },
    "IS_INCLUDED": {
        "precision": 0.0,
        "recall": 0.0,
        "f1-score": 0.0,
        "support": 176.0
    },
    "SIMULTANEOUS": {
        "precision": 0.2608695652173913,
        "recall": 0.05454545454545454,
        "f1-score": 0.09022556390977443,
        "support": 110.0
    },
    "BEGUN_BY": {
        "precision": 0.0,
        "recall": 0.0,
        "f1-score": 0.0,
        "support": 3.0
    },
    "AFTER": {
        "precision": 0.30062630480167013,
        "recall": 0.7272727272727273,
        "f1-score": 0.4254062038404727,
        "support": 198.0
    },
    "ENDED_BY": {
        "precision": 0.0,
        "recall": 0.0,
        "f1-score": 0.0,
        "support": 2.0
    },
    "accuracy": 0.3789020452099031,
    "macro avg": {
        "precision": 0.10489123293879579,
        "recall": 0.15674931129476585,
        "f1-score": 0.10899682737123459,
        "support": 929.0
    },
    "weighted avg": {
        "precision": 0.2782856327581658,
        "recall": 0.3789020452099031,
        "f1-score": 0.30008637286381995,
        "support": 929.0
    }
}