{
    "IBEFORE": {
        "precision": 0.0,
        "recall": 0.0,
        "f1-score": 0.0,
        "support": 8.0
    },
    "BEGUN_BY": {
        "precision": 0.0,
        "recall": 0.0,
        "f1-score": 0.0,
        "support": 3.0
    },
    "IS_INCLUDED": {
        "precision": 0.0,
        "recall": 0.0,
        "f1-score": 0.0,
        "support": 176.0
    },
    "ENDS": {
        "precision": 0.0,
        "recall": 0.0,
        "f1-score": 0.0,
        "support": 3.0
    },
    "BEFORE": {
        "precision": 0.41225165562913907,
        "recall": 0.7545454545454545,
        "f1-score": 0.5331905781584583,
        "support": 330.0
    },
    "BEGINS": {
        "precision": 0.0,
        "recall": 0.0,
        "f1-score": 0.0,
        "support": 2.0
    },
    "ENDED_BY": {
        "precision": 0.0,
        "recall": 0.0,
        "f1-score": 0.0,
        "support": 2.0
    },
    "AFTER": {
        "precision": 0.36551724137931035,
        "recall": 0.5353535353535354,
        "f1-score": 0.4344262295081967,
        "support": 198.0
    },
    "INCLUDES": {
        "precision": 0.0,
        "recall": 0.0,
        "f1-score": 0.0,
        "support": 88.0
    },
    "SIMULTANEOUS": {
        "precision": 0.42857142857142855,
        "recall": 0.02727272727272727,
        "f1-score": 0.05128205128205128,
        "support": 110.0
    },
    "IAFTER": {
        "precision": 0.0,
        "recall": 0.0,
        "f1-score": 0.0,
        "support": 9.0
    },
    "accuracy": 0.38536060279870826,
    "macro avg": {
        "precision": 0.10966730232544344,
        "recall": 0.11974288337924702,
        "f1-score": 0.09262716899533693,
        "support": 929.0
    },
    "weighted avg": {
        "precision": 0.2750896849231178,
        "recall": 0.38536060279870826,
        "f1-score": 0.2880627662819589,
        "support": 929.0
    }
}