{
    "BEFORE": {
        "precision": 0.15942028985507245,
        "recall": 0.2,
        "f1-score": 0.1774193548387097,
        "support": 330.0
    },
    "AFTER": {
        "precision": 0.0957683741648107,
        "recall": 0.21717171717171718,
        "f1-score": 0.13292117465224113,
        "support": 198.0
    },
    "ENDED_BY": {
        "precision": 0.0,
        "recall": 0.0,
        "f1-score": 0.0,
        "support": 2.0
    },
    "IAFTER": {
        "precision": 0.0,
        "recall": 0.0,
        "f1-score": 0.0,
        "support": 9.0
    },
    "INCLUDES": {
        "precision": 0.0,
        "recall": 0.0,
        "f1-score": 0.0,
        "support": 88.0
    },
    "BEGINS": {
        "precision": 0.0,
        "recall": 0.0,
        "f1-score": 0.0,
        "support": 2.0
    },
    "IS_INCLUDED": {
        "precision": 0.0,
        "recall": 0.0,
        "f1-score": 0.0,
        "support": 176.0
    },
    "IBEFORE": {
        "precision": 0.0,
        "recall": 0.0,
        "f1-score": 0.0,
        "support": 8.0
    },
    "BEGUN_BY": {
        "precision": 0.0,
        "recall": 0.0,
        "f1-score": 0.0,
        "support": 3.0
    },
    "SIMULTANEOUS": {
        "precision": 0.3448275862068966,
        "recall": 0.18181818181818182,
        "f1-score": 0.23809523809523808,
        "support": 110.0
    },
    "ENDS": {
        "precision": 0.0,
        "recall": 0.0,
        "f1-score": 0.0,
        "support": 3.0
    },
    "accuracy": 0.13885898815931108,
    "macro avg": {
        "precision": 0.054546931838798156,
        "recall": 0.054453627180899904,
        "f1-score": 0.049857797053289896,
        "support": 929.0
    },
    "weighted avg": {
        "precision": 0.11787068699630252,
        "recall": 0.13885898815931108,
        "f1-score": 0.11954494711344901,
        "support": 929.0
    }
}