{
    "IS_INCLUDED": {
        "precision": 0.0,
        "recall": 0.0,
        "f1-score": 0.0,
        "support": 176.0
    },
    "BEGINS": {
        "precision": 0.0,
        "recall": 0.0,
        "f1-score": 0.0,
        "support": 2.0
    },
    "INCLUDES": {
        "precision": 0.0,
        "recall": 0.0,
        "f1-score": 0.0,
        "support": 88.0
    },
    "ENDED_BY": {
        "precision": 0.0,
        "recall": 0.0,
        "f1-score": 0.0,
        "support": 2.0
    },
    "IAFTER": {
        "precision": 0.0,
        "recall": 0.0,
        "f1-score": 0.0,
        "support": 9.0
    },
    "ENDS": {
        "precision": 0.0,
        "recall": 0.0,
        "f1-score": 0.0,
        "support": 3.0
    },
    "BEGUN_BY": {
        "precision": 0.0,
        "recall": 0.0,
        "f1-score": 0.0,
        "support": 3.0
    },
    "AFTER": {
        "precision": 0.5357142857142857,
        "recall": 0.3787878787878788,
        "f1-score": 0.4437869822485207,
        "support": 198.0
    },
    "SIMULTANEOUS": {
        "precision": 0.29411764705882354,
        "recall": 0.045454545454545456,
        "f1-score": 0.07874015748031496,
        "support": 110.0
    },
    "BEFORE": {
        "precision": 0.39501312335958005,
        "recall": 0.9121212121212121,
        "f1-score": 0.5512820512820513,
        "support": 330.0
    },
    "IBEFORE": {
        "precision": 0.0,
        "recall": 0.0,
        "f1-score": 0.0,
        "support": 8.0
    },
    "micro avg": {
        "precision": 0.4110032362459547,
        "recall": 0.4101184068891281,
        "f1-score": 0.4105603448275862,
        "support": 929.0
    },
    "macro avg": {
        "precision": 0.11134955055751722,
        "recall": 0.12148760330578513,
        "f1-score": 0.09761901736462608,
        "support": 929.0
    },
    "weighted avg": {
        "precision": 0.28932045259048506,
        "recall": 0.4101184068891281,
        "f1-score": 0.299735540076554,
        "support": 929.0
    }
}