{
    "IS_INCLUDED": {
        "precision": 0.0,
        "recall": 0.0,
        "f1-score": 0.0,
        "support": 176.0
    },
    "ENDS": {
        "precision": 0.0,
        "recall": 0.0,
        "f1-score": 0.0,
        "support": 3.0
    },
    "BEFORE": {
        "precision": 0.2018348623853211,
        "recall": 0.2,
        "f1-score": 0.2009132420091324,
        "support": 330.0
    },
    "AFTER": {
        "precision": 0.12195121951219512,
        "recall": 0.30303030303030304,
        "f1-score": 0.17391304347826086,
        "support": 198.0
    },
    "ENDED_BY": {
        "precision": 0.0,
        "recall": 0.0,
        "f1-score": 0.0,
        "support": 2.0
    },
    "SIMULTANEOUS": {
        "precision": 0.27906976744186046,
        "recall": 0.21818181818181817,
        "f1-score": 0.24489795918367346,
        "support": 110.0
    },
    "IAFTER": {
        "precision": 0.0,
        "recall": 0.0,
        "f1-score": 0.0,
        "support": 9.0
    },
    "BEGINS": {
        "precision": 0.0,
        "recall": 0.0,
        "f1-score": 0.0,
        "support": 2.0
    },
    "BEGUN_BY": {
        "precision": 0.0,
        "recall": 0.0,
        "f1-score": 0.0,
        "support": 3.0
    },
    "IBEFORE": {
        "precision": 0.0,
        "recall": 0.0,
        "f1-score": 0.0,
        "support": 8.0
    },
    "INCLUDES": {
        "precision": 0.0,
        "recall": 0.0,
        "f1-score": 0.0,
        "support": 88.0
    },
    "accuracy": 0.16146393972012918,
    "macro avg": {
        "precision": 0.05480507721267061,
        "recall": 0.06556473829201102,
        "f1-score": 0.056338567697369696,
        "support": 929.0
    },
    "weighted avg": {
        "precision": 0.13073145368049002,
        "recall": 0.16146393972012918,
        "f1-score": 0.13743264583629003,
        "support": 929.0
    }
}