{
    "SIMULTANEOUS": {
        "precision": 0.5,
        "recall": 0.00909090909090909,
        "f1-score": 0.017857142857142856,
        "support": 110.0
    },
    "BEGINS": {
        "precision": 0.0,
        "recall": 0.0,
        "f1-score": 0.0,
        "support": 2.0
    },
    "BEFORE": {
        "precision": 0.407557354925776,
        "recall": 0.9151515151515152,
        "f1-score": 0.5639589169000934,
        "support": 330.0
    },
    "INCLUDES": {
        "precision": 0.0,
        "recall": 0.0,
        "f1-score": 0.0,
        "support": 88.0
    },
    "IS_INCLUDED": {
        "precision": 0.0,
        "recall": 0.0,
        "f1-score": 0.0,
        "support": 176.0
    },
    "BEGUN_BY": {
        "precision": 0.0,
        "recall": 0.0,
        "f1-score": 0.0,
        "support": 3.0
    },
    "ENDED_BY": {
        "precision": 0.0,
        "recall": 0.0,
        "f1-score": 0.0,
        "support": 2.0
    },
    "IBEFORE": {
        "precision": 0.0,
        "recall": 0.0,
        "f1-score": 0.0,
        "support": 8.0
    },
    "IAFTER": {
        "precision": 0.0,
        "recall": 0.0,
        "f1-score": 0.0,
        "support": 9.0
    },
    "AFTER": {
        "precision": 0.5191256830601093,
        "recall": 0.4797979797979798,
        "f1-score": 0.49868766404199477,
        "support": 198.0
    },
    "ENDS": {
        "precision": 0.0,
        "recall": 0.0,
        "f1-score": 0.0,
        "support": 3.0
    },
    "micro avg": {
        "precision": 0.42934196332254587,
        "recall": 0.4284176533907427,
        "f1-score": 0.42887931034482757,
        "support": 929.0
    },
    "macro avg": {
        "precision": 0.12969845799871685,
        "recall": 0.12764003673094582,
        "f1-score": 0.09822761125447554,
        "support": 929.0
    },
    "weighted avg": {
        "precision": 0.31461874313391575,
        "recall": 0.4284176533907427,
        "f1-score": 0.3087307704753837,
        "support": 929.0
    }
}