{
    "INCLUDES": {
        "precision": 0.0,
        "recall": 0.0,
        "f1-score": 0.0,
        "support": 88.0
    },
    "IBEFORE": {
        "precision": 0.0,
        "recall": 0.0,
        "f1-score": 0.0,
        "support": 8.0
    },
    "ENDED_BY": {
        "precision": 0.0,
        "recall": 0.0,
        "f1-score": 0.0,
        "support": 2.0
    },
    "BEGINS": {
        "precision": 0.0,
        "recall": 0.0,
        "f1-score": 0.0,
        "support": 2.0
    },
    "BEGUN_BY": {
        "precision": 0.0,
        "recall": 0.0,
        "f1-score": 0.0,
        "support": 3.0
    },
    "SIMULTANEOUS": {
        "precision": 0.46153846153846156,
        "recall": 0.10909090909090909,
        "f1-score": 0.17647058823529413,
        "support": 110.0
    },
    "BEFORE": {
        "precision": 0.40129449838187703,
        "recall": 0.7515151515151515,
        "f1-score": 0.5232067510548524,
        "support": 330.0
    },
    "IS_INCLUDED": {
        "precision": 0.0,
        "recall": 0.0,
        "f1-score": 0.0,
        "support": 176.0
    },
    "AFTER": {
        "precision": 0.2692307692307692,
        "recall": 0.35353535353535354,
        "f1-score": 0.3056768558951965,
        "support": 198.0
    },
    "ENDS": {
        "precision": 0.0,
        "recall": 0.0,
        "f1-score": 0.0,
        "support": 3.0
    },
    "IAFTER": {
        "precision": 0.0,
        "recall": 0.0,
        "f1-score": 0.0,
        "support": 9.0
    },
    "micro avg": {
        "precision": 0.35560344827586204,
        "recall": 0.35522066738428415,
        "f1-score": 0.3554119547657512,
        "support": 929.0
    },
    "macro avg": {
        "precision": 0.10291488446828252,
        "recall": 0.11037649219467402,
        "f1-score": 0.09139583592594028,
        "support": 929.0
    },
    "weighted avg": {
        "precision": 0.2545792330925108,
        "recall": 0.35522066738428415,
        "f1-score": 0.2718988267182266,
        "support": 929.0
    }
}