{
    "IAFTER": {
        "precision": 0.0,
        "recall": 0.0,
        "f1-score": 0.0,
        "support": 9.0
    },
    "ENDS": {
        "precision": 0.0,
        "recall": 0.0,
        "f1-score": 0.0,
        "support": 3.0
    },
    "BEFORE": {
        "precision": 0.40129449838187703,
        "recall": 0.7515151515151515,
        "f1-score": 0.5232067510548524,
        "support": 330.0
    },
    "IS_INCLUDED": {
        "precision": 0.0,
        "recall": 0.0,
        "f1-score": 0.0,
        "support": 176.0
    },
    "BEGINS": {
        "precision": 0.0,
        "recall": 0.0,
        "f1-score": 0.0,
        "support": 2.0
    },
    "BEGUN_BY": {
        "precision": 0.0,
        "recall": 0.0,
        "f1-score": 0.0,
        "support": 3.0
    },
    "INCLUDES": {
        "precision": 0.0,
        "recall": 0.0,
        "f1-score": 0.0,
        "support": 88.0
    },
    "SIMULTANEOUS": {
        "precision": 0.35714285714285715,
        "recall": 0.045454545454545456,
        "f1-score": 0.08064516129032258,
        "support": 110.0
    },
    "AFTER": {
        "precision": 0.2692307692307692,
        "recall": 0.35353535353535354,
        "f1-score": 0.3056768558951965,
        "support": 198.0
    },
    "ENDED_BY": {
        "precision": 0.0,
        "recall": 0.0,
        "f1-score": 0.0,
        "support": 2.0
    },
    "IBEFORE": {
        "precision": 0.0,
        "recall": 0.0,
        "f1-score": 0.0,
        "support": 8.0
    },
    "micro avg": {
        "precision": 0.36210762331838564,
        "recall": 0.34768568353067814,
        "f1-score": 0.35475013728720484,
        "support": 929.0
    },
    "macro avg": {
        "precision": 0.09342437497777302,
        "recall": 0.10459136822773187,
        "f1-score": 0.08268443347639741,
        "support": 929.0
    },
    "weighted avg": {
        "precision": 0.24221807433738,
        "recall": 0.34768568353067814,
        "f1-score": 0.26055243601430106,
        "support": 929.0
    }
}