{
    "IS_INCLUDED": {
        "precision": 0.0,
        "recall": 0.0,
        "f1-score": 0.0,
        "support": 176.0
    },
    "SIMULTANEOUS": {
        "precision": 0.0,
        "recall": 0.0,
        "f1-score": 0.0,
        "support": 110.0
    },
    "ENDED_BY": {
        "precision": 0.0,
        "recall": 0.0,
        "f1-score": 0.0,
        "support": 2.0
    },
    "BEFORE": {
        "precision": 0.4822834645669291,
        "recall": 0.7424242424242424,
        "f1-score": 0.5847255369928401,
        "support": 330.0
    },
    "INCLUDES": {
        "precision": 0.0,
        "recall": 0.0,
        "f1-score": 0.0,
        "support": 88.0
    },
    "BEGUN_BY": {
        "precision": 0.0,
        "recall": 0.0,
        "f1-score": 0.0,
        "support": 3.0
    },
    "ENDS": {
        "precision": 0.0,
        "recall": 0.0,
        "f1-score": 0.0,
        "support": 3.0
    },
    "AFTER": {
        "precision": 0.3261904761904762,
        "recall": 0.6919191919191919,
        "f1-score": 0.44336569579288027,
        "support": 198.0
    },
    "BEGINS": {
        "precision": 0.0,
        "recall": 0.0,
        "f1-score": 0.0,
        "support": 2.0
    },
    "IAFTER": {
        "precision": 0.0,
        "recall": 0.0,
        "f1-score": 0.0,
        "support": 9.0
    },
    "IBEFORE": {
        "precision": 0.0,
        "recall": 0.0,
        "f1-score": 0.0,
        "support": 8.0
    },
    "accuracy": 0.41119483315392896,
    "macro avg": {
        "precision": 0.07349763097794594,
        "recall": 0.13039485766758493,
        "f1-score": 0.09346283934415639,
        "support": 929.0
    },
    "weighted avg": {
        "precision": 0.24083881333993637,
        "recall": 0.41119483315392896,
        "f1-score": 0.3022021905001373,
        "support": 929.0
    }
}