{
    "<": {
        "precision": 0.534516765285996,
        "recall": 0.2526806526806527,
        "f1-score": 0.34314656536878757,
        "support": 6435.0
    },
    ">": {
        "precision": 0.44859504132231404,
        "recall": 0.2561827449499717,
        "f1-score": 0.32612352799807737,
        "support": 5297.0
    },
    "=": {
        "precision": 0.02907168814007268,
        "recall": 0.23466666666666666,
        "f1-score": 0.05173427395649618,
        "support": 375.0
    },
    "-": {
        "precision": 0.005218525766470972,
        "recall": 0.3018867924528302,
        "f1-score": 0.010259698621352998,
        "support": 53.0
    },
    "accuracy": 0.25386513157894736,
    "macro avg": {
        "precision": 0.25435050512871343,
        "recall": 0.2613542141875303,
        "f1-score": 0.18281601648617854,
        "support": 12160.0
    },
    "weighted avg": {
        "precision": 0.47919422561001906,
        "recall": 0.25386513157894736,
        "f1-score": 0.32529346979560697,
        "support": 12160.0
    },
    "confidence": {
        "accuracy": {
            "lower": 0.2462109375,
            "upper": 0.26135074013157894
        },
        "macro avg": {
            "precision": {
                "lower": 0.24810601494285026,
                "upper": 0.26090840833632734
            },
            "recall": {
                "lower": 0.23077058601073064,
                "upper": 0.29668177475813884
            },
            "f1-score": {
                "lower": 0.17716457730787857,
                "upper": 0.18875206768019506
            }
        },
        "weighted avg": {
            "precision": {
                "lower": 0.46716126520441803,
                "upper": 0.491088111988158
            },
            "recall": {
                "lower": 0.2462109375,
                "upper": 0.26135074013157894
            },
            "f1-score": {
                "lower": 0.3165288239558922,
                "upper": 0.33431841689051883
            }
        }
    },
    "type": {},
    "ss": {
        "<": {
            "precision": 0.49875,
            "recall": 0.26742627345844505,
            "f1-score": 0.3481675392670157,
            "support": 1492.0
        },
        ">": {
            "precision": 0.4697173620457604,
            "recall": 0.25381818181818183,
            "f1-score": 0.3295561850802644,
            "support": 1375.0
        },
        "=": {
            "precision": 0.057692307692307696,
            "recall": 0.24277456647398843,
            "f1-score": 0.0932297447280799,
            "support": 173.0
        },
        "-": {
            "precision": 0.0,
            "recall": 0.0,
            "f1-score": 0.0,
            "support": 0.0
        },
        "accuracy": 0.2598684210526316,
        "macro avg": {
            "precision": 0.25653991743451704,
            "recall": 0.19100475543765383,
            "f1-score": 0.19273836726884,
            "support": 3040.0
        },
        "weighted avg": {
            "precision": 0.460518796724898,
            "recall": 0.2598684210526316,
            "f1-score": 0.3252416016150358,
            "support": 3040.0
        }
    },
    "ee": {
        "<": {
            "precision": 0.531578947368421,
            "recall": 0.24425634824667472,
            "f1-score": 0.3347141673570837,
            "support": 1654.0
        },
        ">": {
            "precision": 0.38780804150453957,
            "recall": 0.24751655629139072,
            "f1-score": 0.3021728145528044,
            "support": 1208.0
        },
        "=": {
            "precision": 0.05412719891745602,
            "recall": 0.2247191011235955,
            "f1-score": 0.08724100327153762,
            "support": 178.0
        },
        "-": {
            "precision": 0.0,
            "recall": 0.0,
            "f1-score": 0.0,
            "support": 0.0
        },
        "accuracy": 0.2444078947368421,
        "macro avg": {
            "precision": 0.24337854694760416,
            "recall": 0.17912300141541523,
            "f1-score": 0.18103199629535643,
            "support": 3040.0
        },
        "weighted avg": {
            "precision": 0.4464928731882103,
            "recall": 0.2444078947368421,
            "f1-score": 0.30729305637195325,
            "support": 3040.0
        }
    },
    "se": {
        "<": {
            "precision": 0.6615186615186616,
            "recall": 0.26131164209456026,
            "f1-score": 0.3746355685131195,
            "support": 1967.0
        },
        ">": {
            "precision": 0.3632707774798928,
            "recall": 0.26310679611650484,
            "f1-score": 0.30518018018018017,
            "support": 1030.0
        },
        "=": {
            "precision": 0.002600780234070221,
            "recall": 0.18181818181818182,
            "f1-score": 0.005128205128205128,
            "support": 11.0
        },
        "-": {
            "precision": 0.0106951871657754,
            "recall": 0.25,
            "f1-score": 0.020512820512820513,
            "support": 32.0
        },
        "accuracy": 0.26151315789473684,
        "macro avg": {
            "precision": 0.2595213515996,
            "recall": 0.23905915500731173,
            "f1-score": 0.17636419358358132,
            "support": 3040.0
        },
        "weighted avg": {
            "precision": 0.5512325534813738,
            "recall": 0.26151315789473684,
            "f1-score": 0.3460383451854317,
            "support": 3040.0
        }
    },
    "es": {
        "<": {
            "precision": 0.43829787234042555,
            "recall": 0.23373676248108927,
            "f1-score": 0.3048840651208683,
            "support": 1322.0
        },
        ">": {
            "precision": 0.5725490196078431,
            "recall": 0.26009501187648454,
            "f1-score": 0.35769701919150676,
            "support": 1684.0
        },
        "=": {
            "precision": 0.0050568900126422255,
            "recall": 0.3076923076923077,
            "f1-score": 0.009950248756218905,
            "support": 13.0
        },
        "-": {
            "precision": 0.010269576379974325,
            "recall": 0.38095238095238093,
            "f1-score": 0.02,
            "support": 21.0
        },
        "accuracy": 0.24967105263157896,
        "macro avg": {
            "precision": 0.2565433395852213,
            "recall": 0.2956191157505656,
            "f1-score": 0.17313283326714848,
            "support": 3040.0
        },
        "weighted avg": {
            "precision": 0.5078564924104586,
            "recall": 0.24967105263157896,
            "f1-score": 0.3309104827770119,
            "support": 3040.0
        }
    }
}