{
    "<": {
        "precision": 0.5355099293167284,
        "recall": 0.24724164724164724,
        "f1-score": 0.3382947055071231,
        "support": 6435.0
    },
    ">": {
        "precision": 0.43952134540750326,
        "recall": 0.25656031716065697,
        "f1-score": 0.3239957086661104,
        "support": 5297.0
    },
    "=": {
        "precision": 0.02753195673549656,
        "recall": 0.224,
        "f1-score": 0.04903677758318739,
        "support": 375.0
    },
    "-": {
        "precision": 0.004267892317793828,
        "recall": 0.24528301886792453,
        "f1-score": 0.008389803162310423,
        "support": 53.0
    },
    "accuracy": 0.25057565789473685,
    "macro avg": {
        "precision": 0.2517077809443805,
        "recall": 0.24327124581755716,
        "f1-score": 0.17992924872968283,
        "support": 12160.0
    },
    "weighted avg": {
        "precision": 0.47571559571096594,
        "recall": 0.25057565789473685,
        "f1-score": 0.3217076603539491,
        "support": 12160.0
    },
    "type": {},
    "ss": {
        "<": {
            "precision": 0.4939759036144578,
            "recall": 0.24731903485254692,
            "f1-score": 0.3296114336757481,
            "support": 1492.0
        },
        ">": {
            "precision": 0.4725415070242657,
            "recall": 0.2690909090909091,
            "f1-score": 0.34291010194624655,
            "support": 1375.0
        },
        "=": {
            "precision": 0.04539385847797063,
            "recall": 0.19653179190751446,
            "f1-score": 0.0737527114967462,
            "support": 173.0
        },
        "-": {
            "precision": 0.0,
            "recall": 0.0,
            "f1-score": 0.0,
            "support": 0.0
        },
        "accuracy": 0.2542763157894737,
        "macro avg": {
            "precision": 0.25297781727917357,
            "recall": 0.1782354339627426,
            "f1-score": 0.18656856177968523,
            "support": 3040.0
        },
        "weighted avg": {
            "precision": 0.4587532098249426,
            "recall": 0.2542763157894737,
            "f1-score": 0.3210660751017244,
            "support": 3040.0
        }
    },
    "ee": {
        "<": {
            "precision": 0.5446194225721784,
            "recall": 0.250906892382104,
            "f1-score": 0.3435430463576159,
            "support": 1654.0
        },
        ">": {
            "precision": 0.3973684210526316,
            "recall": 0.25,
            "f1-score": 0.30691056910569103,
            "support": 1208.0
        },
        "=": {
            "precision": 0.05578800557880056,
            "recall": 0.2247191011235955,
            "f1-score": 0.0893854748603352,
            "support": 178.0
        },
        "-": {
            "precision": 0.0,
            "recall": 0.0,
            "f1-score": 0.0,
            "support": 0.0
        },
        "accuracy": 0.24901315789473685,
        "macro avg": {
            "precision": 0.24944396230090266,
            "recall": 0.1814064983764249,
            "f1-score": 0.18495977258091054,
            "support": 3040.0
        },
        "weighted avg": {
            "precision": 0.4574841587365094,
            "recall": 0.24901315789473685,
            "f1-score": 0.31410486206589183,
            "support": 3040.0
        }
    },
    "se": {
        "<": {
            "precision": 0.655359565807327,
            "recall": 0.24555160142348753,
            "f1-score": 0.3572485207100592,
            "support": 1967.0
        },
        ">": {
            "precision": 0.3342002600780234,
            "recall": 0.24951456310679612,
            "f1-score": 0.2857142857142857,
            "support": 1030.0
        },
        "=": {
            "precision": 0.005069708491761723,
            "recall": 0.36363636363636365,
            "f1-score": 0.01,
            "support": 11.0
        },
        "-": {
            "precision": 0.006711409395973154,
            "recall": 0.15625,
            "f1-score": 0.01287001287001287,
            "support": 32.0
        },
        "accuracy": 0.24638157894736842,
        "macro avg": {
            "precision": 0.25033523594327134,
            "recall": 0.25373813204166185,
            "f1-score": 0.16645820482358945,
            "support": 3040.0
        },
        "weighted avg": {
            "precision": 0.5373648242491635,
            "recall": 0.24638157894736842,
            "f1-score": 0.32813006412310564,
            "support": 3040.0
        }
    },
    "es": {
        "<": {
            "precision": 0.44689655172413795,
            "recall": 0.24508320726172467,
            "f1-score": 0.3165608207132389,
            "support": 1322.0
        },
        ">": {
            "precision": 0.5512820512820513,
            "recall": 0.25534441805225655,
            "f1-score": 0.349025974025974,
            "support": 1684.0
        },
        "=": {
            "precision": 0.007537688442211055,
            "recall": 0.46153846153846156,
            "f1-score": 0.014833127317676144,
            "support": 13.0
        },
        "-": {
            "precision": 0.010825439783491205,
            "recall": 0.38095238095238093,
            "f1-score": 0.021052631578947368,
            "support": 21.0
        },
        "accuracy": 0.25263157894736843,
        "macro avg": {
            "precision": 0.2541354328079729,
            "recall": 0.33572961695120596,
            "f1-score": 0.1753681384089591,
            "support": 3040.0
        },
        "weighted avg": {
            "precision": 0.49982945392219963,
            "recall": 0.25263157894736843,
            "f1-score": 0.3312131845924111,
            "support": 3040.0
        }
    }
}