{
    "<": {
        "precision": 0.6637613141133087,
        "recall": 0.6153846153846154,
        "f1-score": 0.6386581727280058,
        "support": 6435.0
    },
    ">": {
        "precision": 0.6307986609277858,
        "recall": 0.4980177458939022,
        "f1-score": 0.5565987973414918,
        "support": 5297.0
    },
    "=": {
        "precision": 0.05864811133200795,
        "recall": 0.31466666666666665,
        "f1-score": 0.09886887306242145,
        "support": 375.0
    },
    "-": {
        "precision": 0.0,
        "recall": 0.0,
        "f1-score": 0.0,
        "support": 53.0
    },
    "accuracy": 0.5523026315789473,
    "macro avg": {
        "precision": 0.3383020215932756,
        "recall": 0.35701725698629605,
        "f1-score": 0.3235314607829798,
        "support": 12160.0
    },
    "weighted avg": {
        "precision": 0.6278484872535466,
        "recall": 0.5523026315789473,
        "f1-score": 0.5834823189490961,
        "support": 12160.0
    },
    "type": {},
    "ss": {
        "<": {
            "precision": 0.6280436607892528,
            "recall": 0.5013404825737265,
            "f1-score": 0.5575847931420053,
            "support": 1492.0
        },
        ">": {
            "precision": 0.6577825159914712,
            "recall": 0.44872727272727275,
            "f1-score": 0.5335062689148292,
            "support": 1375.0
        },
        "=": {
            "precision": 0.05378704720087816,
            "recall": 0.2832369942196532,
            "f1-score": 0.09040590405904059,
            "support": 173.0
        },
        "-": {
            "precision": 0.0,
            "recall": 0.0,
            "f1-score": 0.0,
            "support": 0.0
        },
        "accuracy": 0.4651315789473684,
        "macro avg": {
            "precision": 0.3349033059954005,
            "recall": 0.30832618738016315,
            "f1-score": 0.29537424152896874,
            "support": 3040.0
        },
        "weighted avg": {
            "precision": 0.6088148883393388,
            "recall": 0.4651315789473684,
            "f1-score": 0.5201078462263079,
            "support": 3040.0
        }
    },
    "ee": {
        "<": {
            "precision": 0.6631578947368421,
            "recall": 0.5332527206771464,
            "f1-score": 0.5911528150134048,
            "support": 1654.0
        },
        ">": {
            "precision": 0.6169871794871795,
            "recall": 0.31870860927152317,
            "f1-score": 0.4203056768558952,
            "support": 1208.0
        },
        "=": {
            "precision": 0.06353591160220995,
            "recall": 0.38764044943820225,
            "f1-score": 0.10917721518987342,
            "support": 178.0
        },
        "-": {
            "precision": 0.0,
            "recall": 0.0,
            "f1-score": 0.0,
            "support": 0.0
        },
        "accuracy": 0.4394736842105263,
        "macro avg": {
            "precision": 0.33592024645655794,
            "recall": 0.3099004448467179,
            "f1-score": 0.2801589267647933,
            "support": 3040.0
        },
        "weighted avg": {
            "precision": 0.6097016654540931,
            "recall": 0.4394736842105263,
            "f1-score": 0.49504261775588493,
            "support": 3040.0
        }
    },
    "se": {
        "<": {
            "precision": 0.68160117517444,
            "recall": 0.9435688866293849,
            "f1-score": 0.7914712153518124,
            "support": 1967.0
        },
        ">": {
            "precision": 0.6378205128205128,
            "recall": 0.19320388349514564,
            "f1-score": 0.2965722801788376,
            "support": 1030.0
        },
        "=": {
            "precision": 0.0,
            "recall": 0.0,
            "f1-score": 0.0,
            "support": 11.0
        },
        "-": {
            "precision": 0.0,
            "recall": 0.0,
            "f1-score": 0.0,
            "support": 32.0
        },
        "accuracy": 0.6759868421052632,
        "macro avg": {
            "precision": 0.3298554219987382,
            "recall": 0.2841931925311326,
            "f1-score": 0.2720108738826625,
            "support": 3040.0
        },
        "weighted avg": {
            "precision": 0.6571265262412012,
            "recall": 0.6759868421052632,
            "f1-score": 0.6125964898622427,
            "support": 3040.0
        }
    },
    "es": {
        "<": {
            "precision": 0.6565096952908587,
            "recall": 0.3585476550680787,
            "f1-score": 0.4637964774951076,
            "support": 1322.0
        },
        ">": {
            "precision": 0.6226169844020797,
            "recall": 0.8533254156769596,
            "f1-score": 0.719939879759519,
            "support": 1684.0
        },
        "=": {
            "precision": 0.0,
            "recall": 0.0,
            "f1-score": 0.0,
            "support": 13.0
        },
        "-": {
            "precision": 0.0,
            "recall": 0.0,
            "f1-score": 0.0,
            "support": 21.0
        },
        "accuracy": 0.6286184210526315,
        "macro avg": {
            "precision": 0.3197816699232346,
            "recall": 0.30296826768625956,
            "f1-score": 0.29593408931365667,
            "support": 3040.0
        },
        "weighted avg": {
            "precision": 0.6303923746406636,
            "recall": 0.6286184210526315,
            "f1-score": 0.6004992436722244,
            "support": 3040.0
        }
    }
}