{
    "<": {
        "precision": 0.7371372031662269,
        "recall": 0.6946386946386947,
        "f1-score": 0.7152572205776462,
        "support": 6435.0
    },
    ">": {
        "precision": 0.6816568047337278,
        "recall": 0.6524447800641873,
        "f1-score": 0.6667309732806019,
        "support": 5297.0
    },
    "=": {
        "precision": 0.14150943396226415,
        "recall": 0.36,
        "f1-score": 0.20316027088036118,
        "support": 375.0
    },
    "-": {
        "precision": 0.027777777777777776,
        "recall": 0.03773584905660377,
        "f1-score": 0.032,
        "support": 53.0
    },
    "accuracy": 0.6630756578947369,
    "macro avg": {
        "precision": 0.3970203049099991,
        "recall": 0.4362048309398714,
        "f1-score": 0.40428711618465235,
        "support": 12160.0
    },
    "weighted avg": {
        "precision": 0.6915092316617844,
        "recall": 0.6630756578947369,
        "f1-score": 0.6753482961730787,
        "support": 12160.0
    },
    "type": {},
    "ss": {
        "<": {
            "precision": 0.7055167055167055,
            "recall": 0.6085790884718498,
            "f1-score": 0.6534724721122706,
            "support": 1492.0
        },
        ">": {
            "precision": 0.6747648902821317,
            "recall": 0.6261818181818182,
            "f1-score": 0.6495662014334214,
            "support": 1375.0
        },
        "=": {
            "precision": 0.14046121593291405,
            "recall": 0.3872832369942196,
            "f1-score": 0.20615384615384616,
            "support": 173.0
        },
        "-": {
            "precision": 0.0,
            "recall": 0.0,
            "f1-score": 0.0,
            "support": 0.0
        },
        "accuracy": 0.6039473684210527,
        "macro avg": {
            "precision": 0.38018570293293785,
            "recall": 0.4055110359119719,
            "f1-score": 0.37729812992488454,
            "support": 3040.0
        },
        "weighted avg": {
            "precision": 0.659451460238569,
            "recall": 0.6039473684210527,
            "f1-score": 0.6262496943246966,
            "support": 3040.0
        }
    },
    "ee": {
        "<": {
            "precision": 0.7316762268961122,
            "recall": 0.694074969770254,
            "f1-score": 0.7123797704002482,
            "support": 1654.0
        },
        ">": {
            "precision": 0.6783216783216783,
            "recall": 0.5620860927152318,
            "f1-score": 0.6147578089633319,
            "support": 1208.0
        },
        "=": {
            "precision": 0.14498933901918976,
            "recall": 0.38202247191011235,
            "f1-score": 0.21020092735703247,
            "support": 178.0
        },
        "-": {
            "precision": 0.0,
            "recall": 0.0,
            "f1-score": 0.0,
            "support": 0.0
        },
        "accuracy": 0.6233552631578947,
        "macro avg": {
            "precision": 0.38874681105924513,
            "recall": 0.40954588359889954,
            "f1-score": 0.38433462668015317,
            "support": 3040.0
        },
        "weighted avg": {
            "precision": 0.6761227529750569,
            "recall": 0.6233552631578947,
            "f1-score": 0.6441839929405484,
            "support": 3040.0
        }
    },
    "se": {
        "<": {
            "precision": 0.7566045907319185,
            "recall": 0.8881545500762582,
            "f1-score": 0.8171188026192704,
            "support": 1967.0
        },
        ">": {
            "precision": 0.6776504297994269,
            "recall": 0.45922330097087377,
            "f1-score": 0.5474537037037037,
            "support": 1030.0
        },
        "=": {
            "precision": 0.0,
            "recall": 0.0,
            "f1-score": 0.0,
            "support": 11.0
        },
        "-": {
            "precision": 0.0,
            "recall": 0.0,
            "f1-score": 0.0,
            "support": 32.0
        },
        "accuracy": 0.7302631578947368,
        "macro avg": {
            "precision": 0.35856375513283634,
            "recall": 0.336844462761783,
            "f1-score": 0.3411431265807435,
            "support": 3040.0
        },
        "weighted avg": {
            "precision": 0.7191517015339124,
            "recall": 0.7302631578947368,
            "f1-score": 0.7141940788049078,
            "support": 3040.0
        }
    },
    "es": {
        "<": {
            "precision": 0.7419354838709677,
            "recall": 0.5045385779122542,
            "f1-score": 0.6006303466906798,
            "support": 1322.0
        },
        ">": {
            "precision": 0.688782816229117,
            "recall": 0.8568883610451307,
            "f1-score": 0.7636940989679809,
            "support": 1684.0
        },
        "=": {
            "precision": 0.0,
            "recall": 0.0,
            "f1-score": 0.0,
            "support": 13.0
        },
        "-": {
            "precision": 0.05263157894736842,
            "recall": 0.09523809523809523,
            "f1-score": 0.06779661016949153,
            "support": 21.0
        },
        "accuracy": 0.6947368421052632,
        "macro avg": {
            "precision": 0.37083746976186327,
            "recall": 0.3641662585488701,
            "f1-score": 0.3580302639570381,
            "support": 3040.0
        },
        "weighted avg": {
            "precision": 0.7045573142648509,
            "recall": 0.6947368421052632,
            "f1-score": 0.6847098387502362,
            "support": 3040.0
        }
    }
}