{
    "<": {
        "precision": 0.704417137163733,
        "recall": 0.6592074592074592,
        "f1-score": 0.6810628562254154,
        "support": 6435.0
    },
    ">": {
        "precision": 0.667501137915339,
        "recall": 0.553709646969983,
        "f1-score": 0.6053038902074089,
        "support": 5297.0
    },
    "=": {
        "precision": 0.08377896613190731,
        "recall": 0.376,
        "f1-score": 0.13702623906705538,
        "support": 375.0
    },
    "-": {
        "precision": 0.0,
        "recall": 0.0,
        "f1-score": 0.0,
        "support": 53.0
    },
    "accuracy": 0.6016447368421053,
    "macro avg": {
        "precision": 0.3639243103027448,
        "recall": 0.3972292765443606,
        "f1-score": 0.3558482463749699,
        "support": 12160.0
    },
    "weighted avg": {
        "precision": 0.666126226766911,
        "recall": 0.6016447368421053,
        "f1-score": 0.6283157093658996,
        "support": 12160.0
    },
    "type": {},
    "ss": {
        "<": {
            "precision": 0.6788207913110939,
            "recall": 0.5864611260053619,
            "f1-score": 0.6292700467457749,
            "support": 1492.0
        },
        ">": {
            "precision": 0.7257876312718786,
            "recall": 0.45236363636363636,
            "f1-score": 0.557347670250896,
            "support": 1375.0
        },
        "=": {
            "precision": 0.07941834451901567,
            "recall": 0.41040462427745666,
            "f1-score": 0.1330834114339269,
            "support": 173.0
        },
        "-": {
            "precision": 0.0,
            "recall": 0.0,
            "f1-score": 0.0,
            "support": 0.0
        },
        "accuracy": 0.5157894736842106,
        "macro avg": {
            "precision": 0.37100669177549706,
            "recall": 0.36230734666161374,
            "f1-score": 0.3299252821076495,
            "support": 3040.0
        },
        "weighted avg": {
            "precision": 0.6659532852752549,
            "recall": 0.5157894736842106,
            "f1-score": 0.5685024297755749,
            "support": 3040.0
        }
    },
    "ee": {
        "<": {
            "precision": 0.7217524980784013,
            "recall": 0.567714631197098,
            "f1-score": 0.6355329949238578,
            "support": 1654.0
        },
        ">": {
            "precision": 0.6121399176954733,
            "recall": 0.4925496688741722,
            "f1-score": 0.5458715596330275,
            "support": 1208.0
        },
        "=": {
            "precision": 0.09126466753585398,
            "recall": 0.39325842696629215,
            "f1-score": 0.14814814814814814,
            "support": 178.0
        },
        "-": {
            "precision": 0.0,
            "recall": 0.0,
            "f1-score": 0.0,
            "support": 0.0
        },
        "accuracy": 0.5276315789473685,
        "macro avg": {
            "precision": 0.3562892708274321,
            "recall": 0.3633806817593906,
            "f1-score": 0.3323881756762584,
            "support": 3040.0
        },
        "weighted avg": {
            "precision": 0.6412791984273649,
            "recall": 0.5276315789473685,
            "f1-score": 0.571366706582608,
            "support": 3040.0
        }
    },
    "se": {
        "<": {
            "precision": 0.704024069198947,
            "recall": 0.9517031011692934,
            "f1-score": 0.8093385214007782,
            "support": 1967.0
        },
        ">": {
            "precision": 0.7471590909090909,
            "recall": 0.25533980582524274,
            "f1-score": 0.38060781476121563,
            "support": 1030.0
        },
        "=": {
            "precision": 0.0,
            "recall": 0.0,
            "f1-score": 0.0,
            "support": 11.0
        },
        "-": {
            "precision": 0.0,
            "recall": 0.0,
            "f1-score": 0.0,
            "support": 32.0
        },
        "accuracy": 0.7023026315789473,
        "macro avg": {
            "precision": 0.36279579002700946,
            "recall": 0.301760726748634,
            "f1-score": 0.29748658404049844,
            "support": 3040.0
        },
        "weighted avg": {
            "precision": 0.7086806604443068,
            "recall": 0.7023026315789473,
            "f1-score": 0.6526299081576917,
            "support": 3040.0
        }
    },
    "es": {
        "<": {
            "precision": 0.7192755498059509,
            "recall": 0.4205748865355522,
            "f1-score": 0.5307875894988067,
            "support": 1322.0
        },
        ">": {
            "precision": 0.6565747853592409,
            "recall": 0.8628266033254157,
            "f1-score": 0.745701821914293,
            "support": 1684.0
        },
        "=": {
            "precision": 0.0,
            "recall": 0.0,
            "f1-score": 0.0,
            "support": 13.0
        },
        "-": {
            "precision": 0.0,
            "recall": 0.0,
            "f1-score": 0.0,
            "support": 21.0
        },
        "accuracy": 0.6608552631578948,
        "macro avg": {
            "precision": 0.34396258379129796,
            "recall": 0.32085037246524195,
            "f1-score": 0.31912235285327495,
            "support": 3040.0
        },
        "weighted avg": {
            "precision": 0.6764980971672464,
            "recall": 0.6608552631578948,
            "f1-score": 0.6439023228358854,
            "support": 3040.0
        }
    }
}