{
    "<": {
        "precision": 0.6728043255881924,
        "recall": 0.7154623154623154,
        "f1-score": 0.6934779334237083,
        "support": 6435.0
    },
    ">": {
        "precision": 0.6872246696035242,
        "recall": 0.4712101189352464,
        "f1-score": 0.5590771642961138,
        "support": 5297.0
    },
    "=": {
        "precision": 0.07920110192837465,
        "recall": 0.30666666666666664,
        "f1-score": 0.12588943623426382,
        "support": 375.0
    },
    "-": {
        "precision": 0.017167381974248927,
        "recall": 0.07547169811320754,
        "f1-score": 0.027972027972027972,
        "support": 53.0
    },
    "accuracy": 0.5936677631578947,
    "macro avg": {
        "precision": 0.36409936977358504,
        "recall": 0.392202699794359,
        "f1-score": 0.35160414048152844,
        "support": 12160.0
    },
    "weighted avg": {
        "precision": 0.6579223021807288,
        "recall": 0.5936677631578947,
        "f1-score": 0.6145274092868787,
        "support": 12160.0
    },
    "type": {},
    "ss": {
        "<": {
            "precision": 0.6437659033078881,
            "recall": 0.67828418230563,
            "f1-score": 0.660574412532637,
            "support": 1492.0
        },
        ">": {
            "precision": 0.7383720930232558,
            "recall": 0.3694545454545455,
            "f1-score": 0.4924866698982065,
            "support": 1375.0
        },
        "=": {
            "precision": 0.07188703465982028,
            "recall": 0.3236994219653179,
            "f1-score": 0.11764705882352941,
            "support": 173.0
        },
        "-": {
            "precision": 0.0,
            "recall": 0.0,
            "f1-score": 0.0,
            "support": 0.0
        },
        "accuracy": 0.5184210526315789,
        "macro avg": {
            "precision": 0.3635062577477411,
            "recall": 0.3428595374313734,
            "f1-score": 0.31767703531359326,
            "support": 3040.0
        },
        "weighted avg": {
            "precision": 0.6540121094205574,
            "recall": 0.5184210526315789,
            "f1-score": 0.5536510315082891,
            "support": 3040.0
        }
    },
    "ee": {
        "<": {
            "precision": 0.6745391705069125,
            "recall": 0.7079806529625151,
            "f1-score": 0.6908554572271386,
            "support": 1654.0
        },
        ">": {
            "precision": 0.6724409448818898,
            "recall": 0.353476821192053,
            "f1-score": 0.46337493217580034,
            "support": 1208.0
        },
        "=": {
            "precision": 0.08819133034379671,
            "recall": 0.33146067415730335,
            "f1-score": 0.13931523022432113,
            "support": 178.0
        },
        "-": {
            "precision": 0.0,
            "recall": 0.0,
            "f1-score": 0.0,
            "support": 0.0
        },
        "accuracy": 0.5450657894736842,
        "macro avg": {
            "precision": 0.35879286143314976,
            "recall": 0.3482295370779679,
            "f1-score": 0.32338640490681503,
            "support": 3040.0
        },
        "weighted avg": {
            "precision": 0.6393731928411026,
            "recall": 0.5450657894736842,
            "f1-score": 0.5681677484545997,
            "support": 3040.0
        }
    },
    "se": {
        "<": {
            "precision": 0.685693377241127,
            "recall": 0.9527198779867819,
            "f1-score": 0.7974468085106383,
            "support": 1967.0
        },
        ">": {
            "precision": 0.8088888888888889,
            "recall": 0.1766990291262136,
            "f1-score": 0.2900398406374502,
            "support": 1030.0
        },
        "=": {
            "precision": 0.0,
            "recall": 0.0,
            "f1-score": 0.0,
            "support": 11.0
        },
        "-": {
            "precision": 0.0125,
            "recall": 0.03125,
            "f1-score": 0.017857142857142856,
            "support": 32.0
        },
        "accuracy": 0.6766447368421052,
        "macro avg": {
            "precision": 0.37677056653250396,
            "recall": 0.2901672267782489,
            "f1-score": 0.27633594800130784,
            "support": 3040.0
        },
        "weighted avg": {
            "precision": 0.7178665883515962,
            "recall": 0.6766447368421052,
            "f1-score": 0.6144376107790881,
            "support": 3040.0
        }
    },
    "es": {
        "<": {
            "precision": 0.6820448877805486,
            "recall": 0.41376701966717094,
            "f1-score": 0.5150659133709982,
            "support": 1322.0
        },
        ">": {
            "precision": 0.6617082533589251,
            "recall": 0.8188836104513064,
            "f1-score": 0.7319532908704883,
            "support": 1684.0
        },
        "=": {
            "precision": 0.0,
            "recall": 0.0,
            "f1-score": 0.0,
            "support": 13.0
        },
        "-": {
            "precision": 0.019736842105263157,
            "recall": 0.14285714285714285,
            "f1-score": 0.03468208092485549,
            "support": 21.0
        },
        "accuracy": 0.6345394736842105,
        "macro avg": {
            "precision": 0.34087249581118423,
            "recall": 0.34387694324390505,
            "f1-score": 0.3204253212915855,
            "support": 3040.0
        },
        "weighted avg": {
            "precision": 0.663287669074515,
            "recall": 0.6345394736842105,
            "f1-score": 0.6296890799347974,
            "support": 3040.0
        }
    }
}