{
    "<": {
        "precision": 0.7043983402489626,
        "recall": 0.6595182595182595,
        "f1-score": 0.6812199036918138,
        "support": 6435.0
    },
    ">": {
        "precision": 0.6671974522292994,
        "recall": 0.553709646969983,
        "f1-score": 0.60517899515114,
        "support": 5297.0
    },
    "=": {
        "precision": 0.08402860548271752,
        "recall": 0.376,
        "f1-score": 0.13735996103263517,
        "support": 375.0
    },
    "-": {
        "precision": 0.0,
        "recall": 0.0,
        "f1-score": 0.0,
        "support": 53.0
    },
    "accuracy": 0.6018092105263158,
    "macro avg": {
        "precision": 0.3639060994902449,
        "recall": 0.3973069766220606,
        "f1-score": 0.3559397149688973,
        "support": 12160.0
    },
    "weighted avg": {
        "precision": 0.6659916900507148,
        "recall": 0.6018092105263158,
        "f1-score": 0.6283547041907606,
        "support": 12160.0
    },
    "confidence": {
        "accuracy": {
            "lower": 0.5935012335526316,
            "upper": 0.6105283717105263
        },
        "macro avg": {
            "precision": {
                "lower": 0.35865200952164383,
                "upper": 0.3697657902673474
            },
            "recall": {
                "lower": 0.38441694463005655,
                "upper": 0.41070048164324235
            },
            "f1-score": {
                "lower": 0.3491505651144624,
                "upper": 0.3631904106958579
            }
        },
        "weighted avg": {
            "precision": {
                "lower": 0.6572379055802413,
                "upper": 0.6750027348258982
            },
            "recall": {
                "lower": 0.5935012335526316,
                "upper": 0.6105283717105263
            },
            "f1-score": {
                "lower": 0.6200008000262898,
                "upper": 0.6371399886419221
            }
        }
    },
    "type": {},
    "ss": {
        "<": {
            "precision": 0.6795965865011637,
            "recall": 0.5871313672922251,
            "f1-score": 0.6299892125134844,
            "support": 1492.0
        },
        ">": {
            "precision": 0.7261072261072261,
            "recall": 0.4530909090909091,
            "f1-score": 0.5579937304075235,
            "support": 1375.0
        },
        "=": {
            "precision": 0.07950727883538634,
            "recall": 0.41040462427745666,
            "f1-score": 0.13320825515947468,
            "support": 173.0
        },
        "-": {
            "precision": 0.0,
            "recall": 0.0,
            "f1-score": 0.0,
            "support": 0.0
        },
        "accuracy": 0.5164473684210527,
        "macro avg": {
            "precision": 0.37130277286094404,
            "recall": 0.3626567251651477,
            "f1-score": 0.3302977995201206,
            "support": 3040.0
        },
        "weighted avg": {
            "precision": 0.6664836520380572,
            "recall": 0.5164473684210527,
            "f1-score": 0.5691547080667937,
            "support": 3040.0
        }
    },
    "ee": {
        "<": {
            "precision": 0.7203065134099617,
            "recall": 0.5683192261185006,
            "f1-score": 0.6353497803311929,
            "support": 1654.0
        },
        ">": {
            "precision": 0.6111111111111112,
            "recall": 0.4917218543046358,
            "f1-score": 0.544954128440367,
            "support": 1208.0
        },
        "=": {
            "precision": 0.09174311926605505,
            "recall": 0.39325842696629215,
            "f1-score": 0.1487778958554729,
            "support": 178.0
        },
        "-": {
            "precision": 0.0,
            "recall": 0.0,
            "f1-score": 0.0,
            "support": 0.0
        },
        "accuracy": 0.5276315789473685,
        "macro avg": {
            "precision": 0.3557901859467819,
            "recall": 0.36332487684735715,
            "f1-score": 0.3322704511567582,
            "support": 3040.0
        },
        "weighted avg": {
            "precision": 0.6401116679709398,
            "recall": 0.5276315789473685,
            "f1-score": 0.570939338580931,
            "support": 3040.0
        }
    },
    "se": {
        "<": {
            "precision": 0.7042889390519187,
            "recall": 0.9517031011692934,
            "f1-score": 0.8095135135135135,
            "support": 1967.0
        },
        ">": {
            "precision": 0.7450424929178471,
            "recall": 0.25533980582524274,
            "f1-score": 0.38033261026753434,
            "support": 1030.0
        },
        "=": {
            "precision": 0.0,
            "recall": 0.0,
            "f1-score": 0.0,
            "support": 11.0
        },
        "-": {
            "precision": 0.0,
            "recall": 0.0,
            "f1-score": 0.0,
            "support": 32.0
        },
        "accuracy": 0.7023026315789473,
        "macro avg": {
            "precision": 0.3623328579924414,
            "recall": 0.301760726748634,
            "f1-score": 0.29746153094526195,
            "support": 3040.0
        },
        "weighted avg": {
            "precision": 0.7081349048751666,
            "recall": 0.7023026315789473,
            "f1-score": 0.6526498913344215,
            "support": 3040.0
        }
    },
    "es": {
        "<": {
            "precision": 0.7192755498059509,
            "recall": 0.4205748865355522,
            "f1-score": 0.5307875894988067,
            "support": 1322.0
        },
        ">": {
            "precision": 0.6565747853592409,
            "recall": 0.8628266033254157,
            "f1-score": 0.745701821914293,
            "support": 1684.0
        },
        "=": {
            "precision": 0.0,
            "recall": 0.0,
            "f1-score": 0.0,
            "support": 13.0
        },
        "-": {
            "precision": 0.0,
            "recall": 0.0,
            "f1-score": 0.0,
            "support": 21.0
        },
        "accuracy": 0.6608552631578948,
        "macro avg": {
            "precision": 0.34396258379129796,
            "recall": 0.32085037246524195,
            "f1-score": 0.31912235285327495,
            "support": 3040.0
        },
        "weighted avg": {
            "precision": 0.6764980971672464,
            "recall": 0.6608552631578948,
            "f1-score": 0.6439023228358854,
            "support": 3040.0
        }
    }
}