{
    "<": {
        "precision": 0.6537496515193755,
        "recall": 0.7288267288267288,
        "f1-score": 0.6892497611874495,
        "support": 6435.0
    },
    ">": {
        "precision": 0.6499717034521788,
        "recall": 0.43364168397205965,
        "f1-score": 0.5202128864228287,
        "support": 5297.0
    },
    "=": {
        "precision": 0.07644628099173553,
        "recall": 0.296,
        "f1-score": 0.12151067323481117,
        "support": 375.0
    },
    "-": {
        "precision": 0.0,
        "recall": 0.0,
        "f1-score": 0.0,
        "support": 53.0
    },
    "accuracy": 0.5837171052631579,
    "macro avg": {
        "precision": 0.34504190899082243,
        "recall": 0.36461710319969715,
        "f1-score": 0.33274333021127234,
        "support": 12160.0
    },
    "weighted avg": {
        "precision": 0.631451190467539,
        "recall": 0.5837171052631579,
        "f1-score": 0.5951033203195737,
        "support": 12160.0
    },
    "type": {},
    "ss": {
        "<": {
            "precision": 0.6288532675709001,
            "recall": 0.6836461126005362,
            "f1-score": 0.6551059730250481,
            "support": 1492.0
        },
        ">": {
            "precision": 0.6740547588005215,
            "recall": 0.376,
            "f1-score": 0.4827264239028945,
            "support": 1375.0
        },
        "=": {
            "precision": 0.0706605222734255,
            "recall": 0.2658959537572254,
            "f1-score": 0.11165048543689321,
            "support": 173.0
        },
        "-": {
            "precision": 0.0,
            "recall": 0.0,
            "f1-score": 0.0,
            "support": 0.0
        },
        "accuracy": 0.5207236842105263,
        "macro avg": {
            "precision": 0.34339213716121175,
            "recall": 0.33138551658944043,
            "f1-score": 0.31237072059120896,
            "support": 3040.0
        },
        "weighted avg": {
            "precision": 0.617532447013093,
            "recall": 0.5207236842105263,
            "f1-score": 0.5462113416448797,
            "support": 3040.0
        }
    },
    "ee": {
        "<": {
            "precision": 0.6559503666102651,
            "recall": 0.7031438935912938,
            "f1-score": 0.6787277502188503,
            "support": 1654.0
        },
        ">": {
            "precision": 0.6071428571428571,
            "recall": 0.2533112582781457,
            "f1-score": 0.3574766355140187,
            "support": 1208.0
        },
        "=": {
            "precision": 0.08519003931847968,
            "recall": 0.3651685393258427,
            "f1-score": 0.1381509032943677,
            "support": 178.0
        },
        "-": {
            "precision": 0.0,
            "recall": 0.0,
            "f1-score": 0.0,
            "support": 0.0
        },
        "accuracy": 0.5046052631578948,
        "macro avg": {
            "precision": 0.3370708157679005,
            "recall": 0.33040592279882053,
            "f1-score": 0.2935888222568092,
            "support": 3040.0
        },
        "weighted avg": {
            "precision": 0.6031362844738944,
            "recall": 0.5046052631578948,
            "f1-score": 0.5194205050491153,
            "support": 3040.0
        }
    },
    "se": {
        "<": {
            "precision": 0.6663172606568833,
            "recall": 0.9694966954753431,
            "f1-score": 0.7898115551874094,
            "support": 1967.0
        },
        ">": {
            "precision": 0.673469387755102,
            "recall": 0.09611650485436893,
            "f1-score": 0.16822429906542055,
            "support": 1030.0
        },
        "=": {
            "precision": 0.0,
            "recall": 0.0,
            "f1-score": 0.0,
            "support": 11.0
        },
        "-": {
            "precision": 0.0,
            "recall": 0.0,
            "f1-score": 0.0,
            "support": 32.0
        },
        "accuracy": 0.6598684210526315,
        "macro avg": {
            "precision": 0.33494666210299634,
            "recall": 0.266403300082428,
            "f1-score": 0.2395089635632075,
            "support": 3040.0
        },
        "weighted avg": {
            "precision": 0.6593156319407384,
            "recall": 0.6598684210526315,
            "f1-score": 0.5680363016746768,
            "support": 3040.0
        }
    },
    "es": {
        "<": {
            "precision": 0.6543075245365322,
            "recall": 0.45385779122541603,
            "f1-score": 0.5359535506922734,
            "support": 1322.0
        },
        ">": {
            "precision": 0.6498109640831758,
            "recall": 0.8165083135391924,
            "f1-score": 0.7236842105263158,
            "support": 1684.0
        },
        "=": {
            "precision": 0.0,
            "recall": 0.0,
            "f1-score": 0.0,
            "support": 13.0
        },
        "-": {
            "precision": 0.0,
            "recall": 0.0,
            "f1-score": 0.0,
            "support": 21.0
        },
        "accuracy": 0.649671052631579,
        "macro avg": {
            "precision": 0.32602962215492703,
            "recall": 0.3175915261911521,
            "f1-score": 0.3149094403046473,
            "support": 3040.0
        },
        "weighted avg": {
            "precision": 0.6444987536030802,
            "recall": 0.649671052631579,
            "f1-score": 0.6339522383360201,
            "support": 3040.0
        }
    }
}