{
    "<": {
        "precision": 0.7371372031662269,
        "recall": 0.6946386946386947,
        "f1-score": 0.7152572205776462,
        "support": 6435.0
    },
    ">": {
        "precision": 0.6823204419889503,
        "recall": 0.6528223522748726,
        "f1-score": 0.6672455378678244,
        "support": 5297.0
    },
    "=": {
        "precision": 0.14136125654450263,
        "recall": 0.36,
        "f1-score": 0.20300751879699247,
        "support": 375.0
    },
    "-": {
        "precision": 0.0273972602739726,
        "recall": 0.03773584905660377,
        "f1-score": 0.031746031746031744,
        "support": 53.0
    },
    "accuracy": 0.6632401315789473,
    "macro avg": {
        "precision": 0.3970540404934131,
        "recall": 0.43629922399254273,
        "f1-score": 0.40431407724712365,
        "support": 12160.0
    },
    "weighted avg": {
        "precision": 0.6917920896043461,
        "recall": 0.6632401315789473,
        "f1-score": 0.675566627280792,
        "support": 12160.0
    },
    "confidence": {
        "accuracy": {
            "lower": 0.6543585526315789,
            "upper": 0.671712582236842
        },
        "macro avg": {
            "precision": {
                "lower": 0.38682466471411825,
                "upper": 0.40853804186431114
            },
            "recall": {
                "lower": 0.42026098301963194,
                "upper": 0.45520803781405633
            },
            "f1-score": {
                "lower": 0.39197468328485274,
                "upper": 0.41769358364891307
            }
        },
        "weighted avg": {
            "precision": {
                "lower": 0.6832648634913908,
                "upper": 0.7008521559276948
            },
            "recall": {
                "lower": 0.6543585526315789,
                "upper": 0.671712582236842
            },
            "f1-score": {
                "lower": 0.6668451559391675,
                "upper": 0.6838390870401004
            }
        }
    },
    "type": {},
    "ss": {
        "<": {
            "precision": 0.7057453416149069,
            "recall": 0.6092493297587132,
            "f1-score": 0.6539568345323741,
            "support": 1492.0
        },
        ">": {
            "precision": 0.6768627450980392,
            "recall": 0.6276363636363637,
            "f1-score": 0.6513207547169811,
            "support": 1375.0
        },
        "=": {
            "precision": 0.14046121593291405,
            "recall": 0.3872832369942196,
            "f1-score": 0.20615384615384616,
            "support": 173.0
        },
        "-": {
            "precision": 0.0,
            "recall": 0.0,
            "f1-score": 0.0,
            "support": 0.0
        },
        "accuracy": 0.6049342105263158,
        "macro avg": {
            "precision": 0.380767325661465,
            "recall": 0.40604223259732414,
            "f1-score": 0.37785785885080037,
            "support": 3040.0
        },
        "weighted avg": {
            "precision": 0.6605125376827761,
            "recall": 0.6049342105263158,
            "f1-score": 0.6272810033693311,
            "support": 3040.0
        }
    },
    "ee": {
        "<": {
            "precision": 0.7321428571428571,
            "recall": 0.694074969770254,
            "f1-score": 0.7126008690254501,
            "support": 1654.0
        },
        ">": {
            "precision": 0.6783216783216783,
            "recall": 0.5620860927152318,
            "f1-score": 0.6147578089633319,
            "support": 1208.0
        },
        "=": {
            "precision": 0.14468085106382977,
            "recall": 0.38202247191011235,
            "f1-score": 0.20987654320987653,
            "support": 178.0
        },
        "-": {
            "precision": 0.0,
            "recall": 0.0,
            "f1-score": 0.0,
            "support": 0.0
        },
        "accuracy": 0.6233552631578947,
        "macro avg": {
            "precision": 0.38878634663209133,
            "recall": 0.40954588359889954,
            "f1-score": 0.3843088052996646,
            "support": 3040.0
        },
        "weighted avg": {
            "precision": 0.6763585738869192,
            "recall": 0.6233552631578947,
            "f1-score": 0.6442852945023544,
            "support": 3040.0
        }
    },
    "se": {
        "<": {
            "precision": 0.7564991334488734,
            "recall": 0.887646161667514,
            "f1-score": 0.8168421052631579,
            "support": 1967.0
        },
        ">": {
            "precision": 0.6776504297994269,
            "recall": 0.45922330097087377,
            "f1-score": 0.5474537037037037,
            "support": 1030.0
        },
        "=": {
            "precision": 0.0,
            "recall": 0.0,
            "f1-score": 0.0,
            "support": 11.0
        },
        "-": {
            "precision": 0.0,
            "recall": 0.0,
            "f1-score": 0.0,
            "support": 32.0
        },
        "accuracy": 0.7299342105263158,
        "macro avg": {
            "precision": 0.3585373908120751,
            "recall": 0.3367173656595969,
            "f1-score": 0.34107395224171544,
            "support": 3040.0
        },
        "weighted avg": {
            "precision": 0.7190834665089947,
            "recall": 0.7299342105263158,
            "f1-score": 0.7140150446932388,
            "support": 3040.0
        }
    },
    "es": {
        "<": {
            "precision": 0.7411111111111112,
            "recall": 0.5045385779122542,
            "f1-score": 0.6003600360036003,
            "support": 1322.0
        },
        ">": {
            "precision": 0.6891117478510028,
            "recall": 0.8568883610451307,
            "f1-score": 0.7638962413975648,
            "support": 1684.0
        },
        "=": {
            "precision": 0.0,
            "recall": 0.0,
            "f1-score": 0.0,
            "support": 13.0
        },
        "-": {
            "precision": 0.05263157894736842,
            "recall": 0.09523809523809523,
            "f1-score": 0.06779661016949153,
            "support": 21.0
        },
        "accuracy": 0.6947368421052632,
        "macro avg": {
            "precision": 0.3707136094773706,
            "recall": 0.3641662585488701,
            "f1-score": 0.3580132218926642,
            "support": 3040.0
        },
        "weighted avg": {
            "precision": 0.7043810313907474,
            "recall": 0.6947368421052632,
            "f1-score": 0.6847042654354665,
            "support": 3040.0
        }
    }
}