{
    "<": {
        "precision": 0.7079370285339456,
        "recall": 0.6708624708624709,
        "f1-score": 0.6889013005665044,
        "support": 6435.0
    },
    ">": {
        "precision": 0.6545527156549521,
        "recall": 0.6188408533131962,
        "f1-score": 0.6361960213488598,
        "support": 5297.0
    },
    "=": {
        "precision": 0.1231079717457114,
        "recall": 0.3253333333333333,
        "f1-score": 0.17862371888726208,
        "support": 375.0
    },
    "-": {
        "precision": 0.015873015873015872,
        "recall": 0.018867924528301886,
        "f1-score": 0.017241379310344827,
        "support": 53.0
    },
    "accuracy": 0.6347039473684211,
    "macro avg": {
        "precision": 0.3753676829519062,
        "recall": 0.40847614550932554,
        "f1-score": 0.38024060502824275,
        "support": 12160.0
    },
    "weighted avg": {
        "precision": 0.6636305322932675,
        "recall": 0.6347039473684211,
        "f1-score": 0.6472786087102416,
        "support": 12160.0
    },
    "type": {},
    "ss": {
        "<": {
            "precision": 0.694800301431801,
            "recall": 0.6179624664879356,
            "f1-score": 0.6541326711599859,
            "support": 1492.0
        },
        ">": {
            "precision": 0.6677240285487708,
            "recall": 0.6123636363636363,
            "f1-score": 0.6388467374810318,
            "support": 1375.0
        },
        "=": {
            "precision": 0.12389380530973451,
            "recall": 0.3236994219653179,
            "f1-score": 0.1792,
            "support": 173.0
        },
        "-": {
            "precision": 0.0,
            "recall": 0.0,
            "f1-score": 0.0,
            "support": 0.0
        },
        "accuracy": 0.5986842105263158,
        "macro avg": {
            "precision": 0.3716045338225766,
            "recall": 0.3885063812042225,
            "f1-score": 0.36804485216025445,
            "support": 3040.0
        },
        "weighted avg": {
            "precision": 0.6500645451675628,
            "recall": 0.5986842105263158,
            "f1-score": 0.620191384673394,
            "support": 3040.0
        }
    },
    "ee": {
        "<": {
            "precision": 0.6975228161668839,
            "recall": 0.6469165659008465,
            "f1-score": 0.671267252195734,
            "support": 1654.0
        },
        ">": {
            "precision": 0.6331967213114754,
            "recall": 0.5115894039735099,
            "f1-score": 0.5659340659340659,
            "support": 1208.0
        },
        "=": {
            "precision": 0.12452830188679245,
            "recall": 0.3707865168539326,
            "f1-score": 0.1864406779661017,
            "support": 178.0
        },
        "-": {
            "precision": 0.0,
            "recall": 0.0,
            "f1-score": 0.0,
            "support": 0.0
        },
        "accuracy": 0.5769736842105263,
        "macro avg": {
            "precision": 0.36381195984128795,
            "recall": 0.3823231216820722,
            "f1-score": 0.3559104990239754,
            "support": 3040.0
        },
        "weighted avg": {
            "precision": 0.6384113207303084,
            "recall": 0.5769736842105263,
            "f1-score": 0.6010232985059414,
            "support": 3040.0
        }
    },
    "se": {
        "<": {
            "precision": 0.7272727272727273,
            "recall": 0.9110320284697508,
            "f1-score": 0.8088467614533965,
            "support": 1967.0
        },
        ">": {
            "precision": 0.6733576642335767,
            "recall": 0.35825242718446604,
            "f1-score": 0.467680608365019,
            "support": 1030.0
        },
        "=": {
            "precision": 0.0,
            "recall": 0.0,
            "f1-score": 0.0,
            "support": 11.0
        },
        "-": {
            "precision": 0.041666666666666664,
            "recall": 0.03125,
            "f1-score": 0.03571428571428571,
            "support": 32.0
        },
        "accuracy": 0.7111842105263158,
        "macro avg": {
            "precision": 0.36057426454324265,
            "recall": 0.3251336139135542,
            "f1-score": 0.32806041388317536,
            "support": 3040.0
        },
        "weighted avg": {
            "precision": 0.6991569677761093,
            "recall": 0.7111842105263158,
            "f1-score": 0.6821892972163349,
            "support": 3040.0
        }
    },
    "es": {
        "<": {
            "precision": 0.6895213454075032,
            "recall": 0.4031770045385779,
            "f1-score": 0.5088305489260143,
            "support": 1322.0
        },
        ">": {
            "precision": 0.6518218623481782,
            "recall": 0.8604513064133017,
            "f1-score": 0.7417455848477092,
            "support": 1684.0
        },
        "=": {
            "precision": 0.0,
            "recall": 0.0,
            "f1-score": 0.0,
            "support": 13.0
        },
        "-": {
            "precision": 0.0,
            "recall": 0.0,
            "f1-score": 0.0,
            "support": 21.0
        },
        "accuracy": 0.6519736842105263,
        "macro avg": {
            "precision": 0.3353358019389203,
            "recall": 0.3159070777379699,
            "f1-score": 0.3126440334434309,
            "support": 3040.0
        },
        "weighted avg": {
            "precision": 0.6609260640865301,
            "recall": 0.6519736842105263,
            "f1-score": 0.6321623521591229,
            "support": 3040.0
        }
    }
}