{
    "<": {
        "precision": 0.6289372078845763,
        "recall": 0.48096348096348096,
        "f1-score": 0.5450862979922508,
        "support": 6435.0
    },
    ">": {
        "precision": 0.5351010649858726,
        "recall": 0.4647913913535964,
        "f1-score": 0.49747423721964035,
        "support": 5297.0
    },
    "=": {
        "precision": 0.06520090978013647,
        "recall": 0.45866666666666667,
        "f1-score": 0.1141719216727514,
        "support": 375.0
    },
    "-": {
        "precision": 0.0,
        "recall": 0.0,
        "f1-score": 0.0,
        "support": 53.0
    },
    "accuracy": 0.4711348684210526,
    "macro avg": {
        "precision": 0.3073097956626464,
        "recall": 0.351105384745936,
        "f1-score": 0.28918311422116066,
        "support": 12160.0
    },
    "weighted avg": {
        "precision": 0.5679351657183361,
        "recall": 0.4711348684210526,
        "f1-score": 0.5086814007203825,
        "support": 12160.0
    },
    "type": {},
    "ss": {
        "<": {
            "precision": 0.5832223701731025,
            "recall": 0.2935656836461126,
            "f1-score": 0.39054837271511367,
            "support": 1492.0
        },
        ">": {
            "precision": 0.5374592833876222,
            "recall": 0.36,
            "f1-score": 0.43118466898954705,
            "support": 1375.0
        },
        "=": {
            "precision": 0.06359649122807018,
            "recall": 0.5028901734104047,
            "f1-score": 0.11291369240752758,
            "support": 173.0
        },
        "-": {
            "precision": 0.0,
            "recall": 0.0,
            "f1-score": 0.0,
            "support": 0.0
        },
        "accuracy": 0.3355263157894737,
        "macro avg": {
            "precision": 0.2960695361971987,
            "recall": 0.2891139642641293,
            "f1-score": 0.23366168352804706,
            "support": 3040.0
        },
        "weighted avg": {
            "precision": 0.532952790769311,
            "recall": 0.3355263157894737,
            "f1-score": 0.39312867129542073,
            "support": 3040.0
        }
    },
    "ee": {
        "<": {
            "precision": 0.6117290192113246,
            "recall": 0.36577992744860943,
            "f1-score": 0.45781309118426033,
            "support": 1654.0
        },
        ">": {
            "precision": 0.4369426751592357,
            "recall": 0.28394039735099336,
            "f1-score": 0.34420471650777723,
            "support": 1208.0
        },
        "=": {
            "precision": 0.06714060031595577,
            "recall": 0.47752808988764045,
            "f1-score": 0.11772853185595568,
            "support": 178.0
        },
        "-": {
            "precision": 0.0,
            "recall": 0.0,
            "f1-score": 0.0,
            "support": 0.0
        },
        "accuracy": 0.33980263157894736,
        "macro avg": {
            "precision": 0.278953073671629,
            "recall": 0.2818121036718108,
            "f1-score": 0.2299365848869983,
            "support": 3040.0
        },
        "weighted avg": {
            "precision": 0.510387360600042,
            "recall": 0.33980263157894736,
            "f1-score": 0.3927558648126716,
            "support": 3040.0
        }
    },
    "se": {
        "<": {
            "precision": 0.653615520282187,
            "recall": 0.942043721403152,
            "f1-score": 0.7717617659308621,
            "support": 1967.0
        },
        ">": {
            "precision": 0.43349753694581283,
            "recall": 0.0854368932038835,
            "f1-score": 0.14274128142741282,
            "support": 1030.0
        },
        "=": {
            "precision": 0.0,
            "recall": 0.0,
            "f1-score": 0.0,
            "support": 11.0
        },
        "-": {
            "precision": 0.0,
            "recall": 0.0,
            "f1-score": 0.0,
            "support": 32.0
        },
        "accuracy": 0.6384868421052632,
        "macro avg": {
            "precision": 0.2717782643069999,
            "recall": 0.25687015365175886,
            "f1-score": 0.22862576183956873,
            "support": 3040.0
        },
        "weighted avg": {
            "precision": 0.5697908524504108,
            "recall": 0.6384868421052632,
            "f1-score": 0.5477233267948162,
            "support": 3040.0
        }
    },
    "es": {
        "<": {
            "precision": 0.5751445086705202,
            "recall": 0.15052950075642965,
            "f1-score": 0.23860911270983212,
            "support": 1322.0
        },
        ">": {
            "precision": 0.5705794947994056,
            "recall": 0.9121140142517815,
            "f1-score": 0.7020109689213894,
            "support": 1684.0
        },
        "=": {
            "precision": 0.0,
            "recall": 0.0,
            "f1-score": 0.0,
            "support": 13.0
        },
        "-": {
            "precision": 0.0,
            "recall": 0.0,
            "f1-score": 0.0,
            "support": 21.0
        },
        "accuracy": 0.5707236842105263,
        "macro avg": {
            "precision": 0.28643100086748147,
            "recall": 0.2656608787520528,
            "f1-score": 0.23515502040780537,
            "support": 3040.0
        },
        "weighted avg": {
            "precision": 0.5661831939817851,
            "recall": 0.5707236842105263,
            "f1-score": 0.4926406969296111,
            "support": 3040.0
        }
    }
}