{
    "<": {
        "precision": 0.661247947454844,
        "recall": 0.6257964257964258,
        "f1-score": 0.6430339321357286,
        "support": 6435.0
    },
    ">": {
        "precision": 0.5794803209782193,
        "recall": 0.5725882575042477,
        "f1-score": 0.5760136739151078,
        "support": 5297.0
    },
    "=": {
        "precision": 0.08771929824561403,
        "recall": 0.18666666666666668,
        "f1-score": 0.11935208866155157,
        "support": 375.0
    },
    "-": {
        "precision": 0.05263157894736842,
        "recall": 0.03773584905660377,
        "f1-score": 0.04395604395604396,
        "support": 53.0
    },
    "accuracy": 0.5865131578947368,
    "macro avg": {
        "precision": 0.34526978640651146,
        "recall": 0.355696799755986,
        "f1-score": 0.345588934667108,
        "support": 12160.0
    },
    "weighted avg": {
        "precision": 0.6052896391957125,
        "recall": 0.5865131578947368,
        "f1-score": 0.5950784940460108,
        "support": 12160.0
    },
    "type": {},
    "ss": {
        "<": {
            "precision": 0.6214775323686215,
            "recall": 0.546916890080429,
            "f1-score": 0.5818181818181818,
            "support": 1492.0
        },
        ">": {
            "precision": 0.5812244897959183,
            "recall": 0.5178181818181818,
            "f1-score": 0.5476923076923077,
            "support": 1375.0
        },
        "=": {
            "precision": 0.08366533864541832,
            "recall": 0.24277456647398843,
            "f1-score": 0.12444444444444444,
            "support": 173.0
        },
        "-": {
            "precision": 0.0,
            "recall": 0.0,
            "f1-score": 0.0,
            "support": 0.0
        },
        "accuracy": 0.5164473684210527,
        "macro avg": {
            "precision": 0.32159184020248954,
            "recall": 0.3268774095931498,
            "f1-score": 0.31348873348873346,
            "support": 3040.0
        },
        "weighted avg": {
            "precision": 0.5726652155753382,
            "recall": 0.5164473684210527,
            "f1-score": 0.5403547826442563,
            "support": 3040.0
        }
    },
    "ee": {
        "<": {
            "precision": 0.6561514195583596,
            "recall": 0.6287787182587666,
            "f1-score": 0.6421735103426983,
            "support": 1654.0
        },
        ">": {
            "precision": 0.5261353898886033,
            "recall": 0.5082781456953642,
            "f1-score": 0.5170526315789473,
            "support": 1208.0
        },
        "=": {
            "precision": 0.09722222222222222,
            "recall": 0.15730337078651685,
            "f1-score": 0.12017167381974249,
            "support": 178.0
        },
        "-": {
            "precision": 0.0,
            "recall": 0.0,
            "f1-score": 0.0,
            "support": 0.0
        },
        "accuracy": 0.5532894736842106,
        "macro avg": {
            "precision": 0.3198772579172963,
            "recall": 0.3235900586851619,
            "f1-score": 0.31984945393534703,
            "support": 3040.0
        },
        "weighted avg": {
            "precision": 0.5717603797666169,
            "recall": 0.5532894736842106,
            "f1-score": 0.5618898430901663,
            "support": 3040.0
        }
    },
    "se": {
        "<": {
            "precision": 0.6943380161770967,
            "recall": 0.8291814946619217,
            "f1-score": 0.7557924003707136,
            "support": 1967.0
        },
        ">": {
            "precision": 0.4924924924924925,
            "recall": 0.31844660194174756,
            "f1-score": 0.3867924528301887,
            "support": 1030.0
        },
        "=": {
            "precision": 0.0,
            "recall": 0.0,
            "f1-score": 0.0,
            "support": 11.0
        },
        "-": {
            "precision": 0.058823529411764705,
            "recall": 0.03125,
            "f1-score": 0.04081632653061224,
            "support": 32.0
        },
        "accuracy": 0.6447368421052632,
        "macro avg": {
            "precision": 0.31141350952033847,
            "recall": 0.2947195241509173,
            "f1-score": 0.2958502949328786,
            "support": 3040.0
        },
        "weighted avg": {
            "precision": 0.6167475322463135,
            "recall": 0.6447368421052632,
            "f1-score": 0.6205085527609433,
            "support": 3040.0
        }
    },
    "es": {
        "<": {
            "precision": 0.6405693950177936,
            "recall": 0.4084720121028744,
            "f1-score": 0.49884526558891457,
            "support": 1322.0
        },
        ">": {
            "precision": 0.6337316176470589,
            "recall": 0.8188836104513064,
            "f1-score": 0.7145077720207254,
            "support": 1684.0
        },
        "=": {
            "precision": 0.0,
            "recall": 0.0,
            "f1-score": 0.0,
            "support": 13.0
        },
        "-": {
            "precision": 0.047619047619047616,
            "recall": 0.047619047619047616,
            "f1-score": 0.047619047619047616,
            "support": 21.0
        },
        "accuracy": 0.631578947368421,
        "macro avg": {
            "precision": 0.3304800150709751,
            "recall": 0.31874366754330713,
            "f1-score": 0.3152430213071719,
            "support": 3040.0
        },
        "weighted avg": {
            "precision": 0.6299463106352533,
            "recall": 0.631578947368421,
            "f1-score": 0.6130607003919233,
            "support": 3040.0
        }
    }
}