{
    "<": {
        "precision": 0.7649285837205301,
        "recall": 0.6907536907536908,
        "f1-score": 0.7259513310468725,
        "support": 6435.0
    },
    ">": {
        "precision": 0.710236220472441,
        "recall": 0.6811402680762696,
        "f1-score": 0.6953840223571359,
        "support": 5297.0
    },
    "=": {
        "precision": 0.13595166163141995,
        "recall": 0.36,
        "f1-score": 0.19736842105263158,
        "support": 375.0
    },
    "-": {
        "precision": 0.025362318840579712,
        "recall": 0.1320754716981132,
        "f1-score": 0.0425531914893617,
        "support": 53.0
    },
    "accuracy": 0.6739309210526315,
    "macro avg": {
        "precision": 0.40911969616624266,
        "recall": 0.46599235763201835,
        "f1-score": 0.4153142414865004,
        "support": 12160.0
    },
    "weighted avg": {
        "precision": 0.7184837805998737,
        "recall": 0.6739309210526315,
        "f1-score": 0.6933564522003328,
        "support": 12160.0
    },
    "confidence": {
        "accuracy": {
            "lower": 0.6653762335526315,
            "upper": 0.6819099506578947
        },
        "macro avg": {
            "precision": {
                "lower": 0.40152850256861705,
                "upper": 0.41734291379169086
            },
            "recall": {
                "lower": 0.44216193743819326,
                "upper": 0.4938938137821766
            },
            "f1-score": {
                "lower": 0.4047202616555874,
                "upper": 0.42679282317819983
            }
        },
        "weighted avg": {
            "precision": {
                "lower": 0.7097518796559402,
                "upper": 0.7268631245395202
            },
            "recall": {
                "lower": 0.6653762335526315,
                "upper": 0.6819099506578947
            },
            "f1-score": {
                "lower": 0.6852132906662386,
                "upper": 0.7012948254002593
            }
        }
    },
    "type": {},
    "ss": {
        "<": {
            "precision": 0.7402390438247012,
            "recall": 0.6226541554959786,
            "f1-score": 0.6763742264288315,
            "support": 1492.0
        },
        ">": {
            "precision": 0.7085889570552147,
            "recall": 0.672,
            "f1-score": 0.6898096304591266,
            "support": 1375.0
        },
        "=": {
            "precision": 0.12681912681912683,
            "recall": 0.35260115606936415,
            "f1-score": 0.18654434250764526,
            "support": 173.0
        },
        "-": {
            "precision": 0.0,
            "recall": 0.0,
            "f1-score": 0.0,
            "support": 0.0
        },
        "accuracy": 0.6296052631578948,
        "macro avg": {
            "precision": 0.3939117819247607,
            "recall": 0.4118138278913357,
            "f1-score": 0.3881820498489008,
            "support": 3040.0
        },
        "weighted avg": {
            "precision": 0.6910151902227248,
            "recall": 0.6296052631578948,
            "f1-score": 0.6545759075549139,
            "support": 3040.0
        }
    },
    "ee": {
        "<": {
            "precision": 0.7646662171274443,
            "recall": 0.6856106408706167,
            "f1-score": 0.7229837424290724,
            "support": 1654.0
        },
        ">": {
            "precision": 0.7026768642447419,
            "recall": 0.6084437086092715,
            "f1-score": 0.6521739130434783,
            "support": 1208.0
        },
        "=": {
            "precision": 0.14481409001956946,
            "recall": 0.4157303370786517,
            "f1-score": 0.21480406386066764,
            "support": 178.0
        },
        "-": {
            "precision": 0.0,
            "recall": 0.0,
            "f1-score": 0.0,
            "support": 0.0
        },
        "accuracy": 0.6391447368421053,
        "macro avg": {
            "precision": 0.40303929284793893,
            "recall": 0.42744617163963494,
            "f1-score": 0.39749042983330457,
            "support": 3040.0
        },
        "weighted avg": {
            "precision": 0.7037396326183962,
            "recall": 0.6391447368421053,
            "f1-score": 0.6650908948359889,
            "support": 3040.0
        }
    },
    "se": {
        "<": {
            "precision": 0.7777286787450287,
            "recall": 0.8947635993899339,
            "f1-score": 0.8321513002364066,
            "support": 1967.0
        },
        ">": {
            "precision": 0.7439759036144579,
            "recall": 0.4796116504854369,
            "f1-score": 0.5832349468713105,
            "support": 1030.0
        },
        "=": {
            "precision": 0.0,
            "recall": 0.0,
            "f1-score": 0.0,
            "support": 11.0
        },
        "-": {
            "precision": 0.026785714285714284,
            "recall": 0.09375,
            "f1-score": 0.041666666666666664,
            "support": 32.0
        },
        "accuracy": 0.7424342105263158,
        "macro avg": {
            "precision": 0.3871225741613002,
            "recall": 0.3670313124688427,
            "f1-score": 0.364263228443596,
            "support": 3040.0
        },
        "weighted avg": {
            "precision": 0.755573892984048,
            "recall": 0.7424342105263158,
            "f1-score": 0.7364825447946695,
            "support": 3040.0
        }
    },
    "es": {
        "<": {
            "precision": 0.7679012345679013,
            "recall": 0.47049924357034795,
            "f1-score": 0.5834896810506567,
            "support": 1322.0
        },
        ">": {
            "precision": 0.7042594385285575,
            "recall": 0.8640142517814727,
            "f1-score": 0.776,
            "support": 1684.0
        },
        "=": {
            "precision": 0.0,
            "recall": 0.0,
            "f1-score": 0.0,
            "support": 13.0
        },
        "-": {
            "precision": 0.024390243902439025,
            "recall": 0.19047619047619047,
            "f1-score": 0.043243243243243246,
            "support": 21.0
        },
        "accuracy": 0.6845394736842105,
        "macro avg": {
            "precision": 0.37413772924972444,
            "recall": 0.3812474214570028,
            "f1-score": 0.350683231073475,
            "support": 3040.0
        },
        "weighted avg": {
            "precision": 0.7242271452969762,
            "recall": 0.6845394736842105,
            "f1-score": 0.6839031139661434,
            "support": 3040.0
        }
    }
}