{
    "<": {
        "precision": 0.6542160278745645,
        "recall": 0.7294483294483295,
        "f1-score": 0.6897869213813372,
        "support": 6435.0
    },
    ">": {
        "precision": 0.6502407250070802,
        "recall": 0.43345289786671704,
        "f1-score": 0.520163117353874,
        "support": 5297.0
    },
    "=": {
        "precision": 0.07702888583218707,
        "recall": 0.2986666666666667,
        "f1-score": 0.1224712957900492,
        "support": 375.0
    },
    "-": {
        "precision": 0.0,
        "recall": 0.0,
        "f1-score": 0.0,
        "support": 53.0
    },
    "accuracy": 0.5840460526315789,
    "macro avg": {
        "precision": 0.3453714096784579,
        "recall": 0.3653919734954283,
        "f1-score": 0.33310533363131506,
        "support": 12160.0
    },
    "weighted avg": {
        "precision": 0.6318331490067761,
        "recall": 0.5840460526315789,
        "f1-score": 0.5953955269435562,
        "support": 12160.0
    },
    "confidence": {
        "accuracy": {
            "lower": 0.5749979440789473,
            "upper": 0.592516447368421
        },
        "macro avg": {
            "precision": {
                "lower": 0.3394649996448207,
                "upper": 0.35135785558947075
            },
            "recall": {
                "lower": 0.35311424884552783,
                "upper": 0.37802985528084526
            },
            "f1-score": {
                "lower": 0.3262074590593319,
                "upper": 0.34055199957916155
            }
        },
        "weighted avg": {
            "precision": {
                "lower": 0.6221020602787223,
                "upper": 0.6418127450828855
            },
            "recall": {
                "lower": 0.5749979440789473,
                "upper": 0.592516447368421
            },
            "f1-score": {
                "lower": 0.5861353818318571,
                "upper": 0.6043509090106717
            }
        }
    },
    "type": {},
    "ss": {
        "<": {
            "precision": 0.6294697903822442,
            "recall": 0.6843163538873994,
            "f1-score": 0.6557482337829159,
            "support": 1492.0
        },
        ">": {
            "precision": 0.6736292428198434,
            "recall": 0.37527272727272726,
            "f1-score": 0.4820177487155535,
            "support": 1375.0
        },
        "=": {
            "precision": 0.07208588957055215,
            "recall": 0.27167630057803466,
            "f1-score": 0.11393939393939394,
            "support": 173.0
        },
        "-": {
            "precision": 0.0,
            "recall": 0.0,
            "f1-score": 0.0,
            "support": 0.0
        },
        "accuracy": 0.5210526315789473,
        "macro avg": {
            "precision": 0.3437962306931599,
            "recall": 0.33281634543454036,
            "f1-score": 0.31292634410946585,
            "support": 3040.0
        },
        "weighted avg": {
            "precision": 0.6177236825734533,
            "recall": 0.5210526315789473,
            "f1-score": 0.5463362777761551,
            "support": 3040.0
        }
    },
    "ee": {
        "<": {
            "precision": 0.6565143824027073,
            "recall": 0.7037484885126964,
            "f1-score": 0.6793113510358915,
            "support": 1654.0
        },
        ">": {
            "precision": 0.6063618290258449,
            "recall": 0.25248344370860926,
            "f1-score": 0.3565166569257744,
            "support": 1208.0
        },
        "=": {
            "precision": 0.08507853403141362,
            "recall": 0.3651685393258427,
            "f1-score": 0.13800424628450106,
            "support": 178.0
        },
        "-": {
            "precision": 0.0,
            "recall": 0.0,
            "f1-score": 0.0,
            "support": 0.0
        },
        "accuracy": 0.5046052631578948,
        "macro avg": {
            "precision": 0.33698868636499146,
            "recall": 0.33035011788678714,
            "f1-score": 0.29345806356154175,
            "support": 3040.0
        },
        "weighted avg": {
            "precision": 0.603126268754898,
            "recall": 0.5046052631578948,
            "f1-score": 0.5193479776376123,
            "support": 3040.0
        }
    },
    "se": {
        "<": {
            "precision": 0.6665501572876616,
            "recall": 0.9694966954753431,
            "f1-score": 0.7899751449875725,
            "support": 1967.0
        },
        ">": {
            "precision": 0.6756756756756757,
            "recall": 0.0970873786407767,
            "f1-score": 0.1697792869269949,
            "support": 1030.0
        },
        "=": {
            "precision": 0.0,
            "recall": 0.0,
            "f1-score": 0.0,
            "support": 11.0
        },
        "-": {
            "precision": 0.0,
            "recall": 0.0,
            "f1-score": 0.0,
            "support": 32.0
        },
        "accuracy": 0.6601973684210526,
        "macro avg": {
            "precision": 0.33555645824083435,
            "recall": 0.26664601852902997,
            "f1-score": 0.23993860797864186,
            "support": 3040.0
        },
        "weighted avg": {
            "precision": 0.6602138504377554,
            "recall": 0.6601973684210526,
            "f1-score": 0.5686690051728157,
            "support": 3040.0
        }
    },
    "es": {
        "<": {
            "precision": 0.6550598476605005,
            "recall": 0.45537065052950076,
            "f1-score": 0.537260151717983,
            "support": 1322.0
        },
        ">": {
            "precision": 0.6504257332071902,
            "recall": 0.8165083135391924,
            "f1-score": 0.7240652975250131,
            "support": 1684.0
        },
        "=": {
            "precision": 0.0,
            "recall": 0.0,
            "f1-score": 0.0,
            "support": 13.0
        },
        "-": {
            "precision": 0.0,
            "recall": 0.0,
            "f1-score": 0.0,
            "support": 21.0
        },
        "accuracy": 0.6503289473684211,
        "macro avg": {
            "precision": 0.3263713952169227,
            "recall": 0.3179697410171733,
            "f1-score": 0.31533136231074904,
            "support": 3040.0
        },
        "weighted avg": {
            "precision": 0.645166464910556,
            "recall": 0.6503289473684211,
            "f1-score": 0.6347315400010841,
            "support": 3040.0
        }
    }
}