{
    "<": {
        "precision": 0.765262252794497,
        "recall": 0.6915306915306916,
        "f1-score": 0.726530612244898,
        "support": 6435.0
    },
    ">": {
        "precision": 0.7104589324404176,
        "recall": 0.6809514819709269,
        "f1-score": 0.6953923269712743,
        "support": 5297.0
    },
    "=": {
        "precision": 0.13709677419354838,
        "recall": 0.3626666666666667,
        "f1-score": 0.19897585954645208,
        "support": 375.0
    },
    "-": {
        "precision": 0.025362318840579712,
        "recall": 0.1320754716981132,
        "f1-score": 0.0425531914893617,
        "support": 53.0
    },
    "accuracy": 0.6743421052631579,
    "macro avg": {
        "precision": 0.40954506956726067,
        "recall": 0.4668060779665996,
        "f1-score": 0.41586299756299655,
        "support": 12160.0
    },
    "weighted avg": {
        "precision": 0.7187926854515305,
        "recall": 0.6743421052631579,
        "f1-score": 0.6937161934409224,
        "support": 12160.0
    },
    "type": {},
    "ss": {
        "<": {
            "precision": 0.7412420382165605,
            "recall": 0.6239946380697051,
            "f1-score": 0.6775836972343523,
            "support": 1492.0
        },
        ">": {
            "precision": 0.7088122605363985,
            "recall": 0.6727272727272727,
            "f1-score": 0.6902985074626866,
            "support": 1375.0
        },
        "=": {
            "precision": 0.12734864300626306,
            "recall": 0.35260115606936415,
            "f1-score": 0.18711656441717792,
            "support": 173.0
        },
        "-": {
            "precision": 0.0,
            "recall": 0.0,
            "f1-score": 0.0,
            "support": 0.0
        },
        "accuracy": 0.6305921052631579,
        "macro avg": {
            "precision": 0.39435073543980553,
            "recall": 0.41233076671658553,
            "f1-score": 0.3887496922785542,
            "support": 3040.0
        },
        "weighted avg": {
            "precision": 0.6916385837160328,
            "recall": 0.6305921052631579,
            "f1-score": 0.6554231873944143,
            "support": 3040.0
        }
    },
    "ee": {
        "<": {
            "precision": 0.7660148347943359,
            "recall": 0.686819830713422,
            "f1-score": 0.72425884603124,
            "support": 1654.0
        },
        ">": {
            "precision": 0.7033492822966507,
            "recall": 0.6084437086092715,
            "f1-score": 0.6524633821571239,
            "support": 1208.0
        },
        "=": {
            "precision": 0.146484375,
            "recall": 0.42134831460674155,
            "f1-score": 0.21739130434782608,
            "support": 178.0
        },
        "-": {
            "precision": 0.0,
            "recall": 0.0,
            "f1-score": 0.0,
            "support": 0.0
        },
        "accuracy": 0.6401315789473684,
        "macro avg": {
            "precision": 0.40396212302274664,
            "recall": 0.42915296348235876,
            "f1-score": 0.3985283831340475,
            "support": 3040.0
        },
        "weighted avg": {
            "precision": 0.7048383843796664,
            "recall": 0.6401315789473684,
            "f1-score": 0.6660511674853256,
            "support": 3040.0
        }
    },
    "se": {
        "<": {
            "precision": 0.7770419426048565,
            "recall": 0.8947635993899339,
            "f1-score": 0.831758034026465,
            "support": 1967.0
        },
        ">": {
            "precision": 0.743202416918429,
            "recall": 0.47766990291262135,
            "f1-score": 0.5815602836879432,
            "support": 1030.0
        },
        "=": {
            "precision": 0.0,
            "recall": 0.0,
            "f1-score": 0.0,
            "support": 11.0
        },
        "-": {
            "precision": 0.026785714285714284,
            "recall": 0.09375,
            "f1-score": 0.041666666666666664,
            "support": 32.0
        },
        "accuracy": 0.7417763157894737,
        "macro avg": {
            "precision": 0.3867575184522499,
            "recall": 0.3665458755756388,
            "f1-score": 0.36374624609526873,
            "support": 3040.0
        },
        "weighted avg": {
            "precision": 0.7548674780877885,
            "recall": 0.7417763157894737,
            "f1-score": 0.7356606837045959,
            "support": 3040.0
        }
    },
    "es": {
        "<": {
            "precision": 0.7681874229346486,
            "recall": 0.4712556732223903,
            "f1-score": 0.5841537740271917,
            "support": 1322.0
        },
        ">": {
            "precision": 0.7046004842615012,
            "recall": 0.8640142517814727,
            "f1-score": 0.7762069885302747,
            "support": 1684.0
        },
        "=": {
            "precision": 0.0,
            "recall": 0.0,
            "f1-score": 0.0,
            "support": 13.0
        },
        "-": {
            "precision": 0.024390243902439025,
            "recall": 0.19047619047619047,
            "f1-score": 0.043243243243243246,
            "support": 21.0
        },
        "accuracy": 0.6848684210526316,
        "macro avg": {
            "precision": 0.3742945377746472,
            "recall": 0.3814365288700134,
            "f1-score": 0.35090100145017744,
            "support": 3040.0
        },
        "weighted avg": {
            "precision": 0.7245405209664225,
            "recall": 0.6848684210526316,
            "f1-score": 0.6843065677819204,
            "support": 3040.0
        }
    }
}