{
    "<": {
        "precision": 0.6610837438423646,
        "recall": 0.6256410256410256,
        "f1-score": 0.6428742514970059,
        "support": 6435.0
    },
    ">": {
        "precision": 0.5793696275071634,
        "recall": 0.5725882575042477,
        "f1-score": 0.5759589821496391,
        "support": 5297.0
    },
    "=": {
        "precision": 0.08782936010037641,
        "recall": 0.18666666666666668,
        "f1-score": 0.11945392491467577,
        "support": 375.0
    },
    "-": {
        "precision": 0.05263157894736842,
        "recall": 0.03773584905660377,
        "f1-score": 0.04395604395604396,
        "support": 53.0
    },
    "accuracy": 0.5864309210526316,
    "macro avg": {
        "precision": 0.3452285775993182,
        "recall": 0.355657949717136,
        "f1-score": 0.34556080062934125,
        "support": 12160.0
    },
    "weighted avg": {
        "precision": 0.6051579187707988,
        "recall": 0.5864309210526316,
        "f1-score": 0.5949733083061304,
        "support": 12160.0
    },
    "confidence": {
        "accuracy": {
            "lower": 0.5777138157894737,
            "upper": 0.5945744243421053
        },
        "macro avg": {
            "precision": {
                "lower": 0.3293379537128321,
                "upper": 0.3669306549179748
            },
            "recall": {
                "lower": 0.3406085575439758,
                "upper": 0.3746859302954185
            },
            "f1-score": {
                "lower": 0.33110319184373316,
                "upper": 0.3642002299548389
            }
        },
        "weighted avg": {
            "precision": {
                "lower": 0.5957463023044863,
                "upper": 0.613910800920265
            },
            "recall": {
                "lower": 0.5777138157894737,
                "upper": 0.5945744243421053
            },
            "f1-score": {
                "lower": 0.5864383825526113,
                "upper": 0.6035320119872463
            }
        }
    },
    "type": {},
    "ss": {
        "<": {
            "precision": 0.6210045662100456,
            "recall": 0.546916890080429,
            "f1-score": 0.5816108339272986,
            "support": 1492.0
        },
        ">": {
            "precision": 0.5807504078303426,
            "recall": 0.5178181818181818,
            "f1-score": 0.5474817377931565,
            "support": 1375.0
        },
        "=": {
            "precision": 0.084,
            "recall": 0.24277456647398843,
            "f1-score": 0.12481426448736999,
            "support": 173.0
        },
        "-": {
            "precision": 0.0,
            "recall": 0.0,
            "f1-score": 0.0,
            "support": 0.0
        },
        "accuracy": 0.5164473684210527,
        "macro avg": {
            "precision": 0.32143874351009705,
            "recall": 0.3268774095931498,
            "f1-score": 0.31347670905195624,
            "support": 3040.0
        },
        "weighted avg": {
            "precision": 0.5722377051158254,
            "recall": 0.5164473684210527,
            "f1-score": 0.5401788228425771,
            "support": 3040.0
        }
    },
    "ee": {
        "<": {
            "precision": 0.6559343434343434,
            "recall": 0.628174123337364,
            "f1-score": 0.6417541692402717,
            "support": 1654.0
        },
        ">": {
            "precision": 0.5261353898886033,
            "recall": 0.5082781456953642,
            "f1-score": 0.5170526315789473,
            "support": 1208.0
        },
        "=": {
            "precision": 0.09688581314878893,
            "recall": 0.15730337078651685,
            "f1-score": 0.11991434689507495,
            "support": 178.0
        },
        "-": {
            "precision": 0.0,
            "recall": 0.0,
            "f1-score": 0.0,
            "support": 0.0
        },
        "accuracy": 0.5529605263157895,
        "macro avg": {
            "precision": 0.31973888661793387,
            "recall": 0.3234389099548113,
            "f1-score": 0.31968028692857353,
            "support": 3040.0
        },
        "weighted avg": {
            "precision": 0.5716225755810267,
            "recall": 0.5529605263157895,
            "f1-score": 0.5616466212559543,
            "support": 3040.0
        }
    },
    "se": {
        "<": {
            "precision": 0.6943380161770967,
            "recall": 0.8291814946619217,
            "f1-score": 0.7557924003707136,
            "support": 1967.0
        },
        ">": {
            "precision": 0.4924924924924925,
            "recall": 0.31844660194174756,
            "f1-score": 0.3867924528301887,
            "support": 1030.0
        },
        "=": {
            "precision": 0.0,
            "recall": 0.0,
            "f1-score": 0.0,
            "support": 11.0
        },
        "-": {
            "precision": 0.058823529411764705,
            "recall": 0.03125,
            "f1-score": 0.04081632653061224,
            "support": 32.0
        },
        "accuracy": 0.6447368421052632,
        "macro avg": {
            "precision": 0.31141350952033847,
            "recall": 0.2947195241509173,
            "f1-score": 0.2958502949328786,
            "support": 3040.0
        },
        "weighted avg": {
            "precision": 0.6167475322463135,
            "recall": 0.6447368421052632,
            "f1-score": 0.6205085527609433,
            "support": 3040.0
        }
    },
    "es": {
        "<": {
            "precision": 0.6405693950177936,
            "recall": 0.4084720121028744,
            "f1-score": 0.49884526558891457,
            "support": 1322.0
        },
        ">": {
            "precision": 0.6337316176470589,
            "recall": 0.8188836104513064,
            "f1-score": 0.7145077720207254,
            "support": 1684.0
        },
        "=": {
            "precision": 0.0,
            "recall": 0.0,
            "f1-score": 0.0,
            "support": 13.0
        },
        "-": {
            "precision": 0.047619047619047616,
            "recall": 0.047619047619047616,
            "f1-score": 0.047619047619047616,
            "support": 21.0
        },
        "accuracy": 0.631578947368421,
        "macro avg": {
            "precision": 0.3304800150709751,
            "recall": 0.31874366754330713,
            "f1-score": 0.3152430213071719,
            "support": 3040.0
        },
        "weighted avg": {
            "precision": 0.6299463106352533,
            "recall": 0.631578947368421,
            "f1-score": 0.6130607003919233,
            "support": 3040.0
        }
    }
}