{
    "<": {
        "precision": 0.7045032889188734,
        "recall": 0.6491064491064491,
        "f1-score": 0.6756713037851828,
        "support": 6435.0
    },
    ">": {
        "precision": 0.6361638361638362,
        "recall": 0.6010949594109873,
        "f1-score": 0.6181324014754417,
        "support": 5297.0
    },
    "=": {
        "precision": 0.13018242122719734,
        "recall": 0.4186666666666667,
        "f1-score": 0.19860847564832385,
        "support": 375.0
    },
    "-": {
        "precision": 0.0,
        "recall": 0.0,
        "f1-score": 0.0,
        "support": 53.0
    },
    "accuracy": 0.6182565789473684,
    "macro avg": {
        "precision": 0.36771238657747674,
        "recall": 0.4172170187960258,
        "f1-score": 0.37310304522723714,
        "support": 12160.0
    },
    "weighted avg": {
        "precision": 0.6539520487099497,
        "recall": 0.6182565789473684,
        "f1-score": 0.6329498642139134,
        "support": 12160.0
    },
    "type": {},
    "ss": {
        "<": {
            "precision": 0.7003257328990228,
            "recall": 0.5764075067024129,
            "f1-score": 0.6323529411764706,
            "support": 1492.0
        },
        ">": {
            "precision": 0.6618004866180048,
            "recall": 0.5934545454545455,
            "f1-score": 0.6257668711656442,
            "support": 1375.0
        },
        "=": {
            "precision": 0.13126079447322972,
            "recall": 0.4393063583815029,
            "f1-score": 0.20212765957446807,
            "support": 173.0
        },
        "-": {
            "precision": 0.0,
            "recall": 0.0,
            "f1-score": 0.0,
            "support": 0.0
        },
        "accuracy": 0.5763157894736842,
        "macro avg": {
            "precision": 0.37334675349756435,
            "recall": 0.40229210263461535,
            "f1-score": 0.3650618679791457,
            "support": 3040.0
        },
        "weighted avg": {
            "precision": 0.6505163750095287,
            "recall": 0.5763157894736842,
            "f1-score": 0.6048908293402756,
            "support": 3040.0
        }
    },
    "ee": {
        "<": {
            "precision": 0.70020964360587,
            "recall": 0.6058041112454655,
            "f1-score": 0.6495948136142625,
            "support": 1654.0
        },
        ">": {
            "precision": 0.5851926977687627,
            "recall": 0.4776490066225166,
            "f1-score": 0.5259799453053783,
            "support": 1208.0
        },
        "=": {
            "precision": 0.13001605136436598,
            "recall": 0.4550561797752809,
            "f1-score": 0.20224719101123595,
            "support": 178.0
        },
        "-": {
            "precision": 0.0,
            "recall": 0.0,
            "f1-score": 0.0,
            "support": 0.0
        },
        "accuracy": 0.5460526315789473,
        "macro avg": {
            "precision": 0.3538545981847497,
            "recall": 0.3846273244108157,
            "f1-score": 0.3444554874827192,
            "support": 3040.0
        },
        "weighted avg": {
            "precision": 0.6211192061090893,
            "recall": 0.5460526315789473,
            "f1-score": 0.5742807880417392,
            "support": 3040.0
        }
    },
    "se": {
        "<": {
            "precision": 0.7221061429168408,
            "recall": 0.8784951703101169,
            "f1-score": 0.7926605504587156,
            "support": 1967.0
        },
        ">": {
            "precision": 0.6109375,
            "recall": 0.3796116504854369,
            "f1-score": 0.4682634730538922,
            "support": 1030.0
        },
        "=": {
            "precision": 0.0,
            "recall": 0.0,
            "f1-score": 0.0,
            "support": 11.0
        },
        "-": {
            "precision": 0.0,
            "recall": 0.0,
            "f1-score": 0.0,
            "support": 32.0
        },
        "accuracy": 0.6970394736842105,
        "macro avg": {
            "precision": 0.3332609107292102,
            "recall": 0.3145267051988885,
            "f1-score": 0.31523100587815195,
            "support": 3040.0
        },
        "weighted avg": {
            "precision": 0.6742264500386269,
            "recall": 0.6970394736842105,
            "f1-score": 0.6715377236834877,
            "support": 3040.0
        }
    },
    "es": {
        "<": {
            "precision": 0.669327251995439,
            "recall": 0.44402420574886536,
            "f1-score": 0.5338790359254206,
            "support": 1322.0
        },
        ">": {
            "precision": 0.65237651444548,
            "recall": 0.831353919239905,
            "f1-score": 0.7310704960835509,
            "support": 1684.0
        },
        "=": {
            "precision": 0.0,
            "recall": 0.0,
            "f1-score": 0.0,
            "support": 13.0
        },
        "-": {
            "precision": 0.0,
            "recall": 0.0,
            "f1-score": 0.0,
            "support": 21.0
        },
        "accuracy": 0.6536184210526316,
        "macro avg": {
            "precision": 0.33042594161022976,
            "recall": 0.3188445312471926,
            "f1-score": 0.3162373830022429,
            "support": 3040.0
        },
        "weighted avg": {
            "precision": 0.6524515386395259,
            "recall": 0.6536184210526316,
            "f1-score": 0.6371417108217453,
            "support": 3040.0
        }
    }
}