{
    "<": {
        "precision": 0.6705292828061384,
        "recall": 0.6654234654234654,
        "f1-score": 0.6679666172685438,
        "support": 6435.0
    },
    ">": {
        "precision": 0.712810584059374,
        "recall": 0.4170285067019067,
        "f1-score": 0.5262029537875179,
        "support": 5297.0
    },
    "=": {
        "precision": 0.076042143838754,
        "recall": 0.44266666666666665,
        "f1-score": 0.12978889757623144,
        "support": 375.0
    },
    "-": {
        "precision": 0.006097560975609756,
        "recall": 0.05660377358490566,
        "f1-score": 0.011009174311926606,
        "support": 53.0
    },
    "accuracy": 0.5476973684210527,
    "macro avg": {
        "precision": 0.3663698929199691,
        "recall": 0.3954306030942361,
        "f1-score": 0.33374191073605486,
        "support": 12160.0
    },
    "weighted avg": {
        "precision": 0.6677181392509248,
        "recall": 0.5476973684210527,
        "f1-score": 0.5867530058523998,
        "support": 12160.0
    },
    "confidence": {
        "accuracy": {
            "lower": 0.5393071546052631,
            "upper": 0.5558388157894737
        },
        "macro avg": {
            "precision": {
                "lower": 0.3605555843264989,
                "upper": 0.37199262837865205
            },
            "recall": {
                "lower": 0.37679409089130905,
                "upper": 0.4153801007989208
            },
            "f1-score": {
                "lower": 0.3267706191889444,
                "upper": 0.34034050164014557
            }
        },
        "weighted avg": {
            "precision": {
                "lower": 0.658737946877564,
                "upper": 0.6776904648432961
            },
            "recall": {
                "lower": 0.5393071546052631,
                "upper": 0.5558388157894737
            },
            "f1-score": {
                "lower": 0.5781130937443929,
                "upper": 0.5950196945097156
            }
        }
    },
    "type": {},
    "ss": {
        "<": {
            "precision": 0.672311600338696,
            "recall": 0.532171581769437,
            "f1-score": 0.5940890385334829,
            "support": 1492.0
        },
        ">": {
            "precision": 0.7328571428571429,
            "recall": 0.3730909090909091,
            "f1-score": 0.4944578313253012,
            "support": 1375.0
        },
        "=": {
            "precision": 0.07865168539325842,
            "recall": 0.5260115606936416,
            "f1-score": 0.1368421052631579,
            "support": 173.0
        },
        "-": {
            "precision": 0.0,
            "recall": 0.0,
            "f1-score": 0.0,
            "support": 0.0
        },
        "accuracy": 0.4598684210526316,
        "macro avg": {
            "precision": 0.3709551071472743,
            "recall": 0.357818512888497,
            "f1-score": 0.3063472437804855,
            "support": 3040.0
        },
        "weighted avg": {
            "precision": 0.665912572600967,
            "recall": 0.4598684210526316,
            "f1-score": 0.5230046209785434,
            "support": 3040.0
        }
    },
    "ee": {
        "<": {
            "precision": 0.6607565011820331,
            "recall": 0.6759371221281741,
            "f1-score": 0.6682606096832038,
            "support": 1654.0
        },
        ">": {
            "precision": 0.747093023255814,
            "recall": 0.21274834437086093,
            "f1-score": 0.33118556701030927,
            "support": 1208.0
        },
        "=": {
            "precision": 0.07492507492507493,
            "recall": 0.42134831460674155,
            "f1-score": 0.1272264631043257,
            "support": 178.0
        },
        "-": {
            "precision": 0.0,
            "recall": 0.0,
            "f1-score": 0.0,
            "support": 0.0
        },
        "accuracy": 0.4769736842105263,
        "macro avg": {
            "precision": 0.3706936498407305,
            "recall": 0.3275084452764442,
            "f1-score": 0.28166815994945965,
            "support": 3040.0
        },
        "weighted avg": {
            "precision": 0.6607619369686741,
            "recall": 0.4769736842105263,
            "f1-score": 0.5026386591437639,
            "support": 3040.0
        }
    },
    "se": {
        "<": {
            "precision": 0.6686174103877103,
            "recall": 0.929334011184545,
            "f1-score": 0.7777068708785365,
            "support": 1967.0
        },
        ">": {
            "precision": 0.7659574468085106,
            "recall": 0.10485436893203884,
            "f1-score": 0.18445772843723313,
            "support": 1030.0
        },
        "=": {
            "precision": 0.0,
            "recall": 0.0,
            "f1-score": 0.0,
            "support": 11.0
        },
        "-": {
            "precision": 0.0,
            "recall": 0.0,
            "f1-score": 0.0,
            "support": 32.0
        },
        "accuracy": 0.6368421052631579,
        "macro avg": {
            "precision": 0.3586437142990552,
            "recall": 0.25854709502914597,
            "f1-score": 0.24054114982894242,
            "support": 3040.0
        },
        "weighted avg": {
            "precision": 0.6921403343570369,
            "recall": 0.6368421052631579,
            "f1-score": 0.5657042352988262,
            "support": 3040.0
        }
    },
    "es": {
        "<": {
            "precision": 0.6957637997432606,
            "recall": 0.40998487140695916,
            "f1-score": 0.5159447881960971,
            "support": 1322.0
        },
        ">": {
            "precision": 0.6954022988505747,
            "recall": 0.7903800475059383,
            "f1-score": 0.7398554752640356,
            "support": 1684.0
        },
        "=": {
            "precision": 0.0,
            "recall": 0.0,
            "f1-score": 0.0,
            "support": 13.0
        },
        "-": {
            "precision": 0.009009009009009009,
            "recall": 0.14285714285714285,
            "f1-score": 0.01694915254237288,
            "support": 21.0
        },
        "accuracy": 0.6171052631578947,
        "macro avg": {
            "precision": 0.3500437769007111,
            "recall": 0.33580551544251,
            "f1-score": 0.31818735400062637,
            "support": 3040.0
        },
        "weighted avg": {
            "precision": 0.6878442117480748,
            "recall": 0.6171052631578947,
            "f1-score": 0.6343261718892322,
            "support": 3040.0
        }
    }
}