{
    "<": {
        "precision": 0.6769520225776106,
        "recall": 0.5591297591297592,
        "f1-score": 0.6124255319148936,
        "support": 6435.0
    },
    ">": {
        "precision": 0.5988532110091743,
        "recall": 0.49292052104965073,
        "f1-score": 0.54074764419592,
        "support": 5297.0
    },
    "=": {
        "precision": 0.06519114688128773,
        "recall": 0.432,
        "f1-score": 0.11328671328671329,
        "support": 375.0
    },
    "-": {
        "precision": 0.0,
        "recall": 0.0,
        "f1-score": 0.0,
        "support": 53.0
    },
    "accuracy": 0.5239309210526316,
    "macro avg": {
        "precision": 0.33524909511701817,
        "recall": 0.37101257004485244,
        "f1-score": 0.31661497234938174,
        "support": 12160.0
    },
    "weighted avg": {
        "precision": 0.6211150003357733,
        "recall": 0.5239309210526316,
        "f1-score": 0.5631398919951189,
        "support": 12160.0
    },
    "confidence": {
        "accuracy": {
            "lower": 0.5152138157894737,
            "upper": 0.5324013157894737
        },
        "macro avg": {
            "precision": {
                "lower": 0.32984590326193075,
                "upper": 0.3404371730393738
            },
            "recall": {
                "lower": 0.3577181126495258,
                "upper": 0.38368582497208287
            },
            "f1-score": {
                "lower": 0.31052733376685016,
                "upper": 0.3222607930886461
            }
        },
        "weighted avg": {
            "precision": {
                "lower": 0.6112917482334495,
                "upper": 0.6303253966269327
            },
            "recall": {
                "lower": 0.5152138157894737,
                "upper": 0.5324013157894737
            },
            "f1-score": {
                "lower": 0.5541997023101505,
                "upper": 0.5711839437748388
            }
        }
    },
    "type": {},
    "ss": {
        "<": {
            "precision": 0.6735807860262009,
            "recall": 0.41353887399463807,
            "f1-score": 0.5124584717607974,
            "support": 1492.0
        },
        ">": {
            "precision": 0.6106951871657754,
            "recall": 0.4152727272727273,
            "f1-score": 0.49437229437229435,
            "support": 1375.0
        },
        "=": {
            "precision": 0.0672834314550042,
            "recall": 0.4624277456647399,
            "f1-score": 0.11747430249632893,
            "support": 173.0
        },
        "-": {
            "precision": 0.0,
            "recall": 0.0,
            "f1-score": 0.0,
            "support": 0.0
        },
        "accuracy": 0.41710526315789476,
        "macro avg": {
            "precision": 0.33788985116174514,
            "recall": 0.3228098367330263,
            "f1-score": 0.2810762671573552,
            "support": 3040.0
        },
        "weighted avg": {
            "precision": 0.6106343581400488,
            "recall": 0.41710526315789476,
            "f1-score": 0.48180032860555233,
            "support": 3040.0
        }
    },
    "ee": {
        "<": {
            "precision": 0.6750405186385737,
            "recall": 0.5036275695284159,
            "f1-score": 0.5768698060941828,
            "support": 1654.0
        },
        ">": {
            "precision": 0.5768621236133122,
            "recall": 0.30132450331125826,
            "f1-score": 0.3958673191952148,
            "support": 1208.0
        },
        "=": {
            "precision": 0.06978723404255319,
            "recall": 0.4606741573033708,
            "f1-score": 0.12121212121212122,
            "support": 178.0
        },
        "-": {
            "precision": 0.0,
            "recall": 0.0,
            "f1-score": 0.0,
            "support": 0.0
        },
        "accuracy": 0.4207236842105263,
        "macro avg": {
            "precision": 0.3304224690736098,
            "recall": 0.31640655753576125,
            "f1-score": 0.2734873116253797,
            "support": 3040.0
        },
        "weighted avg": {
            "precision": 0.6005883522410055,
            "recall": 0.4207236842105263,
            "f1-score": 0.47826517711952476,
            "support": 3040.0
        }
    },
    "se": {
        "<": {
            "precision": 0.6853932584269663,
            "recall": 0.9303507880020335,
            "f1-score": 0.7893034289411257,
            "support": 1967.0
        },
        ">": {
            "precision": 0.6134969325153374,
            "recall": 0.1941747572815534,
            "f1-score": 0.2949852507374631,
            "support": 1030.0
        },
        "=": {
            "precision": 0.0,
            "recall": 0.0,
            "f1-score": 0.0,
            "support": 11.0
        },
        "-": {
            "precision": 0.0,
            "recall": 0.0,
            "f1-score": 0.0,
            "support": 32.0
        },
        "accuracy": 0.6677631578947368,
        "macro avg": {
            "precision": 0.32472254773557596,
            "recall": 0.28113138632089674,
            "f1-score": 0.2710721699196472,
            "support": 3040.0
        },
        "weighted avg": {
            "precision": 0.6513389407291579,
            "recall": 0.6677631578947368,
            "f1-score": 0.6106561358509148,
            "support": 3040.0
        }
    },
    "es": {
        "<": {
            "precision": 0.6424242424242425,
            "recall": 0.2405446293494705,
            "f1-score": 0.3500275178866263,
            "support": 1322.0
        },
        ">": {
            "precision": 0.5980551053484603,
            "recall": 0.8764845605700713,
            "f1-score": 0.7109826589595376,
            "support": 1684.0
        },
        "=": {
            "precision": 0.0,
            "recall": 0.0,
            "f1-score": 0.0,
            "support": 13.0
        },
        "-": {
            "precision": 0.0,
            "recall": 0.0,
            "f1-score": 0.0,
            "support": 21.0
        },
        "accuracy": 0.5901315789473685,
        "macro avg": {
            "precision": 0.3101198369431757,
            "recall": 0.2792572974798854,
            "f1-score": 0.265252544211541,
            "support": 3040.0
        },
        "weighted avg": {
            "precision": 0.6106610677275183,
            "recall": 0.5901315789473685,
            "f1-score": 0.5460628869519675,
            "support": 3040.0
        }
    }
}