{
    "<": {
        "precision": 0.6766421983813288,
        "recall": 0.5586635586635587,
        "f1-score": 0.6120190670752469,
        "support": 6435.0
    },
    ">": {
        "precision": 0.5987611837577426,
        "recall": 0.4927317349443081,
        "f1-score": 0.5405965202982601,
        "support": 5297.0
    },
    "=": {
        "precision": 0.06430868167202572,
        "recall": 0.4266666666666667,
        "f1-score": 0.11177086971707999,
        "support": 375.0
    },
    "-": {
        "precision": 0.0,
        "recall": 0.0,
        "f1-score": 0.0,
        "support": 53.0
    },
    "accuracy": 0.5234375,
    "macro avg": {
        "precision": 0.33492801595277427,
        "recall": 0.3695154900686334,
        "f1-score": 0.3160966142726468,
        "support": 12160.0
    },
    "weighted avg": {
        "precision": 0.6208837411657585,
        "recall": 0.5234375,
        "f1-score": 0.5628122155257403,
        "support": 12160.0
    },
    "type": {},
    "ss": {
        "<": {
            "precision": 0.6728665207877462,
            "recall": 0.4121983914209115,
            "f1-score": 0.5112219451371571,
            "support": 1492.0
        },
        ">": {
            "precision": 0.6113490364025695,
            "recall": 0.4152727272727273,
            "f1-score": 0.494586401039411,
            "support": 1375.0
        },
        "=": {
            "precision": 0.0662751677852349,
            "recall": 0.45664739884393063,
            "f1-score": 0.11575091575091576,
            "support": 173.0
        },
        "-": {
            "precision": 0.0,
            "recall": 0.0,
            "f1-score": 0.0,
            "support": 0.0
        },
        "accuracy": 0.4161184210526316,
        "macro avg": {
            "precision": 0.33762268124388767,
            "recall": 0.32102962938439233,
            "f1-score": 0.280389815481871,
            "support": 3040.0
        },
        "weighted avg": {
            "precision": 0.6105221638472684,
            "recall": 0.4161184210526316,
            "f1-score": 0.48119222105221615,
            "support": 3040.0
        }
    },
    "ee": {
        "<": {
            "precision": 0.6750405186385737,
            "recall": 0.5036275695284159,
            "f1-score": 0.5768698060941828,
            "support": 1654.0
        },
        ">": {
            "precision": 0.5759493670886076,
            "recall": 0.30132450331125826,
            "f1-score": 0.39565217391304347,
            "support": 1208.0
        },
        "=": {
            "precision": 0.06899488926746167,
            "recall": 0.4550561797752809,
            "f1-score": 0.11982248520710059,
            "support": 178.0
        },
        "-": {
            "precision": 0.0,
            "recall": 0.0,
            "f1-score": 0.0,
            "support": 0.0
        },
        "accuracy": 0.42039473684210527,
        "macro avg": {
            "precision": 0.32999619374866074,
            "recall": 0.3150020631537388,
            "f1-score": 0.2730861163035817,
            "support": 3040.0
        },
        "weighted avg": {
            "precision": 0.6001792577502786,
            "recall": 0.42039473684210527,
            "f1-score": 0.47809831833342065,
            "support": 3040.0
        }
    },
    "se": {
        "<": {
            "precision": 0.6853932584269663,
            "recall": 0.9303507880020335,
            "f1-score": 0.7893034289411257,
            "support": 1967.0
        },
        ">": {
            "precision": 0.6153846153846154,
            "recall": 0.1941747572815534,
            "f1-score": 0.2952029520295203,
            "support": 1030.0
        },
        "=": {
            "precision": 0.0,
            "recall": 0.0,
            "f1-score": 0.0,
            "support": 11.0
        },
        "-": {
            "precision": 0.0,
            "recall": 0.0,
            "f1-score": 0.0,
            "support": 32.0
        },
        "accuracy": 0.6677631578947368,
        "macro avg": {
            "precision": 0.32519446845289546,
            "recall": 0.28113138632089674,
            "f1-score": 0.2711265952426615,
            "support": 3040.0
        },
        "weighted avg": {
            "precision": 0.6519785174907883,
            "recall": 0.6677631578947368,
            "f1-score": 0.6107298964860527,
            "support": 3040.0
        }
    },
    "es": {
        "<": {
            "precision": 0.6404040404040404,
            "recall": 0.23978819969742815,
            "f1-score": 0.34892680242157403,
            "support": 1322.0
        },
        ">": {
            "precision": 0.5976499189627229,
            "recall": 0.8758907363420427,
            "f1-score": 0.7105009633911368,
            "support": 1684.0
        },
        "=": {
            "precision": 0.0,
            "recall": 0.0,
            "f1-score": 0.0,
            "support": 13.0
        },
        "-": {
            "precision": 0.0,
            "recall": 0.0,
            "f1-score": 0.0,
            "support": 21.0
        },
        "accuracy": 0.5894736842105263,
        "macro avg": {
            "precision": 0.3095134898416908,
            "recall": 0.2789197340098677,
            "f1-score": 0.26485694145317773,
            "support": 3040.0
        },
        "weighted avg": {
            "precision": 0.6095580937326864,
            "recall": 0.5894736842105263,
            "f1-score": 0.5453173865631563,
            "support": 3040.0
        }
    }
}