{
    "<": {
        "precision": 0.6704260651629073,
        "recall": 0.6651126651126651,
        "f1-score": 0.6677587955378734,
        "support": 6435.0
    },
    ">": {
        "precision": 0.7128585240090235,
        "recall": 0.4175948650179347,
        "f1-score": 0.5266666666666666,
        "support": 5297.0
    },
    "=": {
        "precision": 0.076007326007326,
        "recall": 0.44266666666666665,
        "f1-score": 0.12973817897616258,
        "support": 375.0
    },
    "-": {
        "precision": 0.006134969325153374,
        "recall": 0.05660377358490566,
        "f1-score": 0.01107011070110701,
        "support": 53.0
    },
    "accuracy": 0.5477796052631579,
    "macro avg": {
        "precision": 0.3663567211261025,
        "recall": 0.395494492595543,
        "f1-score": 0.33380843797045245,
        "support": 12160.0
    },
    "weighted avg": {
        "precision": 0.6676834894429348,
        "recall": 0.5477796052631579,
        "f1-score": 0.5868437266120697,
        "support": 12160.0
    },
    "type": {},
    "ss": {
        "<": {
            "precision": 0.6717428087986463,
            "recall": 0.532171581769437,
            "f1-score": 0.5938668661181751,
            "support": 1492.0
        },
        ">": {
            "precision": 0.7328571428571429,
            "recall": 0.3730909090909091,
            "f1-score": 0.4944578313253012,
            "support": 1375.0
        },
        "=": {
            "precision": 0.078719723183391,
            "recall": 0.5260115606936416,
            "f1-score": 0.13694507148231752,
            "support": 173.0
        },
        "-": {
            "precision": 0.0,
            "recall": 0.0,
            "f1-score": 0.0,
            "support": 0.0
        },
        "accuracy": 0.4598684210526316,
        "macro avg": {
            "precision": 0.37082991870979504,
            "recall": 0.357818512888497,
            "f1-score": 0.30631744223144847,
            "support": 3040.0
        },
        "weighted avg": {
            "precision": 0.665637287587789,
            "recall": 0.4598684210526316,
            "f1-score": 0.5229014406865287,
            "support": 3040.0
        }
    },
    "ee": {
        "<": {
            "precision": 0.6605450236966824,
            "recall": 0.6741233373639661,
            "f1-score": 0.6672651107121484,
            "support": 1654.0
        },
        ">": {
            "precision": 0.7456647398843931,
            "recall": 0.21357615894039736,
            "f1-score": 0.33204633204633205,
            "support": 1208.0
        },
        "=": {
            "precision": 0.07477567298105683,
            "recall": 0.42134831460674155,
            "f1-score": 0.12701100762066045,
            "support": 178.0
        },
        "-": {
            "precision": 0.0,
            "recall": 0.0,
            "f1-score": 0.0,
            "support": 0.0
        },
        "accuracy": 0.4763157894736842,
        "macro avg": {
            "precision": 0.3702463591405331,
            "recall": 0.32726195272777625,
            "f1-score": 0.28158061259478523,
            "support": 3040.0
        },
        "weighted avg": {
            "precision": 0.6600705739359499,
            "recall": 0.4763157894736842,
            "f1-score": 0.5024264544691908,
            "support": 3040.0
        }
    },
    "se": {
        "<": {
            "precision": 0.6688620563483352,
            "recall": 0.929334011184545,
            "f1-score": 0.7778723404255319,
            "support": 1967.0
        },
        ">": {
            "precision": 0.7676056338028169,
            "recall": 0.10582524271844661,
            "f1-score": 0.18600682593856654,
            "support": 1030.0
        },
        "=": {
            "precision": 0.0,
            "recall": 0.0,
            "f1-score": 0.0,
            "support": 11.0
        },
        "-": {
            "precision": 0.0,
            "recall": 0.0,
            "f1-score": 0.0,
            "support": 32.0
        },
        "accuracy": 0.6371710526315789,
        "macro avg": {
            "precision": 0.35911692253778804,
            "recall": 0.25878981347574787,
            "f1-score": 0.2409697915910246,
            "support": 3040.0
        },
        "weighted avg": {
            "precision": 0.6928570617283146,
            "recall": 0.6371710526315789,
            "f1-score": 0.5663361593203108,
            "support": 3040.0
        }
    },
    "es": {
        "<": {
            "precision": 0.6952624839948783,
            "recall": 0.41074130105900153,
            "f1-score": 0.5164051355206848,
            "support": 1322.0
        },
        ">": {
            "precision": 0.6955613577023498,
            "recall": 0.7909738717339667,
            "f1-score": 0.7402056126701861,
            "support": 1684.0
        },
        "=": {
            "precision": 0.0,
            "recall": 0.0,
            "f1-score": 0.0,
            "support": 13.0
        },
        "-": {
            "precision": 0.00909090909090909,
            "recall": 0.14285714285714285,
            "f1-score": 0.017094017094017096,
            "support": 21.0
        },
        "accuracy": 0.6177631578947368,
        "macro avg": {
            "precision": 0.3499786876970343,
            "recall": 0.33614307891252776,
            "f1-score": 0.31842619132122196,
            "support": 3040.0
        },
        "weighted avg": {
            "precision": 0.6877148813496365,
            "recall": 0.6177631578947368,
            "f1-score": 0.6347213208072082,
            "support": 3040.0
        }
    }
}