{
    "SIMULTANEOUS": {
        "precision": 0.0963855421686747,
        "recall": 0.07272727272727272,
        "f1-score": 0.08290155440414508,
        "support": 110.0
    },
    "INCLUDES": {
        "precision": 0.0625,
        "recall": 0.056818181818181816,
        "f1-score": 0.05952380952380952,
        "support": 88.0
    },
    "BEGINS": {
        "precision": 0.0,
        "recall": 0.0,
        "f1-score": 0.0,
        "support": 2.0
    },
    "ENDED_BY": {
        "precision": 0.0,
        "recall": 0.0,
        "f1-score": 0.0,
        "support": 2.0
    },
    "BEFORE": {
        "precision": 0.32941176470588235,
        "recall": 0.08484848484848485,
        "f1-score": 0.13493975903614458,
        "support": 330.0
    },
    "IAFTER": {
        "precision": 0.010869565217391304,
        "recall": 0.1111111111111111,
        "f1-score": 0.019801980198019802,
        "support": 9.0
    },
    "IBEFORE": {
        "precision": 0.0,
        "recall": 0.0,
        "f1-score": 0.0,
        "support": 8.0
    },
    "BEGUN_BY": {
        "precision": 0.0,
        "recall": 0.0,
        "f1-score": 0.0,
        "support": 3.0
    },
    "IS_INCLUDED": {
        "precision": 0.1875,
        "recall": 0.10227272727272728,
        "f1-score": 0.1323529411764706,
        "support": 176.0
    },
    "AFTER": {
        "precision": 0.29069767441860467,
        "recall": 0.12626262626262627,
        "f1-score": 0.176056338028169,
        "support": 198.0
    },
    "ENDS": {
        "precision": 0.0,
        "recall": 0.0,
        "f1-score": 0.0,
        "support": 3.0
    },
    "accuracy": 0.09149623250807319,
    "macro avg": {
        "precision": 0.08885132241005027,
        "recall": 0.05036730945821855,
        "f1-score": 0.05505239839697806,
        "support": 929.0
    },
    "weighted avg": {
        "precision": 0.2319313860208134,
        "recall": 0.09149623250807319,
        "f1-score": 0.12617747804402302,
        "support": 929.0
    },
    "e-e": {
        "SIMULTANEOUS": {
            "precision": 0.15217391304347827,
            "recall": 0.07142857142857142,
            "f1-score": 0.09722222222222222,
            "support": 98.0
        },
        "INCLUDES": {
            "precision": 0.03773584905660377,
            "recall": 0.05,
            "f1-score": 0.043010752688172046,
            "support": 40.0
        },
        "BEGINS": {
            "precision": 0.0,
            "recall": 0.0,
            "f1-score": 0.0,
            "support": 0.0
        },
        "ENDED_BY": {
            "precision": 0.0,
            "recall": 0.0,
            "f1-score": 0.0,
            "support": 0.0
        },
        "BEFORE": {
            "precision": 0.3559322033898305,
            "recall": 0.09251101321585903,
            "f1-score": 0.14685314685314685,
            "support": 227.0
        },
        "IAFTER": {
            "precision": 0.0,
            "recall": 0.0,
            "f1-score": 0.0,
            "support": 2.0
        },
        "IBEFORE": {
            "precision": 0.0,
            "recall": 0.0,
            "f1-score": 0.0,
            "support": 1.0
        },
        "BEGUN_BY": {
            "precision": 0.0,
            "recall": 0.0,
            "f1-score": 0.0,
            "support": 1.0
        },
        "IS_INCLUDED": {
            "precision": 0.1,
            "recall": 0.14893617021276595,
            "f1-score": 0.11965811965811966,
            "support": 47.0
        },
        "AFTER": {
            "precision": 0.3125,
            "recall": 0.11976047904191617,
            "f1-score": 0.17316017316017315,
            "support": 167.0
        },
        "ENDS": {
            "precision": 0.0,
            "recall": 0.0,
            "f1-score": 0.0,
            "support": 1.0
        },
        "accuracy": 0.0976027397260274,
        "macro avg": {
            "precision": 0.08712199686271932,
            "recall": 0.04387602126355569,
            "f1-score": 0.05271858314380309,
            "support": 584.0
        },
        "weighted avg": {
            "precision": 0.26388114316783656,
            "recall": 0.0976027397260274,
            "f1-score": 0.13548896021001633,
            "support": 584.0
        },
        "support": 584
    },
    "dct-e": {
        "SIMULTANEOUS": {
            "precision": 0.0,
            "recall": 0.0,
            "f1-score": 0.0,
            "support": 0.0
        },
        "INCLUDES": {
            "precision": 0.11764705882352941,
            "recall": 0.05555555555555555,
            "f1-score": 0.07547169811320754,
            "support": 36.0
        },
        "BEGINS": {
            "precision": 0.0,
            "recall": 0.0,
            "f1-score": 0.0,
            "support": 0.0
        },
        "ENDED_BY": {
            "precision": 0.0,
            "recall": 0.0,
            "f1-score": 0.0,
            "support": 0.0
        },
        "BEFORE": {
            "precision": 0.6363636363636364,
            "recall": 0.07777777777777778,
            "f1-score": 0.13861386138613863,
            "support": 90.0
        },
        "IAFTER": {
            "precision": 0.0,
            "recall": 0.0,
            "f1-score": 0.0,
            "support": 0.0
        },
        "IBEFORE": {
            "precision": 0.0,
            "recall": 0.0,
            "f1-score": 0.0,
            "support": 0.0
        },
        "BEGUN_BY": {
            "precision": 0.0,
            "recall": 0.0,
            "f1-score": 0.0,
            "support": 0.0
        },
        "IS_INCLUDED": {
            "precision": 0.3333333333333333,
            "recall": 0.35714285714285715,
            "f1-score": 0.3448275862068966,
            "support": 14.0
        },
        "AFTER": {
            "precision": 0.36363636363636365,
            "recall": 0.16,
            "f1-score": 0.2222222222222222,
            "support": 25.0
        },
        "ENDS": {
            "precision": 0.0,
            "recall": 0.0,
            "f1-score": 0.0,
            "support": 0.0
        },
        "accuracy": 0.10909090909090909,
        "macro avg": {
            "precision": 0.13190730837789663,
            "recall": 0.05913419913419914,
            "f1-score": 0.071012306175315,
            "support": 165.0
        },
        "weighted avg": {
            "precision": 0.45615513423000054,
            "recall": 0.10909090909090909,
            "f1-score": 0.15500224496533366,
            "support": 165.0
        },
        "support": 165
    },
    "e-t": {
        "SIMULTANEOUS": {
            "precision": 0.0,
            "recall": 0.0,
            "f1-score": 0.0,
            "support": 8.0
        },
        "INCLUDES": {
            "precision": 0.0,
            "recall": 0.0,
            "f1-score": 0.0,
            "support": 4.0
        },
        "BEGINS": {
            "precision": 0.0,
            "recall": 0.0,
            "f1-score": 0.0,
            "support": 1.0
        },
        "ENDED_BY": {
            "precision": 0.0,
            "recall": 0.0,
            "f1-score": 0.0,
            "support": 2.0
        },
        "BEFORE": {
            "precision": 0.0,
            "recall": 0.0,
            "f1-score": 0.0,
            "support": 6.0
        },
        "IAFTER": {
            "precision": 0.045454545454545456,
            "recall": 0.16666666666666666,
            "f1-score": 0.07142857142857142,
            "support": 6.0
        },
        "IBEFORE": {
            "precision": 0.0,
            "recall": 0.0,
            "f1-score": 0.0,
            "support": 5.0
        },
        "BEGUN_BY": {
            "precision": 0.0,
            "recall": 0.0,
            "f1-score": 0.0,
            "support": 1.0
        },
        "IS_INCLUDED": {
            "precision": 0.75,
            "recall": 0.05405405405405406,
            "f1-score": 0.10084033613445378,
            "support": 111.0
        },
        "AFTER": {
            "precision": 0.0,