{
    "BEFORE": {
        "precision": 0.3764705882352941,
        "recall": 0.09696969696969697,
        "f1-score": 0.15421686746987953,
        "support": 330.0
    },
    "ENDS": {
        "precision": 0.0,
        "recall": 0.0,
        "f1-score": 0.0,
        "support": 3.0
    },
    "IBEFORE": {
        "precision": 0.0,
        "recall": 0.0,
        "f1-score": 0.0,
        "support": 8.0
    },
    "BEGUN_BY": {
        "precision": 0.0,
        "recall": 0.0,
        "f1-score": 0.0,
        "support": 3.0
    },
    "IS_INCLUDED": {
        "precision": 0.1791044776119403,
        "recall": 0.06818181818181818,
        "f1-score": 0.09876543209876543,
        "support": 176.0
    },
    "BEGINS": {
        "precision": 0.0,
        "recall": 0.0,
        "f1-score": 0.0,
        "support": 2.0
    },
    "AFTER": {
        "precision": 0.18888888888888888,
        "recall": 0.08585858585858586,
        "f1-score": 0.11805555555555555,
        "support": 198.0
    },
    "SIMULTANEOUS": {
        "precision": 0.08641975308641975,
        "recall": 0.06363636363636363,
        "f1-score": 0.07329842931937172,
        "support": 110.0
    },
    "ENDED_BY": {
        "precision": 0.0,
        "recall": 0.0,
        "f1-score": 0.0,
        "support": 2.0
    },
    "INCLUDES": {
        "precision": 0.09782608695652174,
        "recall": 0.10227272727272728,
        "f1-score": 0.1,
        "support": 88.0
    },
    "IAFTER": {
        "precision": 0.0,
        "recall": 0.0,
        "f1-score": 0.0,
        "support": 9.0
    },
    "accuracy": 0.08288482238966631,
    "macro avg": {
        "precision": 0.08442816316173317,
        "recall": 0.037901744719926536,
        "f1-score": 0.049485116767597474,
        "support": 929.0
    },
    "weighted avg": {
        "precision": 0.22741932257161315,
        "recall": 0.08288482238966631,
        "f1-score": 0.11680528475734536,
        "support": 929.0
    },
    "t-t": {
        "BEFORE": {
            "precision": 0.0,
            "recall": 0.0,
            "f1-score": 0.0,
            "support": 1.0
        },
        "ENDS": {
            "precision": 0.0,
            "recall": 0.0,
            "f1-score": 0.0,
            "support": 0.0
        },
        "IBEFORE": {
            "precision": 0.0,
            "recall": 0.0,
            "f1-score": 0.0,
            "support": 1.0
        },
        "BEGUN_BY": {
            "precision": 0.0,
            "recall": 0.0,
            "f1-score": 0.0,
            "support": 1.0
        },
        "IS_INCLUDED": {
            "precision": 0.0,
            "recall": 0.0,
            "f1-score": 0.0,
            "support": 1.0
        },
        "BEGINS": {
            "precision": 0.0,
            "recall": 0.0,
            "f1-score": 0.0,
            "support": 0.0
        },
        "AFTER": {
            "precision": 0.0,
            "recall": 0.0,
            "f1-score": 0.0,
            "support": 0.0
        },
        "SIMULTANEOUS": {
            "precision": 0.0,
            "recall": 0.0,
            "f1-score": 0.0,
            "support": 0.0
        },
        "ENDED_BY": {
            "precision": 0.0,
            "recall": 0.0,
            "f1-score": 0.0,
            "support": 0.0
        },
        "INCLUDES": {
            "precision": 0.0,
            "recall": 0.0,
            "f1-score": 0.0,
            "support": 2.0
        },
        "IAFTER": {
            "precision": 0.0,
            "recall": 0.0,
            "f1-score": 0.0,
            "support": 1.0
        },
        "accuracy": 0.0,
        "macro avg": {
            "precision": 0.0,
            "recall": 0.0,
            "f1-score": 0.0,
            "support": 7.0
        },
        "weighted avg": {
            "precision": 0.0,
            "recall": 0.0,
            "f1-score": 0.0,
            "support": 7.0
        },
        "support": 7
    },
    "e-e": {
        "BEFORE": {
            "precision": 0.3898305084745763,
            "recall": 0.1013215859030837,
            "f1-score": 0.16083916083916083,
            "support": 227.0
        },
        "ENDS": {
            "precision": 0.0,
            "recall": 0.0,
            "f1-score": 0.0,
            "support": 1.0
        },
        "IBEFORE": {
            "precision": 0.0,
            "recall": 0.0,
            "f1-score": 0.0,
            "support": 1.0
        },
        "BEGUN_BY": {
            "precision": 0.0,
            "recall": 0.0,
            "f1-score": 0.0,
            "support": 1.0
        },
        "IS_INCLUDED": {
            "precision": 0.07894736842105263,
            "recall": 0.06382978723404255,
            "f1-score": 0.07058823529411765,
            "support": 47.0
        },
        "BEGINS": {
            "precision": 0.0,
            "recall": 0.0,
            "f1-score": 0.0,
            "support": 0.0
        },
        "AFTER": {
            "precision": 0.2549019607843137,
            "recall": 0.07784431137724551,
            "f1-score": 0.11926605504587157,
            "support": 167.0
        },
        "SIMULTANEOUS": {
            "precision": 0.1320754716981132,
            "recall": 0.07142857142857142,
            "f1-score": 0.09271523178807947,
            "support": 98.0
        },
        "ENDED_BY": {
            "precision": 0.0,
            "recall": 0.0,
            "f1-score": 0.0,
            "support": 0.0
        },
        "INCLUDES": {
            "precision": 0.05,
            "recall": 0.075,
            "f1-score": 0.06,
            "support": 40.0
        },
        "IAFTER": {
            "precision": 0.0,
            "recall": 0.0,
            "f1-score": 0.0,
            "support": 2.0
        },
        "accuracy": 0.0839041095890411,
        "macro avg": {
            "precision": 0.08234139176164144,
            "recall": 0.03540220508572211,
            "f1-score": 0.045764425724293595,
            "support": 584.0
        },
        "weighted avg": {
            "precision": 0.25635971817964687,
            "recall": 0.0839041095890411,
            "f1-score": 0.1219720213650777,
            "support": 584.0
        },
        "support": 584
    },
    "dct-t": {
        "BEFORE": {
            "precision": 0.0,
            "recall": 0.0,
            "f1-score": 0.0,
            "support": 6.0
        },
        "ENDS": {
            "precision": 0.0,
            "recall": 0.0,
            "f1-score": 0.0,
            "support": 0.0
        },
        "IBEFORE": {
            "precision": 0.0,
            "recall": 0.0,
            "f1-score": 0.0,
            "support": 1.0
        },
        "BEGUN_BY": {
            "precision": 0.0,
            "recall": 0.0,
            "f1-score": 0.0,
            "support": 0.0
        },
        "IS_INCLUDED": {
            "precision": 0.3333333333333333,
            "recall": 0.3333333333333333,
            "f1-score": 0.3333333333333333,
            "support": 3.0
        },
        "BEGINS": {
            "precision": 0.0,
            "recall": 0.0,
            "f1-score": 0.0,
            "support": 1.0
        },
        "AFTER": {
            "precision": 0.0,
            "recall": 0.0,
            "f1-score": 0.0,
            "support": 2.0
        },
        "SIMULTANEOUS": {
            "precision": 0.0,
            "recall": 0.0,
            "f1-score": 0.0,
            "support": 4.0
        },
        "ENDED_BY": {
            "precision": 0.0,
            "recall": 0.0,
            "f1-score": 0.0,
            "support": 0.0
        },
        "INCLUDES": {
            "precision": 0.5,
            "recall": 0.16666666666666666,
            "f1-score": 0.25,
            "support": 6.0
        },
        "IAFTER": {
            "precision": 0.0,
            "recall": 0.0,
            "f1-score": 0.0,
            "support": 0.0
        },
        "accuracy": 0.08695652173913043,
        "macro avg": {
            "precision": 0.07575757575757575,