{
    "BEFORE": {
        "precision": 0.7959183673469388,
        "recall": 0.7090909090909091,
        "f1-score": 0.75,
        "support": 330.0
    },
    "SIMULTANEOUS": {
        "precision": 0.5641025641025641,
        "recall": 0.4,
        "f1-score": 0.46808510638297873,
        "support": 110.0
    },
    "AFTER": {
        "precision": 0.725609756097561,
        "recall": 0.601010101010101,
        "f1-score": 0.6574585635359116,
        "support": 198.0
    },
    "IBEFORE": {
        "precision": 0.0,
        "recall": 0.0,
        "f1-score": 0.0,
        "support": 8.0
    },
    "IS_INCLUDED": {
        "precision": 0.5670995670995671,
        "recall": 0.7443181818181818,
        "f1-score": 0.6437346437346437,
        "support": 176.0
    },
    "BEGINS": {
        "precision": 0.0,
        "recall": 0.0,
        "f1-score": 0.0,
        "support": 2.0
    },
    "BEGUN_BY": {
        "precision": 0.07142857142857142,
        "recall": 0.3333333333333333,
        "f1-score": 0.11764705882352941,
        "support": 3.0
    },
    "IAFTER": {
        "precision": 0.0,
        "recall": 0.0,
        "f1-score": 0.0,
        "support": 9.0
    },
    "ENDS": {
        "precision": 0.0,
        "recall": 0.0,
        "f1-score": 0.0,
        "support": 3.0
    },
    "INCLUDES": {
        "precision": 0.43902439024390244,
        "recall": 0.6136363636363636,
        "f1-score": 0.5118483412322274,
        "support": 88.0
    },
    "ENDED_BY": {
        "precision": 0.2,
        "recall": 0.5,
        "f1-score": 0.2857142857142857,
        "support": 2.0
    },
    "accuracy": 0.628632938643703,
    "macro avg": {
        "precision": 0.30574392875628226,
        "recall": 0.3546717171717172,
        "f1-score": 0.3122261817657797,
        "support": 929.0
    },
    "weighted avg": {
        "precision": 0.6538568685127684,
        "recall": 0.628632938643703,
        "f1-score": 0.6334020219115938,
        "support": 929.0
    }
}