{
    "IS_INCLUDED": {
        "precision": 0.7933333333333333,
        "recall": 0.6761363636363636,
        "f1-score": 0.7300613496932515,
        "support": 176.0
    },
    "INCLUDES": {
        "precision": 0.7058823529411765,
        "recall": 0.4090909090909091,
        "f1-score": 0.5179856115107914,
        "support": 88.0
    },
    "AFTER": {
        "precision": 0.6150627615062761,
        "recall": 0.7424242424242424,
        "f1-score": 0.6727688787185355,
        "support": 198.0
    },
    "ENDS": {
        "precision": 0.0,
        "recall": 0.0,
        "f1-score": 0.0,
        "support": 3.0
    },
    "IBEFORE": {
        "precision": 0.0,
        "recall": 0.0,
        "f1-score": 0.0,
        "support": 8.0
    },
    "IAFTER": {
        "precision": 0.0,
        "recall": 0.0,
        "f1-score": 0.0,
        "support": 9.0
    },
    "BEFORE": {
        "precision": 0.7486910994764397,
        "recall": 0.8666666666666667,
        "f1-score": 0.8033707865168539,
        "support": 330.0
    },
    "BEGINS": {
        "precision": 0.0,
        "recall": 0.0,
        "f1-score": 0.0,
        "support": 2.0
    },
    "SIMULTANEOUS": {
        "precision": 0.53,
        "recall": 0.4818181818181818,
        "f1-score": 0.5047619047619047,
        "support": 110.0
    },
    "ENDED_BY": {
        "precision": 0.0,
        "recall": 0.0,
        "f1-score": 0.0,
        "support": 2.0
    },
    "BEGUN_BY": {
        "precision": 0.0,
        "recall": 0.0,
        "f1-score": 0.0,
        "support": 3.0
    },
    "accuracy": 0.689989235737352,
    "macro avg": {
        "precision": 0.30845177702338417,
        "recall": 0.2887396694214876,
        "f1-score": 0.2935407755637579,
        "support": 929.0
    },
    "weighted avg": {
        "precision": 0.6769588841022153,
        "recall": 0.689989235737352,
        "f1-score": 0.6759073610544707,
        "support": 929.0
    },
    "e-t": {
        "IS_INCLUDED": {
            "precision": 0.8360655737704918,
            "recall": 0.918918918918919,
            "f1-score": 0.8755364806866953,
            "support": 111.0
        },
        "INCLUDES": {
            "precision": 1.0,
            "recall": 0.25,
            "f1-score": 0.4,
            "support": 4.0
        },
        "AFTER": {
            "precision": 0.25,
            "recall": 0.5,
            "f1-score": 0.3333333333333333,
            "support": 4.0
        },
        "ENDS": {
            "precision": 0.0,
            "recall": 0.0,
            "f1-score": 0.0,
            "support": 2.0
        },
        "IBEFORE": {
            "precision": 0.0,
            "recall": 0.0,
            "f1-score": 0.0,
            "support": 5.0
        },
        "IAFTER": {
            "precision": 0.0,
            "recall": 0.0,
            "f1-score": 0.0,
            "support": 6.0
        },
        "BEFORE": {
            "precision": 0.3076923076923077,
            "recall": 0.6666666666666666,
            "f1-score": 0.42105263157894735,
            "support": 6.0
        },
        "BEGINS": {
            "precision": 0.0,
            "recall": 0.0,
            "f1-score": 0.0,
            "support": 1.0
        },
        "SIMULTANEOUS": {
            "precision": 0.0,
            "recall": 0.0,
            "f1-score": 0.0,
            "support": 8.0
        },
        "ENDED_BY": {
            "precision": 0.0,
            "recall": 0.0,
            "f1-score": 0.0,
            "support": 2.0
        },
        "BEGUN_BY": {
            "precision": 0.0,
            "recall": 0.0,
            "f1-score": 0.0,
            "support": 1.0
        },
        "accuracy": 0.7266666666666667,
        "macro avg": {
            "precision": 0.21761435286025452,
            "recall": 0.21232596232596232,
            "f1-score": 0.18453840414536146,
            "support": 150.0
        },
        "weighted avg": {
            "precision": 0.6643295502311896,
            "recall": 0.7266666666666667,
            "f1-score": 0.6842946565268679,
            "support": 150.0
        },
        "support": 150
    },
    "e-e": {
        "IS_INCLUDED": {
            "precision": 0.5384615384615384,
            "recall": 0.14893617021276595,
            "f1-score": 0.23333333333333334,
            "support": 47.0
        },
        "INCLUDES": {
            "precision": 0.5416666666666666,
            "recall": 0.325,
            "f1-score": 0.40625,
            "support": 40.0
        },
        "AFTER": {
            "precision": 0.6358974358974359,
            "recall": 0.7425149700598802,
            "f1-score": 0.6850828729281768,
            "support": 167.0
        },
        "ENDS": {
            "precision": 0.0,
            "recall": 0.0,
            "f1-score": 0.0,
            "support": 1.0
        },
        "IBEFORE": {
            "precision": 0.0,
            "recall": 0.0,
            "f1-score": 0.0,
            "support": 1.0
        },
        "IAFTER": {
            "precision": 0.0,
            "recall": 0.0,
            "f1-score": 0.0,
            "support": 2.0
        },
        "BEFORE": {
            "precision": 0.7529880478087649,
            "recall": 0.8325991189427313,
            "f1-score": 0.7907949790794979,
            "support": 227.0
        },
        "BEGINS": {
            "precision": 0.0,
            "recall": 0.0,
            "f1-score": 0.0,
            "support": 0.0
        },
        "SIMULTANEOUS": {
            "precision": 0.5463917525773195,
            "recall": 0.5408163265306123,
            "f1-score": 0.5435897435897435,
            "support": 98.0
        },
        "ENDED_BY": {
            "precision": 0.0,
            "recall": 0.0,
            "f1-score": 0.0,
            "support": 0.0
        },
        "BEGUN_BY": {
            "precision": 0.0,
            "recall": 0.0,
            "f1-score": 0.0,
            "support": 1.0
        },
        "accuracy": 0.660958904109589,
        "macro avg": {
            "precision": 0.2741277674010659,
            "recall": 0.23544241688599907,
            "f1-score": 0.24173190263006833,
            "support": 584.0
        },
        "weighted avg": {
            "precision": 0.6466505297506812,
            "recall": 0.660958904109589,
            "f1-score": 0.6411091807680019,
            "support": 584.0
        },
        "support": 584
    },
    "dct-e": {
        "IS_INCLUDED": {
            "precision": 0.6666666666666666,
            "recall": 0.5714285714285714,
            "f1-score": 0.6153846153846154,
            "support": 14.0
        },
        "INCLUDES": {
            "precision": 0.9047619047619048,
            "recall": 0.5277777777777778,
            "f1-score": 0.6666666666666666,
            "support": 36.0
        },
        "AFTER": {
            "precision": 0.6785714285714286,
            "recall": 0.76,
            "f1-score": 0.7169811320754716,
            "support": 25.0
        },
        "ENDS": {
            "precision": 0.0,
            "recall": 0.0,
            "f1-score": 0.0,
            "support": 0.0
        },
        "IBEFORE": {
            "precision": 0.0,
            "recall": 0.0,
            "f1-score": 0.0,
            "support": 0.0
        },
        "IAFTER": {
            "precision": 0.0,
            "recall": 0.0,
            "f1-score": 0.0,
            "support": 0.0
        },
        "BEFORE": {
            "precision": 0.8269230769230769,
            "recall": 0.9555555555555556,
            "f1-score": 0.8865979381443299,
            "support": 90.0
        },
        "BEGINS": {
            "precision": 0.0,
            "recall": 0.0,
            "f1-score": 0.0,
            "support": 0.0
        },
        "SIMULTANEOUS": {
            "precision": 0.0,
            "recall": 0.0,
            "f1-score": 0.0,
            "support": 0.0
        },
        "ENDED_BY": {
            "precision": 0.0,
            "recall": 0.0,