{
    "BEFORE": {
        "precision": 0.7210526315789474,
        "recall": 0.8303030303030303,
        "f1-score": 0.7718309859154929,
        "support": 330.0
    },
    "IAFTER": {
        "precision": 0.0,
        "recall": 0.0,
        "f1-score": 0.0,
        "support": 9.0
    },
    "AFTER": {
        "precision": 0.6233183856502242,
        "recall": 0.702020202020202,
        "f1-score": 0.6603325415676959,
        "support": 198.0
    },
    "IS_INCLUDED": {
        "precision": 0.6648648648648648,
        "recall": 0.6988636363636364,
        "f1-score": 0.6814404432132964,
        "support": 176.0
    },
    "SIMULTANEOUS": {
        "precision": 0.6363636363636364,
        "recall": 0.3181818181818182,
        "f1-score": 0.42424242424242425,
        "support": 110.0
    },
    "BEGUN_BY": {
        "precision": 0.3333333333333333,
        "recall": 0.3333333333333333,
        "f1-score": 0.3333333333333333,
        "support": 3.0
    },
    "IBEFORE": {
        "precision": 0.0,
        "recall": 0.0,
        "f1-score": 0.0,
        "support": 8.0
    },
    "ENDED_BY": {
        "precision": 0.16666666666666666,
        "recall": 0.5,
        "f1-score": 0.25,
        "support": 2.0
    },
    "BEGINS": {
        "precision": 0.0,
        "recall": 0.0,
        "f1-score": 0.0,
        "support": 2.0
    },
    "ENDS": {
        "precision": 0.0,
        "recall": 0.0,
        "f1-score": 0.0,
        "support": 3.0
    },
    "INCLUDES": {
        "precision": 0.4084507042253521,
        "recall": 0.32954545454545453,
        "f1-score": 0.36477987421383645,
        "support": 88.0
    },
    "accuracy": 0.6480086114101185,
    "macro avg": {
        "precision": 0.3230954747893659,
        "recall": 0.3374770431588613,
        "f1-score": 0.31690541840782543,
        "support": 929.0
    },
    "weighted avg": {
        "precision": 0.6304172446729577,
        "recall": 0.6480086114101185,
        "f1-score": 0.630409991588311,
        "support": 929.0
    },
    "t-t": {
        "BEFORE": {
            "precision": 1.0,
            "recall": 1.0,
            "f1-score": 1.0,
            "support": 1.0
        },
        "IAFTER": {
            "precision": 0.0,
            "recall": 0.0,
            "f1-score": 0.0,
            "support": 1.0
        },
        "AFTER": {
            "precision": 0.0,
            "recall": 0.0,
            "f1-score": 0.0,
            "support": 0.0
        },
        "IS_INCLUDED": {
            "precision": 0.5,
            "recall": 1.0,
            "f1-score": 0.6666666666666666,
            "support": 1.0
        },
        "SIMULTANEOUS": {
            "precision": 0.0,
            "recall": 0.0,
            "f1-score": 0.0,
            "support": 0.0
        },
        "BEGUN_BY": {
            "precision": 1.0,
            "recall": 1.0,
            "f1-score": 1.0,
            "support": 1.0
        },
        "IBEFORE": {
            "precision": 0.0,
            "recall": 0.0,
            "f1-score": 0.0,
            "support": 1.0
        },
        "ENDED_BY": {
            "precision": 0.0,
            "recall": 0.0,
            "f1-score": 0.0,
            "support": 0.0
        },
        "BEGINS": {
            "precision": 0.0,
            "recall": 0.0,
            "f1-score": 0.0,
            "support": 0.0
        },
        "ENDS": {
            "precision": 0.0,
            "recall": 0.0,
            "f1-score": 0.0,
            "support": 0.0
        },
        "INCLUDES": {
            "precision": 1.0,
            "recall": 0.5,
            "f1-score": 0.6666666666666666,
            "support": 2.0
        },
        "accuracy": 0.5714285714285714,
        "macro avg": {
            "precision": 0.3181818181818182,
            "recall": 0.3181818181818182,
            "f1-score": 0.303030303030303,
            "support": 7.0
        },
        "weighted avg": {
            "precision": 0.6428571428571429,
            "recall": 0.5714285714285714,
            "f1-score": 0.5714285714285714,
            "support": 7.0
        },
        "support": 7
    },
    "e-t": {
        "BEFORE": {
            "precision": 0.23076923076923078,
            "recall": 0.5,
            "f1-score": 0.3157894736842105,
            "support": 6.0
        },
        "IAFTER": {
            "precision": 0.0,
            "recall": 0.0,
            "f1-score": 0.0,
            "support": 6.0
        },
        "AFTER": {
            "precision": 0.2727272727272727,
            "recall": 0.75,
            "f1-score": 0.4,
            "support": 4.0
        },
        "IS_INCLUDED": {
            "precision": 0.8782608695652174,
            "recall": 0.9099099099099099,
            "f1-score": 0.8938053097345132,
            "support": 111.0
        },
        "SIMULTANEOUS": {
            "precision": 0.2,
            "recall": 0.125,
            "f1-score": 0.15384615384615385,
            "support": 8.0
        },
        "BEGUN_BY": {
            "precision": 0.0,
            "recall": 0.0,
            "f1-score": 0.0,
            "support": 1.0
        },
        "IBEFORE": {
            "precision": 0.0,
            "recall": 0.0,
            "f1-score": 0.0,
            "support": 5.0
        },
        "ENDED_BY": {
            "precision": 0.5,
            "recall": 0.5,
            "f1-score": 0.5,
            "support": 2.0
        },
        "BEGINS": {
            "precision": 0.0,
            "recall": 0.0,
            "f1-score": 0.0,
            "support": 1.0
        },
        "ENDS": {
            "precision": 0.0,
            "recall": 0.0,
            "f1-score": 0.0,
            "support": 2.0
        },
        "INCLUDES": {
            "precision": 0.0,
            "recall": 0.0,
            "f1-score": 0.0,
            "support": 4.0
        },
        "accuracy": 0.7266666666666667,
        "macro avg": {
            "precision": 0.18925067027833825,
            "recall": 0.25317362817362815,
            "f1-score": 0.20576735793317066,
            "support": 150.0
        },
        "weighted avg": {
            "precision": 0.6837498733150907,
            "recall": 0.7266666666666667,
            "f1-score": 0.6995859696893696,
            "support": 150.0
        },
        "support": 150
    },
    "dct-e": {
        "BEFORE": {
            "precision": 0.7476635514018691,
            "recall": 0.8888888888888888,
            "f1-score": 0.8121827411167513,
            "support": 90.0
        },
        "IAFTER": {
            "precision": 0.0,
            "recall": 0.0,
            "f1-score": 0.0,
            "support": 0.0
        },
        "AFTER": {
            "precision": 0.6206896551724138,
            "recall": 0.72,
            "f1-score": 0.6666666666666666,
            "support": 25.0
        },
        "IS_INCLUDED": {
            "precision": 0.26666666666666666,
            "recall": 0.2857142857142857,
            "f1-score": 0.27586206896551724,
            "support": 14.0
        },
        "SIMULTANEOUS": {
            "precision": 0.0,
            "recall": 0.0,
            "f1-score": 0.0,
            "support": 0.0
        },
        "BEGUN_BY": {
            "precision": 0.0,
            "recall": 0.0,
            "f1-score": 0.0,
            "support": 0.0
        },
        "IBEFORE": {
            "precision": 0.0,
            "recall": 0.0,
            "f1-score": 0.0,
            "support": 0.0
        },
        "ENDED_BY": {
            "precision": 0.0,
            "recall": 0.0,
            "f1-score": 0.0,
            "support": 0.0
        },
        "BEGINS": {
            "precision": 0.0,
            "recall": 0.0,
            "f1-score": 0.0,
            "support": 0.0
        },
        "ENDS": {
            "precision": 0.0,
            "recall": 0.0,
            "f1-score": 0.0,
            "support": 0.0
        },
        "INCLUDES": {
            "precision": 0.9166666666666666,
            "recall": 0.3055555555555556,