{
    "BEGINS": {
        "precision": 0.0,
        "recall": 0.0,
        "f1-score": 0.0,
        "support": 2.0
    },
    "INCLUDES": {
        "precision": 0.3644859813084112,
        "recall": 0.4431818181818182,
        "f1-score": 0.4,
        "support": 88.0
    },
    "IS_INCLUDED": {
        "precision": 0.4916387959866221,
        "recall": 0.8352272727272727,
        "f1-score": 0.6189473684210526,
        "support": 176.0
    },
    "IAFTER": {
        "precision": 0.0,
        "recall": 0.0,
        "f1-score": 0.0,
        "support": 9.0
    },
    "SIMULTANEOUS": {
        "precision": 0.62,
        "recall": 0.2818181818181818,
        "f1-score": 0.3875,
        "support": 110.0
    },
    "ENDS": {
        "precision": 0.0,
        "recall": 0.0,
        "f1-score": 0.0,
        "support": 3.0
    },
    "BEGUN_BY": {
        "precision": 0.0,
        "recall": 0.0,
        "f1-score": 0.0,
        "support": 3.0
    },
    "ENDED_BY": {
        "precision": 0.05128205128205128,
        "recall": 1.0,
        "f1-score": 0.0975609756097561,
        "support": 2.0
    },
    "BEFORE": {
        "precision": 0.8144329896907216,
        "recall": 0.7181818181818181,
        "f1-score": 0.7632850241545893,
        "support": 330.0
    },
    "IBEFORE": {
        "precision": 0.0,
        "recall": 0.0,
        "f1-score": 0.0,
        "support": 8.0
    },
    "AFTER": {
        "precision": 0.8229166666666666,
        "recall": 0.398989898989899,
        "f1-score": 0.5374149659863946,
        "support": 198.0
    },
    "accuracy": 0.5758880516684607,
    "macro avg": {
        "precision": 0.287705134994043,
        "recall": 0.33430899908172634,
        "f1-score": 0.25497348492470845,
        "support": 929.0
    },
    "weighted avg": {
        "precision": 0.6658839022059072,
        "recall": 0.5758880516684607,
        "f1-score": 0.5869182777498875,
        "support": 929.0
    }
}