{
    "BEGUN_BY": {
        "precision": 0.0,
        "recall": 0.0,
        "f1-score": 0.0,
        "support": 3.0
    },
    "IBEFORE": {
        "precision": 0.0,
        "recall": 0.0,
        "f1-score": 0.0,
        "support": 8.0
    },
    "BEGINS": {
        "precision": 0.0,
        "recall": 0.0,
        "f1-score": 0.0,
        "support": 2.0
    },
    "INCLUDES": {
        "precision": 0.49038461538461536,
        "recall": 0.5795454545454546,
        "f1-score": 0.53125,
        "support": 88.0
    },
    "BEFORE": {
        "precision": 0.7323529411764705,
        "recall": 0.7545454545454545,
        "f1-score": 0.7432835820895523,
        "support": 330.0
    },
    "SIMULTANEOUS": {
        "precision": 0.5584415584415584,
        "recall": 0.39090909090909093,
        "f1-score": 0.45989304812834225,
        "support": 110.0
    },
    "ENDS": {
        "precision": 0.0,
        "recall": 0.0,
        "f1-score": 0.0,
        "support": 3.0
    },
    "ENDED_BY": {
        "precision": 1.0,
        "recall": 0.5,
        "f1-score": 0.6666666666666666,
        "support": 2.0
    },
    "IS_INCLUDED": {
        "precision": 0.6421052631578947,
        "recall": 0.6931818181818182,
        "f1-score": 0.6666666666666666,
        "support": 176.0
    },
    "AFTER": {
        "precision": 0.6701030927835051,
        "recall": 0.6565656565656566,
        "f1-score": 0.6632653061224489,
        "support": 198.0
    },
    "IAFTER": {
        "precision": 0.0,
        "recall": 0.0,
        "f1-score": 0.0,
        "support": 9.0
    },
    "accuracy": 0.6415500538213132,
    "macro avg": {
        "precision": 0.3721261337221859,
        "recall": 0.3249770431588614,
        "f1-score": 0.33918411542487975,
        "support": 929.0
    },
    "weighted avg": {
        "precision": 0.6393431936034191,
        "recall": 0.6415500538213132,
        "f1-score": 0.63790636669815,
        "support": 929.0
    },
    "dct-e": {
        "BEGUN_BY": {
            "precision": 0.0,
            "recall": 0.0,
            "f1-score": 0.0,
            "support": 0.0
        },
        "IBEFORE": {
            "precision": 0.0,
            "recall": 0.0,
            "f1-score": 0.0,
            "support": 0.0
        },
        "BEGINS": {
            "precision": 0.0,
            "recall": 0.0,
            "f1-score": 0.0,
            "support": 0.0
        },
        "INCLUDES": {
            "precision": 0.7941176470588235,
            "recall": 0.75,
            "f1-score": 0.7714285714285715,
            "support": 36.0
        },
        "BEFORE": {
            "precision": 0.8080808080808081,
            "recall": 0.8888888888888888,
            "f1-score": 0.8465608465608465,
            "support": 90.0
        },
        "SIMULTANEOUS": {
            "precision": 0.0,
            "recall": 0.0,
            "f1-score": 0.0,
            "support": 0.0
        },
        "ENDS": {
            "precision": 0.0,
            "recall": 0.0,
            "f1-score": 0.0,
            "support": 0.0
        },
        "ENDED_BY": {
            "precision": 0.0,
            "recall": 0.0,
            "f1-score": 0.0,
            "support": 0.0
        },
        "IS_INCLUDED": {
            "precision": 0.3333333333333333,
            "recall": 0.35714285714285715,
            "f1-score": 0.3448275862068966,
            "support": 14.0
        },
        "AFTER": {
            "precision": 0.875,
            "recall": 0.56,
            "f1-score": 0.6829268292682927,
            "support": 25.0
        },
        "IAFTER": {
            "precision": 0.0,
            "recall": 0.0,
            "f1-score": 0.0,
            "support": 0.0
        },
        "accuracy": 0.7636363636363637,
        "macro avg": {
            "precision": 0.25550288986117864,
            "recall": 0.23236652236652236,
            "f1-score": 0.24052216667860063,
            "support": 165.0
        },
        "weighted avg": {
            "precision": 0.7748919678064063,
            "recall": 0.7636363636363637,
            "f1-score": 0.762804010306113,
            "support": 165.0
        },
        "support": 165
    },
    "e-t": {
        "BEGUN_BY": {
            "precision": 0.0,
            "recall": 0.0,
            "f1-score": 0.0,
            "support": 1.0
        },
        "IBEFORE": {
            "precision": 0.0,
            "recall": 0.0,
            "f1-score": 0.0,
            "support": 5.0
        },
        "BEGINS": {
            "precision": 0.0,
            "recall": 0.0,
            "f1-score": 0.0,
            "support": 1.0
        },
        "INCLUDES": {
            "precision": 0.5,
            "recall": 0.25,
            "f1-score": 0.3333333333333333,
            "support": 4.0
        },
        "BEFORE": {
            "precision": 0.36363636363636365,
            "recall": 0.6666666666666666,
            "f1-score": 0.47058823529411764,
            "support": 6.0
        },
        "SIMULTANEOUS": {
            "precision": 0.5,
            "recall": 0.375,
            "f1-score": 0.42857142857142855,
            "support": 8.0
        },
        "ENDS": {
            "precision": 0.0,
            "recall": 0.0,
            "f1-score": 0.0,
            "support": 2.0
        },
        "ENDED_BY": {
            "precision": 1.0,
            "recall": 0.5,
            "f1-score": 0.6666666666666666,
            "support": 2.0
        },
        "IS_INCLUDED": {
            "precision": 0.8706896551724138,
            "recall": 0.9099099099099099,
            "f1-score": 0.8898678414096917,
            "support": 111.0
        },
        "AFTER": {
            "precision": 0.3333333333333333,
            "recall": 0.75,
            "f1-score": 0.46153846153846156,
            "support": 4.0
        },
        "IAFTER": {
            "precision": 0.0,
            "recall": 0.0,
            "f1-score": 0.0,
            "support": 6.0
        },
        "accuracy": 0.7533333333333333,
        "macro avg": {
            "precision": 0.32433266837655556,
            "recall": 0.31377968877968876,
            "f1-score": 0.29550599698306357,
            "support": 150.0
        },
        "weighted avg": {
            "precision": 0.721078021595263,
            "recall": 0.7533333333333333,
            "f1-score": 0.7302683449975494,
            "support": 150.0
        },
        "support": 150
    },
    "t-t": {
        "BEGUN_BY": {
            "precision": 0.0,
            "recall": 0.0,
            "f1-score": 0.0,
            "support": 1.0
        },
        "IBEFORE": {
            "precision": 0.0,
            "recall": 0.0,
            "f1-score": 0.0,
            "support": 1.0
        },
        "BEGINS": {
            "precision": 0.0,
            "recall": 0.0,
            "f1-score": 0.0,
            "support": 0.0
        },
        "INCLUDES": {
            "precision": 0.5,
            "recall": 1.0,
            "f1-score": 0.6666666666666666,
            "support": 2.0
        },
        "BEFORE": {
            "precision": 0.5,
            "recall": 1.0,
            "f1-score": 0.6666666666666666,
            "support": 1.0
        },
        "SIMULTANEOUS": {
            "precision": 0.0,
            "recall": 0.0,
            "f1-score": 0.0,
            "support": 0.0
        },
        "ENDS": {
            "precision": 0.0,
            "recall": 0.0,
            "f1-score": 0.0,
            "support": 0.0
        },
        "ENDED_BY": {
            "precision": 0.0,
            "recall": 0.0,
            "f1-score": 0.0,
            "support": 0.0
        },
        "IS_INCLUDED": {
            "precision": 1.0,
            "recall": 1.0,
            "f1-score": 1.0,
            "support": 1.0
        },
        "AFTER": {
            "precision": 0.0,
            "recall": 0.0,
            "f1-score": 0.0,
            "support": 0.0
        },
        "IAFTER": {
            "precision": 0.0,