{
    "BEGINS": {
        "precision": 0.0,
        "recall": 0.0,
        "f1-score": 0.0,
        "support": 2.0
    },
    "ENDS": {
        "precision": 0.0,
        "recall": 0.0,
        "f1-score": 0.0,
        "support": 3.0
    },
    "INCLUDES": {
        "precision": 0.7111111111111111,
        "recall": 0.36363636363636365,
        "f1-score": 0.48120300751879697,
        "support": 88.0
    },
    "IAFTER": {
        "precision": 0.0,
        "recall": 0.0,
        "f1-score": 0.0,
        "support": 9.0
    },
    "BEFORE": {
        "precision": 0.6985645933014354,
        "recall": 0.8848484848484849,
        "f1-score": 0.7807486631016043,
        "support": 330.0
    },
    "AFTER": {
        "precision": 0.6119402985074627,
        "recall": 0.8282828282828283,
        "f1-score": 0.703862660944206,
        "support": 198.0
    },
    "IS_INCLUDED": {
        "precision": 0.8029197080291971,
        "recall": 0.625,
        "f1-score": 0.7028753993610224,
        "support": 176.0
    },
    "IBEFORE": {
        "precision": 0.0,
        "recall": 0.0,
        "f1-score": 0.0,
        "support": 8.0
    },
    "BEGUN_BY": {
        "precision": 0.0,
        "recall": 0.0,
        "f1-score": 0.0,
        "support": 3.0
    },
    "SIMULTANEOUS": {
        "precision": 0.7307692307692307,
        "recall": 0.34545454545454546,
        "f1-score": 0.4691358024691358,
        "support": 110.0
    },
    "ENDED_BY": {
        "precision": 0.0,
        "recall": 0.0,
        "f1-score": 0.0,
        "support": 2.0
    },
    "accuracy": 0.6846071044133477,
    "macro avg": {
        "precision": 0.3232095401562216,
        "recall": 0.27702020202020206,
        "f1-score": 0.2852568666722514,
        "support": 929.0
    },
    "weighted avg": {
        "precision": 0.6845713204192498,
        "recall": 0.6846071044133477,
        "f1-score": 0.6616455747161261,
        "support": 929.0
    },
    "dct-e": {
        "BEGINS": {
            "precision": 0.0,
            "recall": 0.0,
            "f1-score": 0.0,
            "support": 0.0
        },
        "ENDS": {
            "precision": 0.0,
            "recall": 0.0,
            "f1-score": 0.0,
            "support": 0.0
        },
        "INCLUDES": {
            "precision": 1.0,
            "recall": 0.4722222222222222,
            "f1-score": 0.6415094339622641,
            "support": 36.0
        },
        "IAFTER": {
            "precision": 0.0,
            "recall": 0.0,
            "f1-score": 0.0,
            "support": 0.0
        },
        "BEFORE": {
            "precision": 0.7154471544715447,
            "recall": 0.9777777777777777,
            "f1-score": 0.8262910798122066,
            "support": 90.0
        },
        "AFTER": {
            "precision": 0.7391304347826086,
            "recall": 0.68,
            "f1-score": 0.7083333333333334,
            "support": 25.0
        },
        "IS_INCLUDED": {
            "precision": 0.5,
            "recall": 0.07142857142857142,
            "f1-score": 0.125,
            "support": 14.0
        },
        "IBEFORE": {
            "precision": 0.0,
            "recall": 0.0,
            "f1-score": 0.0,
            "support": 0.0
        },
        "BEGUN_BY": {
            "precision": 0.0,
            "recall": 0.0,
            "f1-score": 0.0,
            "support": 0.0
        },
        "SIMULTANEOUS": {
            "precision": 0.0,
            "recall": 0.0,
            "f1-score": 0.0,
            "support": 0.0
        },
        "ENDED_BY": {
            "precision": 0.0,
            "recall": 0.0,
            "f1-score": 0.0,
            "support": 0.0
        },
        "accuracy": 0.7454545454545455,
        "macro avg": {
            "precision": 0.2685979626594685,
            "recall": 0.20012987012987013,
            "f1-score": 0.20919398610070947,
            "support": 165.0
        },
        "weighted avg": {
            "precision": 0.7628394228606318,
            "recall": 0.7454545454545455,
            "f1-score": 0.7085992129640815,
            "support": 165.0
        },
        "support": 165
    },
    "e-e": {
        "BEGINS": {
            "precision": 0.0,
            "recall": 0.0,
            "f1-score": 0.0,
            "support": 0.0
        },
        "ENDS": {
            "precision": 0.0,
            "recall": 0.0,
            "f1-score": 0.0,
            "support": 1.0
        },
        "INCLUDES": {
            "precision": 0.5238095238095238,
            "recall": 0.275,
            "f1-score": 0.36065573770491804,
            "support": 40.0
        },
        "IAFTER": {
            "precision": 0.0,
            "recall": 0.0,
            "f1-score": 0.0,
            "support": 2.0
        },
        "BEFORE": {
            "precision": 0.7201492537313433,
            "recall": 0.8502202643171806,
            "f1-score": 0.7797979797979798,
            "support": 227.0
        },
        "AFTER": {
            "precision": 0.6513761467889908,
            "recall": 0.8502994011976048,
            "f1-score": 0.7376623376623377,
            "support": 167.0
        },
        "IS_INCLUDED": {
            "precision": 0.6111111111111112,
            "recall": 0.23404255319148937,
            "f1-score": 0.3384615384615385,
            "support": 47.0
        },
        "IBEFORE": {
            "precision": 0.0,
            "recall": 0.0,
            "f1-score": 0.0,
            "support": 1.0
        },
        "BEGUN_BY": {
            "precision": 0.0,
            "recall": 0.0,
            "f1-score": 0.0,
            "support": 1.0
        },
        "SIMULTANEOUS": {
            "precision": 0.7307692307692307,
            "recall": 0.3877551020408163,
            "f1-score": 0.5066666666666667,
            "support": 98.0
        },
        "ENDED_BY": {
            "precision": 0.0,
            "recall": 0.0,
            "f1-score": 0.0,
            "support": 0.0
        },
        "accuracy": 0.6763698630136986,
        "macro avg": {
            "precision": 0.2942922969282,
            "recall": 0.23611975643155378,
            "f1-score": 0.24756766002667643,
            "support": 584.0
        },
        "weighted avg": {
            "precision": 0.6738761727752812,
            "recall": 0.6763698630136986,
            "f1-score": 0.6510119982071475,
            "support": 584.0
        },
        "support": 584
    },
    "e-t": {
        "BEGINS": {
            "precision": 0.0,
            "recall": 0.0,
            "f1-score": 0.0,
            "support": 1.0
        },
        "ENDS": {
            "precision": 0.0,
            "recall": 0.0,
            "f1-score": 0.0,
            "support": 2.0
        },
        "INCLUDES": {
            "precision": 0.0,
            "recall": 0.0,
            "f1-score": 0.0,
            "support": 4.0
        },
        "IAFTER": {
            "precision": 0.0,
            "recall": 0.0,
            "f1-score": 0.0,
            "support": 6.0
        },
        "BEFORE": {
            "precision": 0.3333333333333333,
            "recall": 0.8333333333333334,
            "f1-score": 0.47619047619047616,
            "support": 6.0
        },
        "AFTER": {
            "precision": 0.15,
            "recall": 0.75,
            "f1-score": 0.25,
            "support": 4.0
        },
        "IS_INCLUDED": {
            "precision": 0.8421052631578947,
            "recall": 0.8648648648648649,
            "f1-score": 0.8533333333333334,
            "support": 111.0
        },
        "IBEFORE": {
            "precision": 0.0,
            "recall": 0.0,
            "f1-score": 0.0,
            "support": 5.0
        },
        "BEGUN_BY": {
            "precision": 0.0,
            "recall": 0.0,
            "f1-score": 0.0,
            "support": 1.0
        },
        "SIMULTANEOUS": {
            "precision": 0.0,
            "recall": 0.0,
            "f1-score": 0.0,
            "support": 8.0
        },