{
    "BEGINS": {
        "precision": 0.02127659574468085,
        "recall": 0.5,
        "f1-score": 0.04081632653061224,
        "support": 2.0
    },
    "SIMULTANEOUS": {
        "precision": 0.6060606060606061,
        "recall": 0.36363636363636365,
        "f1-score": 0.45454545454545453,
        "support": 110.0
    },
    "BEGUN_BY": {
        "precision": 0.0,
        "recall": 0.0,
        "f1-score": 0.0,
        "support": 3.0
    },
    "BEFORE": {
        "precision": 0.7523510971786834,
        "recall": 0.7272727272727273,
        "f1-score": 0.7395993836671803,
        "support": 330.0
    },
    "INCLUDES": {
        "precision": 0.40594059405940597,
        "recall": 0.4659090909090909,
        "f1-score": 0.43386243386243384,
        "support": 88.0
    },
    "ENDED_BY": {
        "precision": 0.05555555555555555,
        "recall": 0.5,
        "f1-score": 0.1,
        "support": 2.0
    },
    "IS_INCLUDED": {
        "precision": 0.48846153846153845,
        "recall": 0.7215909090909091,
        "f1-score": 0.5825688073394495,
        "support": 176.0
    },
    "IAFTER": {
        "precision": 0.0,
        "recall": 0.0,
        "f1-score": 0.0,
        "support": 9.0
    },
    "IBEFORE": {
        "precision": 0.0,
        "recall": 0.0,
        "f1-score": 0.0,
        "support": 8.0
    },
    "AFTER": {
        "precision": 0.8809523809523809,
        "recall": 0.37373737373737376,
        "f1-score": 0.524822695035461,
        "support": 198.0
    },
    "ENDS": {
        "precision": 0.0,
        "recall": 0.0,
        "f1-score": 0.0,
        "support": 3.0
    },
    "accuracy": 0.5640473627556513,
    "macro avg": {
        "precision": 0.2918725789102592,
        "recall": 0.3320133149678604,
        "f1-score": 0.2614741000891447,
        "support": 929.0
    },
    "weighted avg": {
        "precision": 0.6579297820379575,
        "recall": 0.5640473627556513,
        "f1-score": 0.5801682746521952,
        "support": 929.0
    }
}