{
    "IAFTER": {
        "precision": 0.0,
        "recall": 0.0,
        "f1-score": 0.0,
        "support": 9.0
    },
    "ENDED_BY": {
        "precision": 0.0,
        "recall": 0.0,
        "f1-score": 0.0,
        "support": 2.0
    },
    "AFTER": {
        "precision": 0.6547085201793722,
        "recall": 0.7373737373737373,
        "f1-score": 0.6935866983372921,
        "support": 198.0
    },
    "BEFORE": {
        "precision": 0.773841961852861,
        "recall": 0.8606060606060606,
        "f1-score": 0.8149210903873745,
        "support": 330.0
    },
    "BEGINS": {
        "precision": 0.0,
        "recall": 0.0,
        "f1-score": 0.0,
        "support": 2.0
    },
    "ENDS": {
        "precision": 0.0,
        "recall": 0.0,
        "f1-score": 0.0,
        "support": 3.0
    },
    "INCLUDES": {
        "precision": 0.6103896103896104,
        "recall": 0.5340909090909091,
        "f1-score": 0.5696969696969697,
        "support": 88.0
    },
    "IBEFORE": {
        "precision": 0.0,
        "recall": 0.0,
        "f1-score": 0.0,
        "support": 8.0
    },
    "BEGUN_BY": {
        "precision": 0.0,
        "recall": 0.0,
        "f1-score": 0.0,
        "support": 3.0
    },
    "IS_INCLUDED": {
        "precision": 0.7192982456140351,
        "recall": 0.6988636363636364,
        "f1-score": 0.7089337175792507,
        "support": 176.0
    },
    "SIMULTANEOUS": {
        "precision": 0.5764705882352941,
        "recall": 0.44545454545454544,
        "f1-score": 0.5025641025641026,
        "support": 110.0
    },
    "accuracy": 0.6986006458557589,
    "macro avg": {
        "precision": 0.30315535693374296,
        "recall": 0.2978535353535353,
        "f1-score": 0.29906387077863544,
        "support": 929.0
    },
    "weighted avg": {
        "precision": 0.6767736017816987,
        "recall": 0.6986006458557589,
        "f1-score": 0.6850827179848764,
        "support": 929.0
    },
    "e-e": {
        "IAFTER": {
            "precision": 0.0,
            "recall": 0.0,
            "f1-score": 0.0,
            "support": 2.0
        },
        "ENDED_BY": {
            "precision": 0.0,
            "recall": 0.0,
            "f1-score": 0.0,
            "support": 0.0
        },
        "AFTER": {
            "precision": 0.6702702702702703,
            "recall": 0.7425149700598802,
            "f1-score": 0.7045454545454546,
            "support": 167.0
        },
        "BEFORE": {
            "precision": 0.768595041322314,
            "recall": 0.8193832599118943,
            "f1-score": 0.7931769722814499,
            "support": 227.0
        },
        "BEGINS": {
            "precision": 0.0,
            "recall": 0.0,
            "f1-score": 0.0,
            "support": 0.0
        },
        "ENDS": {
            "precision": 0.0,
            "recall": 0.0,
            "f1-score": 0.0,
            "support": 1.0
        },
        "INCLUDES": {
            "precision": 0.3695652173913043,
            "recall": 0.425,
            "f1-score": 0.3953488372093023,
            "support": 40.0
        },
        "IBEFORE": {
            "precision": 0.0,
            "recall": 0.0,
            "f1-score": 0.0,
            "support": 1.0
        },
        "BEGUN_BY": {
            "precision": 0.0,
            "recall": 0.0,
            "f1-score": 0.0,
            "support": 1.0
        },
        "IS_INCLUDED": {
            "precision": 0.3,
            "recall": 0.19148936170212766,
            "f1-score": 0.23376623376623376,
            "support": 47.0
        },
        "SIMULTANEOUS": {
            "precision": 0.6075949367088608,
            "recall": 0.4897959183673469,
            "f1-score": 0.5423728813559322,
            "support": 98.0
        },
        "accuracy": 0.6575342465753424,
        "macro avg": {
            "precision": 0.24691140597206812,
            "recall": 0.2425621372764772,
            "f1-score": 0.2426554890143975,
            "support": 584.0
        },
        "weighted avg": {
            "precision": 0.6418375376856524,
            "recall": 0.6575342465753424,
            "f1-score": 0.6466845418925453,
            "support": 584.0
        },
        "support": 584
    },
    "t-t": {
        "IAFTER": {
            "precision": 0.0,
            "recall": 0.0,
            "f1-score": 0.0,
            "support": 1.0
        },
        "ENDED_BY": {
            "precision": 0.0,
            "recall": 0.0,
            "f1-score": 0.0,
            "support": 0.0
        },
        "AFTER": {
            "precision": 0.0,
            "recall": 0.0,
            "f1-score": 0.0,
            "support": 0.0
        },
        "BEFORE": {
            "precision": 1.0,
            "recall": 1.0,
            "f1-score": 1.0,
            "support": 1.0
        },
        "BEGINS": {
            "precision": 0.0,
            "recall": 0.0,
            "f1-score": 0.0,
            "support": 0.0
        },
        "ENDS": {
            "precision": 0.0,
            "recall": 0.0,
            "f1-score": 0.0,
            "support": 0.0
        },
        "INCLUDES": {
            "precision": 1.0,
            "recall": 1.0,
            "f1-score": 1.0,
            "support": 2.0
        },
        "IBEFORE": {
            "precision": 0.0,
            "recall": 0.0,
            "f1-score": 0.0,
            "support": 1.0
        },
        "BEGUN_BY": {
            "precision": 0.0,
            "recall": 0.0,
            "f1-score": 0.0,
            "support": 1.0
        },
        "IS_INCLUDED": {
            "precision": 1.0,
            "recall": 1.0,
            "f1-score": 1.0,
            "support": 1.0
        },
        "SIMULTANEOUS": {
            "precision": 0.0,
            "recall": 0.0,
            "f1-score": 0.0,
            "support": 0.0
        },
        "accuracy": 0.5714285714285714,
        "macro avg": {
            "precision": 0.2727272727272727,
            "recall": 0.2727272727272727,
            "f1-score": 0.2727272727272727,
            "support": 7.0
        },
        "weighted avg": {
            "precision": 0.5714285714285714,
            "recall": 0.5714285714285714,
            "f1-score": 0.5714285714285714,
            "support": 7.0
        },
        "support": 7
    },
    "dct-t": {
        "IAFTER": {
            "precision": 0.0,
            "recall": 0.0,
            "f1-score": 0.0,
            "support": 0.0
        },
        "ENDED_BY": {
            "precision": 0.0,
            "recall": 0.0,
            "f1-score": 0.0,
            "support": 0.0
        },
        "AFTER": {
            "precision": 0.2857142857142857,
            "recall": 1.0,
            "f1-score": 0.4444444444444444,
            "support": 2.0
        },
        "BEFORE": {
            "precision": 0.5,
            "recall": 1.0,
            "f1-score": 0.6666666666666666,
            "support": 6.0
        },
        "BEGINS": {
            "precision": 0.0,
            "recall": 0.0,
            "f1-score": 0.0,
            "support": 1.0
        },
        "ENDS": {
            "precision": 0.0,
            "recall": 0.0,
            "f1-score": 0.0,
            "support": 0.0
        },
        "INCLUDES": {
            "precision": 1.0,
            "recall": 0.3333333333333333,
            "f1-score": 0.5,
            "support": 6.0
        },
        "IBEFORE": {
            "precision": 0.0,
            "recall": 0.0,
            "f1-score": 0.0,
            "support": 1.0
        },
        "BEGUN_BY": {
            "precision": 0.0,
            "recall": 0.0,
            "f1-score": 0.0,
            "support": 0.0
        },
        "IS_INCLUDED": {
            "precision": 1.0,
            "recall": 0.6666666666666666,
            "f1-score": 0.8,
            "support": 3.0
        },
        "SIMULTANEOUS": {
            "precision": 0.0,
            "recall": 0.0,
            "f1-score": 0.0,
            "support": 4.0
        },