{
    "AFTER": {
        "precision": 0.7592592592592593,
        "recall": 0.41414141414141414,
        "f1-score": 0.5359477124183006,
        "support": 198.0
    },
    "BEFORE": {
        "precision": 0.7861842105263158,
        "recall": 0.7242424242424242,
        "f1-score": 0.7539432176656151,
        "support": 330.0
    },
    "IBEFORE": {
        "precision": 0.0,
        "recall": 0.0,
        "f1-score": 0.0,
        "support": 8.0
    },
    "BEGUN_BY": {
        "precision": 0.047619047619047616,
        "recall": 0.3333333333333333,
        "f1-score": 0.08333333333333333,
        "support": 3.0
    },
    "IAFTER": {
        "precision": 0.0,
        "recall": 0.0,
        "f1-score": 0.0,
        "support": 9.0
    },
    "BEGINS": {
        "precision": 0.04,
        "recall": 0.5,
        "f1-score": 0.07407407407407407,
        "support": 2.0
    },
    "SIMULTANEOUS": {
        "precision": 0.5142857142857142,
        "recall": 0.32727272727272727,
        "f1-score": 0.4,
        "support": 110.0
    },
    "IS_INCLUDED": {
        "precision": 0.5056603773584906,
        "recall": 0.7613636363636364,
        "f1-score": 0.6077097505668935,
        "support": 176.0
    },
    "INCLUDES": {
        "precision": 0.39603960396039606,
        "recall": 0.45454545454545453,
        "f1-score": 0.42328042328042326,
        "support": 88.0
    },
    "ENDED_BY": {
        "precision": 0.11764705882352941,
        "recall": 1.0,
        "f1-score": 0.21052631578947367,
        "support": 2.0
    },
    "ENDS": {
        "precision": 0.0,
        "recall": 0.0,
        "f1-score": 0.0,
        "support": 3.0
    },
    "accuracy": 0.5758880516684607,
    "macro avg": {
        "precision": 0.2878813883484321,
        "recall": 0.41044536271809,
        "f1-score": 0.28080134792073763,
        "support": 929.0
    },
    "weighted avg": {
        "precision": 0.6357926955894074,
        "recall": 0.5758880516684607,
        "f1-score": 0.5855152885001659,
        "support": 929.0
    }
}