{
    "ENDED_BY": {
        "precision": 0.0,
        "recall": 0.0,
        "f1-score": 0.0,
        "support": 2.0
    },
    "AFTER": {
        "precision": 0.6553398058252428,
        "recall": 0.6818181818181818,
        "f1-score": 0.6683168316831684,
        "support": 198.0
    },
    "IBEFORE": {
        "precision": 0.0,
        "recall": 0.0,
        "f1-score": 0.0,
        "support": 8.0
    },
    "BEGINS": {
        "precision": 0.0,
        "recall": 0.0,
        "f1-score": 0.0,
        "support": 2.0
    },
    "SIMULTANEOUS": {
        "precision": 0.5142857142857142,
        "recall": 0.4909090909090909,
        "f1-score": 0.5023255813953489,
        "support": 110.0
    },
    "ENDS": {
        "precision": 0.0,
        "recall": 0.0,
        "f1-score": 0.0,
        "support": 3.0
    },
    "INCLUDES": {
        "precision": 0.46236559139784944,
        "recall": 0.48863636363636365,
        "f1-score": 0.47513812154696133,
        "support": 88.0
    },
    "IAFTER": {
        "precision": 0.0,
        "recall": 0.0,
        "f1-score": 0.0,
        "support": 9.0
    },
    "BEGUN_BY": {
        "precision": 0.0,
        "recall": 0.0,
        "f1-score": 0.0,
        "support": 3.0
    },
    "IS_INCLUDED": {
        "precision": 0.6038647342995169,
        "recall": 0.7102272727272727,
        "f1-score": 0.6527415143603134,
        "support": 176.0
    },
    "BEFORE": {
        "precision": 0.7603833865814696,
        "recall": 0.7212121212121212,
        "f1-score": 0.7402799377916018,
        "support": 330.0
    },
    "accuracy": 0.6404736275565124,
    "macro avg": {
        "precision": 0.27238538476270846,
        "recall": 0.28116391184573,
        "f1-score": 0.2762547260706722,
        "support": 929.0
    },
    "weighted avg": {
        "precision": 0.6288736199961651,
        "recall": 0.6404736275565124,
        "f1-score": 0.633551762455901,
        "support": 929.0
    },
    "dct-e": {
        "ENDED_BY": {
            "precision": 0.0,
            "recall": 0.0,
            "f1-score": 0.0,
            "support": 0.0
        },
        "AFTER": {
            "precision": 0.8888888888888888,
            "recall": 0.64,
            "f1-score": 0.7441860465116279,
            "support": 25.0
        },
        "IBEFORE": {
            "precision": 0.0,
            "recall": 0.0,
            "f1-score": 0.0,
            "support": 0.0
        },
        "BEGINS": {
            "precision": 0.0,
            "recall": 0.0,
            "f1-score": 0.0,
            "support": 0.0
        },
        "SIMULTANEOUS": {
            "precision": 0.0,
            "recall": 0.0,
            "f1-score": 0.0,
            "support": 0.0
        },
        "ENDS": {
            "precision": 0.0,
            "recall": 0.0,
            "f1-score": 0.0,
            "support": 0.0
        },
        "INCLUDES": {
            "precision": 0.9047619047619048,
            "recall": 0.5277777777777778,
            "f1-score": 0.6666666666666666,
            "support": 36.0
        },
        "IAFTER": {
            "precision": 0.0,
            "recall": 0.0,
            "f1-score": 0.0,
            "support": 0.0
        },
        "BEGUN_BY": {
            "precision": 0.0,
            "recall": 0.0,
            "f1-score": 0.0,
            "support": 0.0
        },
        "IS_INCLUDED": {
            "precision": 0.24324324324324326,
            "recall": 0.6428571428571429,
            "f1-score": 0.35294117647058826,
            "support": 14.0
        },
        "BEFORE": {
            "precision": 0.8181818181818182,
            "recall": 0.8,
            "f1-score": 0.8089887640449438,
            "support": 90.0
        },
        "accuracy": 0.703030303030303,
        "macro avg": {
            "precision": 0.2595523504614414,
            "recall": 0.2373304473304473,
            "f1-score": 0.23388933215398422,
            "support": 165.0
        },
        "weighted avg": {
            "precision": 0.7990025444570898,
            "recall": 0.703030303030303,
            "f1-score": 0.7294231296813568,
            "support": 165.0
        },
        "support": 165
    },
    "t-t": {
        "ENDED_BY": {
            "precision": 0.0,
            "recall": 0.0,
            "f1-score": 0.0,
            "support": 0.0
        },
        "AFTER": {
            "precision": 0.0,
            "recall": 0.0,
            "f1-score": 0.0,
            "support": 0.0
        },
        "IBEFORE": {
            "precision": 0.0,
            "recall": 0.0,
            "f1-score": 0.0,
            "support": 1.0
        },
        "BEGINS": {
            "precision": 0.0,
            "recall": 0.0,
            "f1-score": 0.0,
            "support": 0.0
        },
        "SIMULTANEOUS": {
            "precision": 0.0,
            "recall": 0.0,
            "f1-score": 0.0,
            "support": 0.0
        },
        "ENDS": {
            "precision": 0.0,
            "recall": 0.0,
            "f1-score": 0.0,
            "support": 0.0
        },
        "INCLUDES": {
            "precision": 0.4,
            "recall": 1.0,
            "f1-score": 0.5714285714285714,
            "support": 2.0
        },
        "IAFTER": {
            "precision": 0.0,
            "recall": 0.0,
            "f1-score": 0.0,
            "support": 1.0
        },
        "BEGUN_BY": {
            "precision": 0.0,
            "recall": 0.0,
            "f1-score": 0.0,
            "support": 1.0
        },
        "IS_INCLUDED": {
            "precision": 1.0,
            "recall": 1.0,
            "f1-score": 1.0,
            "support": 1.0
        },
        "BEFORE": {
            "precision": 0.0,
            "recall": 0.0,
            "f1-score": 0.0,
            "support": 1.0
        },
        "accuracy": 0.42857142857142855,
        "macro avg": {
            "precision": 0.12727272727272726,
            "recall": 0.18181818181818182,
            "f1-score": 0.14285714285714285,
            "support": 7.0
        },
        "weighted avg": {
            "precision": 0.2571428571428572,
            "recall": 0.42857142857142855,
            "f1-score": 0.30612244897959184,
            "support": 7.0
        },
        "support": 7
    },
    "e-e": {
        "ENDED_BY": {
            "precision": 0.0,
            "recall": 0.0,
            "f1-score": 0.0,
            "support": 0.0
        },
        "AFTER": {
            "precision": 0.6571428571428571,
            "recall": 0.688622754491018,
            "f1-score": 0.672514619883041,
            "support": 167.0
        },
        "IBEFORE": {
            "precision": 0.0,
            "recall": 0.0,
            "f1-score": 0.0,
            "support": 1.0
        },
        "BEGINS": {
            "precision": 0.0,
            "recall": 0.0,
            "f1-score": 0.0,
            "support": 0.0
        },
        "SIMULTANEOUS": {
            "precision": 0.5376344086021505,
            "recall": 0.5102040816326531,
            "f1-score": 0.5235602094240838,
            "support": 98.0
        },
        "ENDS": {
            "precision": 0.0,
            "recall": 0.0,
            "f1-score": 0.0,
            "support": 1.0
        },
        "INCLUDES": {
            "precision": 0.30357142857142855,
            "recall": 0.425,
            "f1-score": 0.3541666666666667,
            "support": 40.0
        },
        "IAFTER": {
            "precision": 0.0,
            "recall": 0.0,
            "f1-score": 0.0,
            "support": 2.0
        },
        "BEGUN_BY": {
            "precision": 0.0,
            "recall": 0.0,
            "f1-score": 0.0,
            "support": 1.0
        },
        "IS_INCLUDED": {
            "precision": 0.2222222222222222,
            "recall": 0.2127659574468085,
            "f1-score": 0.21739130434782608,
            "support": 47.0
        },
        "BEFORE": {
            "precision": 0.7582938388625592,