{
    "IS_INCLUDED": {
        "precision": 0.6890243902439024,
        "recall": 0.6420454545454546,
        "f1-score": 0.6647058823529411,
        "support": 176.0
    },
    "AFTER": {
        "precision": 0.6359832635983264,
        "recall": 0.7676767676767676,
        "f1-score": 0.6956521739130435,
        "support": 198.0
    },
    "SIMULTANEOUS": {
        "precision": 0.6333333333333333,
        "recall": 0.34545454545454546,
        "f1-score": 0.4470588235294118,
        "support": 110.0
    },
    "BEGUN_BY": {
        "precision": 0.0,
        "recall": 0.0,
        "f1-score": 0.0,
        "support": 3.0
    },
    "BEGINS": {
        "precision": 0.0,
        "recall": 0.0,
        "f1-score": 0.0,
        "support": 2.0
    },
    "ENDS": {
        "precision": 0.0,
        "recall": 0.0,
        "f1-score": 0.0,
        "support": 3.0
    },
    "IBEFORE": {
        "precision": 0.0,
        "recall": 0.0,
        "f1-score": 0.0,
        "support": 8.0
    },
    "ENDED_BY": {
        "precision": 0.0,
        "recall": 0.0,
        "f1-score": 0.0,
        "support": 2.0
    },
    "BEFORE": {
        "precision": 0.7446808510638298,
        "recall": 0.8484848484848485,
        "f1-score": 0.7932011331444759,
        "support": 330.0
    },
    "INCLUDES": {
        "precision": 0.723404255319149,
        "recall": 0.38636363636363635,
        "f1-score": 0.5037037037037037,
        "support": 88.0
    },
    "IAFTER": {
        "precision": 0.0,
        "recall": 0.0,
        "f1-score": 0.0,
        "support": 9.0
    },
    "accuracy": 0.6641550053821313,
    "macro avg": {
        "precision": 0.3114932812325946,
        "recall": 0.27182047750229565,
        "f1-score": 0.28221106514941596,
        "support": 929.0
    },
    "weighted avg": {
        "precision": 0.6741269115836502,
        "recall": 0.6641550053821313,
        "f1-score": 0.6566050981493418,
        "support": 929.0
    },
    "dct-e": {
        "IS_INCLUDED": {
            "precision": 0.5294117647058824,
            "recall": 0.6428571428571429,
            "f1-score": 0.5806451612903226,
            "support": 14.0
        },
        "AFTER": {
            "precision": 0.5833333333333334,
            "recall": 0.84,
            "f1-score": 0.6885245901639344,
            "support": 25.0
        },
        "SIMULTANEOUS": {
            "precision": 0.0,
            "recall": 0.0,
            "f1-score": 0.0,
            "support": 0.0
        },
        "BEGUN_BY": {
            "precision": 0.0,
            "recall": 0.0,
            "f1-score": 0.0,
            "support": 0.0
        },
        "BEGINS": {
            "precision": 0.0,
            "recall": 0.0,
            "f1-score": 0.0,
            "support": 0.0
        },
        "ENDS": {
            "precision": 0.0,
            "recall": 0.0,
            "f1-score": 0.0,
            "support": 0.0
        },
        "IBEFORE": {
            "precision": 0.0,
            "recall": 0.0,
            "f1-score": 0.0,
            "support": 0.0
        },
        "ENDED_BY": {
            "precision": 0.0,
            "recall": 0.0,
            "f1-score": 0.0,
            "support": 0.0
        },
        "BEFORE": {
            "precision": 0.8913043478260869,
            "recall": 0.9111111111111111,
            "f1-score": 0.9010989010989011,
            "support": 90.0
        },
        "INCLUDES": {
            "precision": 1.0,
            "recall": 0.5555555555555556,
            "f1-score": 0.7142857142857143,
            "support": 36.0
        },
        "IAFTER": {
            "precision": 0.0,
            "recall": 0.0,
            "f1-score": 0.0,
            "support": 0.0
        },
        "accuracy": 0.8,
        "macro avg": {
            "precision": 0.27309540416957295,
            "recall": 0.2681385281385282,
            "f1-score": 0.26223221516717027,
            "support": 165.0
        },
        "weighted avg": {
            "precision": 0.8376514505670516,
            "recall": 0.8,
            "f1-score": 0.8009414171233314,
            "support": 165.0
        },
        "support": 165
    },
    "e-e": {
        "IS_INCLUDED": {
            "precision": 0.17391304347826086,
            "recall": 0.0851063829787234,
            "f1-score": 0.11428571428571428,
            "support": 47.0
        },
        "AFTER": {
            "precision": 0.6881720430107527,
            "recall": 0.7664670658682635,
            "f1-score": 0.7252124645892352,
            "support": 167.0
        },
        "SIMULTANEOUS": {
            "precision": 0.6551724137931034,
            "recall": 0.3877551020408163,
            "f1-score": 0.48717948717948717,
            "support": 98.0
        },
        "BEGUN_BY": {
            "precision": 0.0,
            "recall": 0.0,
            "f1-score": 0.0,
            "support": 1.0
        },
        "BEGINS": {
            "precision": 0.0,
            "recall": 0.0,
            "f1-score": 0.0,
            "support": 0.0
        },
        "ENDS": {
            "precision": 0.0,
            "recall": 0.0,
            "f1-score": 0.0,
            "support": 1.0
        },
        "IBEFORE": {
            "precision": 0.0,
            "recall": 0.0,
            "f1-score": 0.0,
            "support": 1.0
        },
        "ENDED_BY": {
            "precision": 0.0,
            "recall": 0.0,
            "f1-score": 0.0,
            "support": 0.0
        },
        "BEFORE": {
            "precision": 0.7401574803149606,
            "recall": 0.8281938325991189,
            "f1-score": 0.7817047817047817,
            "support": 227.0
        },
        "INCLUDES": {
            "precision": 0.43478260869565216,
            "recall": 0.25,
            "f1-score": 0.31746031746031744,
            "support": 40.0
        },
        "IAFTER": {
            "precision": 0.0,
            "recall": 0.0,
            "f1-score": 0.0,
            "support": 2.0
        },
        "accuracy": 0.6301369863013698,
        "macro avg": {
            "precision": 0.24474523539024817,
            "recall": 0.21068385304426568,
            "f1-score": 0.22053116047450327,
            "support": 584.0
        },
        "weighted avg": {
            "precision": 0.6382064951323976,
            "recall": 0.6301369863013698,
            "f1-score": 0.6239227706281143,
            "support": 584.0
        },
        "support": 584
    },
    "e-t": {
        "IS_INCLUDED": {
            "precision": 0.8067226890756303,
            "recall": 0.8648648648648649,
            "f1-score": 0.8347826086956521,
            "support": 111.0
        },
        "AFTER": {
            "precision": 0.1111111111111111,
            "recall": 0.25,
            "f1-score": 0.15384615384615385,
            "support": 4.0
        },
        "SIMULTANEOUS": {
            "precision": 0.0,
            "recall": 0.0,
            "f1-score": 0.0,
            "support": 8.0
        },
        "BEGUN_BY": {
            "precision": 0.0,
            "recall": 0.0,
            "f1-score": 0.0,
            "support": 1.0
        },
        "BEGINS": {
            "precision": 0.0,
            "recall": 0.0,
            "f1-score": 0.0,
            "support": 1.0
        },
        "ENDS": {
            "precision": 0.0,
            "recall": 0.0,
            "f1-score": 0.0,
            "support": 2.0
        },
        "IBEFORE": {
            "precision": 0.0,
            "recall": 0.0,
            "f1-score": 0.0,
            "support": 5.0
        },
        "ENDED_BY": {
            "precision": 0.0,
            "recall": 0.0,
            "f1-score": 0.0,
            "support": 2.0
        },
        "BEFORE": {
            "precision": 0.1875,
            "recall": 0.5,
            "f1-score": 0.2727272727272727,
            "support": 6.0
        },
        "INCLUDES": {
            "precision": 1.0,
            "recall": 0.25,
            "f1-score": 0.4,