{
    "ENDED_BY": {
        "precision": 0.0625,
        "recall": 0.5,
        "f1-score": 0.1111111111111111,
        "support": 2.0
    },
    "IAFTER": {
        "precision": 0.0,
        "recall": 0.0,
        "f1-score": 0.0,
        "support": 9.0
    },
    "ENDS": {
        "precision": 0.09523809523809523,
        "recall": 0.6666666666666666,
        "f1-score": 0.16666666666666666,
        "support": 3.0
    },
    "BEFORE": {
        "precision": 0.7713310580204779,
        "recall": 0.6848484848484848,
        "f1-score": 0.7255216693418941,
        "support": 330.0
    },
    "IS_INCLUDED": {
        "precision": 0.5555555555555556,
        "recall": 0.7386363636363636,
        "f1-score": 0.6341463414634146,
        "support": 176.0
    },
    "BEGUN_BY": {
        "precision": 0.07692307692307693,
        "recall": 0.3333333333333333,
        "f1-score": 0.125,
        "support": 3.0
    },
    "IBEFORE": {
        "precision": 0.0,
        "recall": 0.0,
        "f1-score": 0.0,
        "support": 8.0
    },
    "AFTER": {
        "precision": 0.7586206896551724,
        "recall": 0.5555555555555556,
        "f1-score": 0.641399416909621,
        "support": 198.0
    },
    "INCLUDES": {
        "precision": 0.3925233644859813,
        "recall": 0.4772727272727273,
        "f1-score": 0.4307692307692308,
        "support": 88.0
    },
    "SIMULTANEOUS": {
        "precision": 0.5180722891566265,
        "recall": 0.39090909090909093,
        "f1-score": 0.44559585492227977,
        "support": 110.0
    },
    "BEGINS": {
        "precision": 0.0,
        "recall": 0.0,
        "f1-score": 0.0,
        "support": 2.0
    },
    "accuracy": 0.5974165769644779,
    "macro avg": {
        "precision": 0.2937058299122714,
        "recall": 0.3952020202020202,
        "f1-score": 0.2982009355622017,
        "support": 929.0
    },
    "weighted avg": {
        "precision": 0.6401457641278131,
        "recall": 0.5974165769644779,
        "f1-score": 0.6093104952635697,
        "support": 929.0
    }
}