{
    "IS_INCLUDED": {
        "precision": 0.4916387959866221,
        "recall": 0.8352272727272727,
        "f1-score": 0.6189473684210526,
        "support": 176.0
    },
    "BEFORE": {
        "precision": 0.8144329896907216,
        "recall": 0.7181818181818181,
        "f1-score": 0.7632850241545893,
        "support": 330.0
    },
    "ENDED_BY": {
        "precision": 0.05128205128205128,
        "recall": 1.0,
        "f1-score": 0.0975609756097561,
        "support": 2.0
    },
    "IAFTER": {
        "precision": 0.0,
        "recall": 0.0,
        "f1-score": 0.0,
        "support": 9.0
    },
    "INCLUDES": {
        "precision": 0.3644859813084112,
        "recall": 0.4431818181818182,
        "f1-score": 0.4,
        "support": 88.0
    },
    "SIMULTANEOUS": {
        "precision": 0.62,
        "recall": 0.2818181818181818,
        "f1-score": 0.3875,
        "support": 110.0
    },
    "AFTER": {
        "precision": 0.8229166666666666,
        "recall": 0.398989898989899,
        "f1-score": 0.5374149659863946,
        "support": 198.0
    },
    "IBEFORE": {
        "precision": 0.0,
        "recall": 0.0,
        "f1-score": 0.0,
        "support": 8.0
    },
    "BEGINS": {
        "precision": 0.0,
        "recall": 0.0,
        "f1-score": 0.0,
        "support": 2.0
    },
    "ENDS": {
        "precision": 0.0,
        "recall": 0.0,
        "f1-score": 0.0,
        "support": 3.0
    },
    "BEGUN_BY": {
        "precision": 0.0,
        "recall": 0.0,
        "f1-score": 0.0,
        "support": 3.0
    },
    "accuracy": 0.5758880516684607,
    "macro avg": {
        "precision": 0.287705134994043,
        "recall": 0.33430899908172634,
        "f1-score": 0.25497348492470845,
        "support": 929.0
    },
    "weighted avg": {
        "precision": 0.6658839022059072,
        "recall": 0.5758880516684607,
        "f1-score": 0.5869182777498873,
        "support": 929.0
    },
    "e-e": {
        "IS_INCLUDED": {
            "precision": 0.22429906542056074,
            "recall": 0.5106382978723404,
            "f1-score": 0.3116883116883117,
            "support": 47.0
        },
        "BEFORE": {
            "precision": 0.7980295566502463,
            "recall": 0.7136563876651982,
            "f1-score": 0.7534883720930232,
            "support": 227.0
        },
        "ENDED_BY": {
            "precision": 0.0,
            "recall": 0.0,
            "f1-score": 0.0,
            "support": 0.0
        },
        "IAFTER": {
            "precision": 0.0,
            "recall": 0.0,
            "f1-score": 0.0,
            "support": 2.0
        },
        "INCLUDES": {
            "precision": 0.24050632911392406,
            "recall": 0.475,
            "f1-score": 0.31932773109243695,
            "support": 40.0
        },
        "SIMULTANEOUS": {
            "precision": 0.6818181818181818,
            "recall": 0.30612244897959184,
            "f1-score": 0.4225352112676056,
            "support": 98.0
        },
        "AFTER": {
            "precision": 0.8214285714285714,
            "recall": 0.41317365269461076,
            "f1-score": 0.549800796812749,
            "support": 167.0
        },
        "IBEFORE": {
            "precision": 0.0,
            "recall": 0.0,
            "f1-score": 0.0,
            "support": 1.0
        },
        "BEGINS": {
            "precision": 0.0,
            "recall": 0.0,
            "f1-score": 0.0,
            "support": 0.0
        },
        "ENDS": {
            "precision": 0.0,
            "recall": 0.0,
            "f1-score": 0.0,
            "support": 1.0
        },
        "BEGUN_BY": {
            "precision": 0.0,
            "recall": 0.0,
            "f1-score": 0.0,
            "support": 1.0
        },
        "accuracy": 0.5205479452054794,
        "macro avg": {
            "precision": 0.25146197313013496,
            "recall": 0.21987188974652191,
            "f1-score": 0.21425822026855695,
            "support": 584.0
        },
        "weighted avg": {
            "precision": 0.6940270065850727,
            "recall": 0.5205479452054794,
            "f1-score": 0.567961479674861,
            "support": 584.0
        },
        "support": 584
    },
    "dct-e": {
        "IS_INCLUDED": {
            "precision": 0.2037037037037037,
            "recall": 0.7857142857142857,
            "f1-score": 0.3235294117647059,
            "support": 14.0
        },
        "BEFORE": {
            "precision": 0.8831168831168831,
            "recall": 0.7555555555555555,
            "f1-score": 0.8143712574850299,
            "support": 90.0
        },
        "ENDED_BY": {
            "precision": 0.0,
            "recall": 0.0,
            "f1-score": 0.0,
            "support": 0.0
        },
        "IAFTER": {
            "precision": 0.0,
            "recall": 0.0,
            "f1-score": 0.0,
            "support": 0.0
        },
        "INCLUDES": {
            "precision": 0.875,
            "recall": 0.3888888888888889,
            "f1-score": 0.5384615384615384,
            "support": 36.0
        },
        "SIMULTANEOUS": {
            "precision": 0.0,
            "recall": 0.0,
            "f1-score": 0.0,
            "support": 0.0
        },
        "AFTER": {
            "precision": 0.9090909090909091,
            "recall": 0.4,
            "f1-score": 0.5555555555555556,
            "support": 25.0
        },
        "IBEFORE": {
            "precision": 0.0,
            "recall": 0.0,
            "f1-score": 0.0,
            "support": 0.0
        },
        "BEGINS": {
            "precision": 0.0,
            "recall": 0.0,
            "f1-score": 0.0,
            "support": 0.0
        },
        "ENDS": {
            "precision": 0.0,
            "recall": 0.0,
            "f1-score": 0.0,
            "support": 0.0
        },
        "BEGUN_BY": {
            "precision": 0.0,
            "recall": 0.0,
            "f1-score": 0.0,
            "support": 0.0
        },
        "accuracy": 0.6242424242424243,
        "macro avg": {
            "precision": 0.26099195417377236,
            "recall": 0.21183261183261182,
            "f1-score": 0.20290161484243907,
            "support": 165.0
        },
        "weighted avg": {
            "precision": 0.8276342064220852,
            "recall": 0.6242424242424243,
            "f1-score": 0.6733110861325021,
            "support": 165.0
        },
        "support": 165
    },
    "dct-t": {
        "IS_INCLUDED": {
            "precision": 0.3,
            "recall": 1.0,
            "f1-score": 0.46153846153846156,
            "support": 3.0
        },
        "BEFORE": {
            "precision": 0.6666666666666666,
            "recall": 0.6666666666666666,
            "f1-score": 0.6666666666666666,
            "support": 6.0
        },
        "ENDED_BY": {
            "precision": 0.0,
            "recall": 0.0,
            "f1-score": 0.0,
            "support": 0.0
        },
        "IAFTER": {
            "precision": 0.0,
            "recall": 0.0,
            "f1-score": 0.0,
            "support": 0.0
        },
        "INCLUDES": {
            "precision": 0.5714285714285714,
            "recall": 0.6666666666666666,
            "f1-score": 0.6153846153846154,
            "support": 6.0
        },
        "SIMULTANEOUS": {
            "precision": 0.0,
            "recall": 0.0,
            "f1-score": 0.0,
            "support": 4.0
        },
        "AFTER": {
            "precision": 0.0,
            "recall": 0.0,
            "f1-score": 0.0,
            "support": 2.0
        },
        "IBEFORE": {
            "precision": 0.0,
            "recall": 0.0,
            "f1-score": 0.0,
            "support": 1.0
        },
        "BEGINS": {
            "precision": 0.0,
            "recall": 0.0,
            "f1-score": 0.0,
            "support": 1.0
        },
        "ENDS": {
            "precision": 0.0,
            "recall": 0.0,