{
    "IBEFORE": {
        "precision": 0.0,
        "recall": 0.0,
        "f1-score": 0.0,
        "support": 8.0
    },
    "AFTER": {
        "precision": 0.6065573770491803,
        "recall": 0.7474747474747475,
        "f1-score": 0.669683257918552,
        "support": 198.0
    },
    "BEGINS": {
        "precision": 0.0,
        "recall": 0.0,
        "f1-score": 0.0,
        "support": 2.0
    },
    "INCLUDES": {
        "precision": 0.509090909090909,
        "recall": 0.3181818181818182,
        "f1-score": 0.3916083916083916,
        "support": 88.0
    },
    "SIMULTANEOUS": {
        "precision": 0.5116279069767442,
        "recall": 0.4,
        "f1-score": 0.4489795918367347,
        "support": 110.0
    },
    "IS_INCLUDED": {
        "precision": 0.7867647058823529,
        "recall": 0.6079545454545454,
        "f1-score": 0.6858974358974359,
        "support": 176.0
    },
    "BEFORE": {
        "precision": 0.7272727272727273,
        "recall": 0.8242424242424242,
        "f1-score": 0.7727272727272727,
        "support": 330.0
    },
    "BEGUN_BY": {
        "precision": 0.0,
        "recall": 0.0,
        "f1-score": 0.0,
        "support": 3.0
    },
    "IAFTER": {
        "precision": 0.0,
        "recall": 0.0,
        "f1-score": 0.0,
        "support": 9.0
    },
    "ENDED_BY": {
        "precision": 0.0,
        "recall": 0.0,
        "f1-score": 0.0,
        "support": 2.0
    },
    "ENDS": {
        "precision": 0.0,
        "recall": 0.0,
        "f1-score": 0.0,
        "support": 3.0
    },
    "accuracy": 0.6447793326157158,
    "macro avg": {
        "precision": 0.2855739660247194,
        "recall": 0.26344123048668505,
        "f1-score": 0.26989963181712606,
        "support": 929.0
    },
    "weighted avg": {
        "precision": 0.6454768769197778,
        "recall": 0.6447793326157158,
        "f1-score": 0.6374214503222834,
        "support": 929.0
    },
    "dct-e": {
        "IBEFORE": {
            "precision": 0.0,
            "recall": 0.0,
            "f1-score": 0.0,
            "support": 0.0
        },
        "AFTER": {
            "precision": 0.875,
            "recall": 0.56,
            "f1-score": 0.6829268292682927,
            "support": 25.0
        },
        "BEGINS": {
            "precision": 0.0,
            "recall": 0.0,
            "f1-score": 0.0,
            "support": 0.0
        },
        "INCLUDES": {
            "precision": 0.8235294117647058,
            "recall": 0.3888888888888889,
            "f1-score": 0.5283018867924528,
            "support": 36.0
        },
        "SIMULTANEOUS": {
            "precision": 0.0,
            "recall": 0.0,
            "f1-score": 0.0,
            "support": 0.0
        },
        "IS_INCLUDED": {
            "precision": 0.6666666666666666,
            "recall": 0.42857142857142855,
            "f1-score": 0.5217391304347826,
            "support": 14.0
        },
        "BEFORE": {
            "precision": 0.7355371900826446,
            "recall": 0.9888888888888889,
            "f1-score": 0.8436018957345972,
            "support": 90.0
        },
        "BEGUN_BY": {
            "precision": 0.0,
            "recall": 0.0,
            "f1-score": 0.0,
            "support": 0.0
        },
        "IAFTER": {
            "precision": 0.0,
            "recall": 0.0,
            "f1-score": 0.0,
            "support": 0.0
        },
        "ENDED_BY": {
            "precision": 0.0,
            "recall": 0.0,
            "f1-score": 0.0,
            "support": 0.0
        },
        "ENDS": {
            "precision": 0.0,
            "recall": 0.0,
            "f1-score": 0.0,
            "support": 0.0
        },
        "accuracy": 0.7454545454545455,
        "macro avg": {
            "precision": 0.2818848425921834,
            "recall": 0.21512265512265516,
            "f1-score": 0.2342336129300114,
            "support": 165.0
        },
        "weighted avg": {
            "precision": 0.7700226622078833,
            "recall": 0.7454545454545455,
            "f1-score": 0.7231548915056746,
            "support": 165.0
        },
        "support": 165
    },
    "dct-t": {
        "IBEFORE": {
            "precision": 0.0,
            "recall": 0.0,
            "f1-score": 0.0,
            "support": 1.0
        },
        "AFTER": {
            "precision": 0.16666666666666666,
            "recall": 0.5,
            "f1-score": 0.25,
            "support": 2.0
        },
        "BEGINS": {
            "precision": 0.0,
            "recall": 0.0,
            "f1-score": 0.0,
            "support": 1.0
        },
        "INCLUDES": {
            "precision": 0.6666666666666666,
            "recall": 0.6666666666666666,
            "f1-score": 0.6666666666666666,
            "support": 6.0
        },
        "SIMULTANEOUS": {
            "precision": 0.0,
            "recall": 0.0,
            "f1-score": 0.0,
            "support": 4.0
        },
        "IS_INCLUDED": {
            "precision": 0.5,
            "recall": 0.3333333333333333,
            "f1-score": 0.4,
            "support": 3.0
        },
        "BEFORE": {
            "precision": 0.5555555555555556,
            "recall": 0.8333333333333334,
            "f1-score": 0.6666666666666666,
            "support": 6.0
        },
        "BEGUN_BY": {
            "precision": 0.0,
            "recall": 0.0,
            "f1-score": 0.0,
            "support": 0.0
        },
        "IAFTER": {
            "precision": 0.0,
            "recall": 0.0,
            "f1-score": 0.0,
            "support": 0.0
        },
        "ENDED_BY": {
            "precision": 0.0,
            "recall": 0.0,
            "f1-score": 0.0,
            "support": 0.0
        },
        "ENDS": {
            "precision": 0.0,
            "recall": 0.0,
            "f1-score": 0.0,
            "support": 0.0
        },
        "accuracy": 0.4782608695652174,
        "macro avg": {
            "precision": 0.1717171717171717,
            "recall": 0.2121212121212121,
            "f1-score": 0.1803030303030303,
            "support": 23.0
        },
        "weighted avg": {
            "precision": 0.3985507246376812,
            "recall": 0.4782608695652174,
            "f1-score": 0.42173913043478256,
            "support": 23.0
        },
        "support": 23
    },
    "t-t": {
        "IBEFORE": {
            "precision": 0.0,
            "recall": 0.0,
            "f1-score": 0.0,
            "support": 1.0
        },
        "AFTER": {
            "precision": 0.0,
            "recall": 0.0,
            "f1-score": 0.0,
            "support": 0.0
        },
        "BEGINS": {
            "precision": 0.0,
            "recall": 0.0,
            "f1-score": 0.0,
            "support": 0.0
        },
        "INCLUDES": {
            "precision": 0.5,
            "recall": 0.5,
            "f1-score": 0.5,
            "support": 2.0
        },
        "SIMULTANEOUS": {
            "precision": 0.0,
            "recall": 0.0,
            "f1-score": 0.0,
            "support": 0.0
        },
        "IS_INCLUDED": {
            "precision": 0.0,
            "recall": 0.0,
            "f1-score": 0.0,
            "support": 1.0
        },
        "BEFORE": {
            "precision": 0.3333333333333333,
            "recall": 1.0,
            "f1-score": 0.5,
            "support": 1.0
        },
        "BEGUN_BY": {
            "precision": 0.0,
            "recall": 0.0,
            "f1-score": 0.0,
            "support": 1.0
        },
        "IAFTER": {
            "precision": 0.0,
            "recall": 0.0,
            "f1-score": 0.0,
            "support": 1.0
        },
        "ENDED_BY": {
            "precision": 0.0,
            "recall": 0.0,
            "f1-score": 0.0,
            "support": 0.0
        },
        "ENDS": {
            "precision": 0.0,
            "recall": 0.0,
            "f1-score": 0.0,
            "support": 0.0
        },