{
    "BEGUN_BY": {
        "precision": 0.07142857142857142,
        "recall": 0.3333333333333333,
        "f1-score": 0.11764705882352941,
        "support": 3.0
    },
    "BEGINS": {
        "precision": 0.0,
        "recall": 0.0,
        "f1-score": 0.0,
        "support": 2.0
    },
    "ENDED_BY": {
        "precision": 0.2,
        "recall": 0.5,
        "f1-score": 0.2857142857142857,
        "support": 2.0
    },
    "SIMULTANEOUS": {
        "precision": 0.5641025641025641,
        "recall": 0.4,
        "f1-score": 0.46808510638297873,
        "support": 110.0
    },
    "IAFTER": {
        "precision": 0.0,
        "recall": 0.0,
        "f1-score": 0.0,
        "support": 9.0
    },
    "ENDS": {
        "precision": 0.0,
        "recall": 0.0,
        "f1-score": 0.0,
        "support": 3.0
    },
    "AFTER": {
        "precision": 0.725609756097561,
        "recall": 0.601010101010101,
        "f1-score": 0.6574585635359116,
        "support": 198.0
    },
    "BEFORE": {
        "precision": 0.7959183673469388,
        "recall": 0.7090909090909091,
        "f1-score": 0.75,
        "support": 330.0
    },
    "IBEFORE": {
        "precision": 0.0,
        "recall": 0.0,
        "f1-score": 0.0,
        "support": 8.0
    },
    "IS_INCLUDED": {
        "precision": 0.5670995670995671,
        "recall": 0.7443181818181818,
        "f1-score": 0.6437346437346437,
        "support": 176.0
    },
    "INCLUDES": {
        "precision": 0.43902439024390244,
        "recall": 0.6136363636363636,
        "f1-score": 0.5118483412322274,
        "support": 88.0
    },
    "accuracy": 0.628632938643703,
    "macro avg": {
        "precision": 0.30574392875628226,
        "recall": 0.3546717171717172,
        "f1-score": 0.3122261817657797,
        "support": 929.0
    },
    "weighted avg": {
        "precision": 0.6538568685127685,
        "recall": 0.628632938643703,
        "f1-score": 0.6334020219115938,
        "support": 929.0
    },
    "e-e": {
        "BEGUN_BY": {
            "precision": 0.0,
            "recall": 0.0,
            "f1-score": 0.0,
            "support": 1.0
        },
        "BEGINS": {
            "precision": 0.0,
            "recall": 0.0,
            "f1-score": 0.0,
            "support": 0.0
        },
        "ENDED_BY": {
            "precision": 0.0,
            "recall": 0.0,
            "f1-score": 0.0,
            "support": 0.0
        },
        "SIMULTANEOUS": {
            "precision": 0.5753424657534246,
            "recall": 0.42857142857142855,
            "f1-score": 0.49122807017543857,
            "support": 98.0
        },
        "IAFTER": {
            "precision": 0.0,
            "recall": 0.0,
            "f1-score": 0.0,
            "support": 2.0
        },
        "ENDS": {
            "precision": 0.0,
            "recall": 0.0,
            "f1-score": 0.0,
            "support": 1.0
        },
        "AFTER": {
            "precision": 0.7253521126760564,
            "recall": 0.6167664670658682,
            "f1-score": 0.6666666666666666,
            "support": 167.0
        },
        "BEFORE": {
            "precision": 0.7839195979899497,
            "recall": 0.6872246696035242,
            "f1-score": 0.7323943661971831,
            "support": 227.0
        },
        "IBEFORE": {
            "precision": 0.0,
            "recall": 0.0,
            "f1-score": 0.0,
            "support": 1.0
        },
        "IS_INCLUDED": {
            "precision": 0.21739130434782608,
            "recall": 0.3191489361702128,
            "f1-score": 0.25862068965517243,
            "support": 47.0
        },
        "INCLUDES": {
            "precision": 0.2638888888888889,
            "recall": 0.475,
            "f1-score": 0.3392857142857143,
            "support": 40.0
        },
        "accuracy": 0.5736301369863014,
        "macro avg": {
            "precision": 0.23326312451419506,
            "recall": 0.22970104558282128,
            "f1-score": 0.2261995915436523,
            "support": 584.0
        },
        "weighted avg": {
            "precision": 0.6442466781923954,
            "recall": 0.5736301369863014,
            "f1-score": 0.6018044628810078,
            "support": 584.0
        },
        "support": 584
    },
    "dct-t": {
        "BEGUN_BY": {
            "precision": 0.0,
            "recall": 0.0,
            "f1-score": 0.0,
            "support": 0.0
        },
        "BEGINS": {
            "precision": 0.0,
            "recall": 0.0,
            "f1-score": 0.0,
            "support": 1.0
        },
        "ENDED_BY": {
            "precision": 0.0,
            "recall": 0.0,
            "f1-score": 0.0,
            "support": 0.0
        },
        "SIMULTANEOUS": {
            "precision": 0.0,
            "recall": 0.0,
            "f1-score": 0.0,
            "support": 4.0
        },
        "IAFTER": {
            "precision": 0.0,
            "recall": 0.0,
            "f1-score": 0.0,
            "support": 0.0
        },
        "ENDS": {
            "precision": 0.0,
            "recall": 0.0,
            "f1-score": 0.0,
            "support": 0.0
        },
        "AFTER": {
            "precision": 0.3333333333333333,
            "recall": 0.5,
            "f1-score": 0.4,
            "support": 2.0
        },
        "BEFORE": {
            "precision": 1.0,
            "recall": 0.5,
            "f1-score": 0.6666666666666666,
            "support": 6.0
        },
        "IBEFORE": {
            "precision": 0.0,
            "recall": 0.0,
            "f1-score": 0.0,
            "support": 1.0
        },
        "IS_INCLUDED": {
            "precision": 0.375,
            "recall": 1.0,
            "f1-score": 0.5454545454545454,
            "support": 3.0
        },
        "INCLUDES": {
            "precision": 0.5555555555555556,
            "recall": 0.8333333333333334,
            "f1-score": 0.6666666666666666,
            "support": 6.0
        },
        "accuracy": 0.5217391304347826,
        "macro avg": {
            "precision": 0.2058080808080808,
            "recall": 0.25757575757575757,
            "f1-score": 0.2071625344352617,
            "support": 23.0
        },
        "weighted avg": {
            "precision": 0.483695652173913,
            "recall": 0.5217391304347826,
            "f1-score": 0.45375494071146244,
            "support": 23.0
        },
        "support": 23
    },
    "t-t": {
        "BEGUN_BY": {
            "precision": 1.0,
            "recall": 1.0,
            "f1-score": 1.0,
            "support": 1.0
        },
        "BEGINS": {
            "precision": 0.0,
            "recall": 0.0,
            "f1-score": 0.0,
            "support": 0.0
        },
        "ENDED_BY": {
            "precision": 0.0,
            "recall": 0.0,
            "f1-score": 0.0,
            "support": 0.0
        },
        "SIMULTANEOUS": {
            "precision": 0.0,
            "recall": 0.0,
            "f1-score": 0.0,
            "support": 0.0
        },
        "IAFTER": {
            "precision": 0.0,
            "recall": 0.0,
            "f1-score": 0.0,
            "support": 1.0
        },
        "ENDS": {
            "precision": 0.0,
            "recall": 0.0,
            "f1-score": 0.0,
            "support": 0.0
        },
        "AFTER": {
            "precision": 0.0,
            "recall": 0.0,
            "f1-score": 0.0,
            "support": 0.0
        },
        "BEFORE": {
            "precision": 0.0,
            "recall": 0.0,
            "f1-score": 0.0,
            "support": 1.0
        },
        "IBEFORE": {
            "precision": 0.0,
            "recall": 0.0,
            "f1-score": 0.0,
            "support": 1.0
        },
        "IS_INCLUDED": {
            "precision": 1.0,
            "recall": 1.0,
            "f1-score": 1.0,
            "support": 1.0
        },
        "INCLUDES": {
            "precision": 0.5,
            "recall": 1.0,