{
    "BEFORE": {
        "precision": 0.4259020618556701,
        "recall": 1.0,
        "f1-score": 0.5973791233619521,
        "support": 661.0
    },
    "SIMULTANEOUS": {
        "precision": 0.0,
        "recall": 0.0,
        "f1-score": 0.0,
        "support": 47.0
    },
    "AFTER": {
        "precision": 0.0,
        "recall": 0.0,
        "f1-score": 0.0,
        "support": 506.0
    },
    "IS_INCLUDED": {
        "precision": 0.0,
        "recall": 0.0,
        "f1-score": 0.0,
        "support": 191.0
    },
    "INCLUDES": {
        "precision": 0.0,
        "recall": 0.0,
        "f1-score": 0.0,
        "support": 147.0
    },
    "accuracy": 0.4259020618556701,
    "macro avg": {
        "precision": 0.08518041237113402,
        "recall": 0.2,
        "f1-score": 0.11947582467239042,
        "support": 1552.0
    },
    "weighted avg": {
        "precision": 0.18139256629291103,
        "recall": 0.4259020618556701,
        "f1-score": 0.2544250003493881,
        "support": 1552.0
    }
}