{
    "AFTER": {
        "precision": 0.32903225806451614,
        "recall": 0.2015810276679842,
        "f1-score": 0.25,
        "support": 506.0
    },
    "IS_INCLUDED": {
        "precision": 0.10774410774410774,
        "recall": 0.16753926701570682,
        "f1-score": 0.13114754098360656,
        "support": 191.0
    },
    "SIMULTANEOUS": {
        "precision": 0.039634146341463415,
        "recall": 0.2765957446808511,
        "f1-score": 0.06933333333333333,
        "support": 47.0
    },
    "INCLUDES": {
        "precision": 0.09375,
        "recall": 0.20408163265306123,
        "f1-score": 0.1284796573875803,
        "support": 147.0
    },
    "BEFORE": {
        "precision": 0.4377104377104377,
        "recall": 0.19667170953101362,
        "f1-score": 0.27139874739039666,
        "support": 661.0
    },
    "accuracy": 0.19780927835051546,
    "macro avg": {
        "precision": 0.201574189972105,
        "recall": 0.20929387630972335,
        "f1-score": 0.17007185581898338,
        "support": 1552.0
    },
    "weighted avg": {
        "precision": 0.3170361477863517,
        "recall": 0.19780927835051546,
        "f1-score": 0.22750575299971776,
        "support": 1552.0
    }
}