{
    "BEFORE": {
        "precision": 0.23717948717948717,
        "recall": 0.16792738275340394,
        "f1-score": 0.1966341895482728,
        "support": 661.0
    },
    "SIMULTANEOUS": {
        "precision": 0.011848341232227487,
        "recall": 0.10638297872340426,
        "f1-score": 0.021321961620469083,
        "support": 47.0
    },
    "IS_INCLUDED": {
        "precision": 0.0515695067264574,
        "recall": 0.12041884816753927,
        "f1-score": 0.07221350078492936,
        "support": 191.0
    },
    "INCLUDES": {
        "precision": 0.049891540130151846,
        "recall": 0.1564625850340136,
        "f1-score": 0.0756578947368421,
        "support": 147.0
    },
    "AFTER": {
        "precision": 0.18461538461538463,
        "recall": 0.16600790513833993,
        "f1-score": 0.17481789802289283,
        "support": 506.0
    },
    "VAGUE": {
        "precision": 0.44966442953020136,
        "recall": 0.17523975588491716,
        "f1-score": 0.2521957340025094,
        "support": 1147.0
    },
    "accuracy": 0.1656168951463505,
    "macro avg": {
        "precision": 0.16412811490231832,
        "recall": 0.14873990928360303,
        "f1-score": 0.1321401964526526,
        "support": 2699.0
    },
    "weighted avg": {
        "precision": 0.29036562820821304,
        "recall": 0.1656168951463505,
        "f1-score": 0.19770959020536116,
        "support": 2699.0
    }
}