{
    "VAGUE": {
        "precision": 0.44731182795698926,
        "recall": 0.18134263295553618,
        "f1-score": 0.25806451612903225,
        "support": 1147.0
    },
    "BEFORE": {
        "precision": 0.24145785876993167,
        "recall": 0.16036308623298035,
        "f1-score": 0.19272727272727272,
        "support": 661.0
    },
    "AFTER": {
        "precision": 0.20697167755991286,
        "recall": 0.18774703557312253,
        "f1-score": 0.19689119170984457,
        "support": 506.0
    },
    "SIMULTANEOUS": {
        "precision": 0.011764705882352941,
        "recall": 0.10638297872340426,
        "f1-score": 0.0211864406779661,
        "support": 47.0
    },
    "INCLUDES": {
        "precision": 0.04319654427645788,
        "recall": 0.1360544217687075,
        "f1-score": 0.06557377049180328,
        "support": 147.0
    },
    "IS_INCLUDED": {
        "precision": 0.08035714285714286,
        "recall": 0.18848167539267016,
        "f1-score": 0.11267605633802817,
        "support": 191.0
    },
    "accuracy": 0.17413856984068174,
    "macro avg": {
        "precision": 0.17184329288379793,
        "recall": 0.1600619717744035,
        "f1-score": 0.14118654134565786,
        "support": 2699.0
    },
    "weighted avg": {
        "precision": 0.2962760383956027,
        "recall": 0.17413856984068174,
        "f1-score": 0.205696889222909,
        "support": 2699.0
    }
}