{
    "IS_INCLUDED": {
        "precision": 0.4696969696969697,
        "recall": 0.32460732984293195,
        "f1-score": 0.38390092879256965,
        "support": 191.0
    },
    "INCLUDES": {
        "precision": 0.3941176470588235,
        "recall": 0.4557823129251701,
        "f1-score": 0.4227129337539432,
        "support": 147.0
    },
    "SIMULTANEOUS": {
        "precision": 0.2,
        "recall": 0.5106382978723404,
        "f1-score": 0.2874251497005988,
        "support": 47.0
    },
    "AFTER": {
        "precision": 0.7785388127853882,
        "recall": 0.6739130434782609,
        "f1-score": 0.722457627118644,
        "support": 506.0
    },
    "BEFORE": {
        "precision": 0.7355491329479769,
        "recall": 0.7700453857791225,
        "f1-score": 0.7524020694752402,
        "support": 661.0
    },
    "accuracy": 0.6462628865979382,
    "macro avg": {
        "precision": 0.5155805124978317,
        "recall": 0.5469972739795652,
        "f1-score": 0.5137797417681992,
        "support": 1552.0
    },
    "weighted avg": {
        "precision": 0.6682899687356877,
        "recall": 0.6462628865979382,
        "f1-score": 0.6519807911999397,
        "support": 1552.0
    },
    "e-e": {
        "IS_INCLUDED": {
            "precision": 0.5151515151515151,
            "recall": 0.2125,
            "f1-score": 0.3008849557522124,
            "support": 80.0
        },
        "INCLUDES": {
            "precision": 0.36666666666666664,
            "recall": 0.4342105263157895,
            "f1-score": 0.39759036144578314,
            "support": 76.0
        },
        "SIMULTANEOUS": {
            "precision": 0.2087912087912088,
            "recall": 0.6333333333333333,
            "f1-score": 0.3140495867768595,
            "support": 30.0
        },
        "AFTER": {
            "precision": 0.7418300653594772,
            "recall": 0.6858006042296072,
            "f1-score": 0.7127158555729984,
            "support": 331.0
        },
        "BEFORE": {
            "precision": 0.7949308755760369,
            "recall": 0.7894736842105263,
            "f1-score": 0.7921928817451206,
            "support": 437.0
        },
        "accuracy": 0.6719077568134172,
        "macro avg": {
            "precision": 0.5254740663089809,
            "recall": 0.5510636296178513,
            "f1-score": 0.5034867282585949,
            "support": 954.0
        },
        "weighted avg": {
            "precision": 0.7004958788293912,
            "recall": 0.6719077568134172,
            "f1-score": 0.6769459004723717,
            "support": 954.0
        },
        "support": 954
    },
    "dct-t": {
        "IS_INCLUDED": {
            "precision": 1.0,
            "recall": 1.0,
            "f1-score": 1.0,
            "support": 2.0
        },
        "INCLUDES": {
            "precision": 0.3333333333333333,
            "recall": 0.5,
            "f1-score": 0.4,
            "support": 2.0
        },
        "SIMULTANEOUS": {
            "precision": 0.0,
            "recall": 0.0,
            "f1-score": 0.0,
            "support": 10.0
        },
        "AFTER": {
            "precision": 1.0,
            "recall": 0.8333333333333334,
            "f1-score": 0.9090909090909091,
            "support": 6.0
        },
        "BEFORE": {
            "precision": 0.7333333333333333,
            "recall": 1.0,
            "f1-score": 0.8461538461538461,
            "support": 22.0
        },
        "accuracy": 0.7142857142857143,
        "macro avg": {
            "precision": 0.6133333333333333,
            "recall": 0.6666666666666667,
            "f1-score": 0.6310489510489511,
            "support": 42.0
        },
        "weighted avg": {
            "precision": 0.5904761904761904,
            "recall": 0.7142857142857143,
            "f1-score": 0.6397602397602398,
            "support": 42.0
        },
        "support": 42
    },
    "t-t": {
        "IS_INCLUDED": {
            "precision": 0.5,
            "recall": 1.0,
            "f1-score": 0.6666666666666666,
            "support": 1.0
        },
        "INCLUDES": {
            "precision": 0.0,
            "recall": 0.0,
            "f1-score": 0.0,
            "support": 1.0
        },
        "SIMULTANEOUS": {
            "precision": 0.3333333333333333,
            "recall": 1.0,
            "f1-score": 0.5,
            "support": 1.0
        },
        "AFTER": {
            "precision": 1.0,
            "recall": 0.75,
            "f1-score": 0.8571428571428571,
            "support": 8.0
        },
        "BEFORE": {
            "precision": 0.875,
            "recall": 0.7777777777777778,
            "f1-score": 0.8235294117647058,
            "support": 9.0
        },
        "accuracy": 0.75,
        "macro avg": {
            "precision": 0.5416666666666666,
            "recall": 0.7055555555555555,
            "f1-score": 0.5694677871148459,
            "support": 20.0
        },
        "weighted avg": {
            "precision": 0.8354166666666668,
            "recall": 0.75,
            "f1-score": 0.7717787114845939,
            "support": 20.0
        },
        "support": 20
    },
    "dct-e": {
        "IS_INCLUDED": {
            "precision": 0.42105263157894735,
            "recall": 0.13559322033898305,
            "f1-score": 0.20512820512820512,
            "support": 59.0
        },
        "INCLUDES": {
            "precision": 0.75,
            "recall": 0.2903225806451613,
            "f1-score": 0.4186046511627907,
            "support": 31.0
        },
        "SIMULTANEOUS": {
            "precision": 0.0,
            "recall": 0.0,
            "f1-score": 0.0,
            "support": 0.0
        },
        "AFTER": {
            "precision": 0.8787878787878788,
            "recall": 0.7631578947368421,
            "f1-score": 0.8169014084507042,
            "support": 76.0
        },
        "BEFORE": {
            "precision": 0.5298013245033113,
            "recall": 0.963855421686747,
            "f1-score": 0.6837606837606838,
            "support": 83.0
        },
        "accuracy": 0.6224899598393574,
        "macro avg": {
            "precision": 0.5159283669740276,
            "recall": 0.4305858234815467,
            "f1-score": 0.4248789897004768,
            "support": 249.0
        },
        "weighted avg": {
            "precision": 0.6379658392964318,
            "recall": 0.6224899598393574,
            "f1-score": 0.5779757111767104,
            "support": 249.0
        },
        "support": 249
    },
    "e-t": {
        "IS_INCLUDED": {
            "precision": 0.4473684210526316,
            "recall": 0.6938775510204082,
            "f1-score": 0.544,
            "support": 49.0
        },
        "INCLUDES": {
            "precision": 0.375,
            "recall": 0.6486486486486487,
            "f1-score": 0.4752475247524752,
            "support": 37.0
        },
        "SIMULTANEOUS": {
            "precision": 0.17391304347826086,
            "recall": 0.6666666666666666,
            "f1-score": 0.27586206896551724,
            "support": 6.0
        },
        "AFTER": {
            "precision": 0.8181818181818182,
            "recall": 0.5294117647058824,
            "f1-score": 0.6428571428571429,
            "support": 85.0
        },
        "BEFORE": {
            "precision": 0.7971014492753623,
            "recall": 0.5,
            "f1-score": 0.6145251396648045,
            "support": 110.0
        },
        "accuracy": 0.5644599303135889,
        "macro avg": {
            "precision": 0.5223129463976146,
            "recall": 0.6077209262083211,
            "f1-score": 0.510498375247988,
            "support": 287.0
        },
        "weighted avg": {
            "precision": 0.676188658042484,
            "recall": 0.5644599303135889,
            "f1-score": 0.585839558660698,
            "support": 287.0
        },
        "support": 287
    }
}