{
    "IS_INCLUDED": {
        "precision": 0.3333333333333333,
        "recall": 0.4712041884816754,
        "f1-score": 0.39045553145336226,
        "support": 191.0
    },
    "BEFORE": {
        "precision": 0.7805429864253394,
        "recall": 0.5219364599092284,
        "f1-score": 0.6255666364460563,
        "support": 661.0
    },
    "SIMULTANEOUS": {
        "precision": 0.15555555555555556,
        "recall": 0.5957446808510638,
        "f1-score": 0.24669603524229075,
        "support": 47.0
    },
    "INCLUDES": {
        "precision": 0.2193877551020408,
        "recall": 0.5850340136054422,
        "f1-score": 0.31910946196660483,
        "support": 147.0
    },
    "AFTER": {
        "precision": 0.7985074626865671,
        "recall": 0.42292490118577075,
        "f1-score": 0.5529715762273901,
        "support": 506.0
    },
    "accuracy": 0.49162371134020616,
    "macro avg": {
        "precision": 0.4574654186205672,
        "recall": 0.519368848806636,
        "f1-score": 0.4269598482671409,
        "support": 1552.0
    },
    "weighted avg": {
        "precision": 0.6592857396419652,
        "recall": 0.49162371134020616,
        "f1-score": 0.5324639016333592,
        "support": 1552.0
    }
}