{
    "AFTER": {
        "precision": 0.8167539267015707,
        "recall": 0.308300395256917,
        "f1-score": 0.44763271162123386,
        "support": 506.0
    },
    "IS_INCLUDED": {
        "precision": 0.29577464788732394,
        "recall": 0.5497382198952879,
        "f1-score": 0.38461538461538464,
        "support": 191.0
    },
    "BEFORE": {
        "precision": 0.7650602409638554,
        "recall": 0.5763993948562783,
        "f1-score": 0.6574633304572908,
        "support": 661.0
    },
    "INCLUDES": {
        "precision": 0.25663716814159293,
        "recall": 0.5918367346938775,
        "f1-score": 0.35802469135802467,
        "support": 147.0
    },
    "SIMULTANEOUS": {
        "precision": 0.15384615384615385,
        "recall": 0.5531914893617021,
        "f1-score": 0.24074074074074073,
        "support": 47.0
    },
    "accuracy": 0.48646907216494845,
    "macro avg": {
        "precision": 0.4576144275080994,
        "recall": 0.5158932468128127,
        "f1-score": 0.41769537175853494,
        "support": 1552.0
    },
    "weighted avg": {
        "precision": 0.6574946500529417,
        "recall": 0.48646907216494845,
        "f1-score": 0.5144918791356936,
        "support": 1552.0
    }
}