{
    "AFTER": {
        "precision": 0.7447698744769874,
        "recall": 0.35177865612648224,
        "f1-score": 0.4778523489932886,
        "support": 506.0
    },
    "BEFORE": {
        "precision": 0.7583333333333333,
        "recall": 0.5506807866868382,
        "f1-score": 0.6380368098159509,
        "support": 661.0
    },
    "IS_INCLUDED": {
        "precision": 0.3381818181818182,
        "recall": 0.4869109947643979,
        "f1-score": 0.39914163090128757,
        "support": 191.0
    },
    "SIMULTANEOUS": {
        "precision": 0.16470588235294117,
        "recall": 0.5957446808510638,
        "f1-score": 0.25806451612903225,
        "support": 47.0
    },
    "INCLUDES": {
        "precision": 0.2268041237113402,
        "recall": 0.5986394557823129,
        "f1-score": 0.32897196261682243,
        "support": 147.0
    },
    "accuracy": 0.4838917525773196,
    "macro avg": {
        "precision": 0.4465590064112841,
        "recall": 0.516750914842219,
        "f1-score": 0.42041345369127636,
        "support": 1552.0
    },
    "weighted avg": {
        "precision": 0.6338827317961157,
        "recall": 0.4838917525773196,
        "f1-score": 0.5156311740617467,
        "support": 1552.0
    }
}