{
    "SIMULTANEOUS": {
        "precision": 0.07386363636363637,
        "recall": 0.5531914893617021,
        "f1-score": 0.13032581453634084,
        "support": 47.0
    },
    "IS_INCLUDED": {
        "precision": 0.16666666666666666,
        "recall": 0.5130890052356021,
        "f1-score": 0.251604621309371,
        "support": 191.0
    },
    "INCLUDES": {
        "precision": 0.14652014652014653,
        "recall": 0.54421768707483,
        "f1-score": 0.23088023088023088,
        "support": 147.0
    },
    "AFTER": {
        "precision": 0.5767918088737202,
        "recall": 0.3339920948616601,
        "f1-score": 0.4230287859824781,
        "support": 506.0
    },
    "VAGUE": {
        "precision": 0.0,
        "recall": 0.0,
        "f1-score": 0.0,
        "support": 1147.0
    },
    "BEFORE": {
        "precision": 0.4532608695652174,
        "recall": 0.6308623298033282,
        "f1-score": 0.5275142314990512,
        "support": 661.0
    },
    "accuracy": 0.2927010003705076,
    "macro avg": {
        "precision": 0.23618385466489786,
        "recall": 0.4292254343895205,
        "f1-score": 0.260558947367912,
        "support": 2699.0
    },
    "weighted avg": {
        "precision": 0.24020210294686808,
        "recall": 0.2927010003705076,
        "f1-score": 0.2411488190517594,
        "support": 2699.0
    }
}