{
    "ENDS": {
        "precision": 0.0,
        "recall": 0.0,
        "f1-score": 0.0,
        "support": 3.0
    },
    "BEGUN_BY": {
        "precision": 0.0,
        "recall": 0.0,
        "f1-score": 0.0,
        "support": 3.0
    },
    "IS_INCLUDED": {
        "precision": 0.0,
        "recall": 0.0,
        "f1-score": 0.0,
        "support": 176.0
    },
    "IBEFORE": {
        "precision": 0.0,
        "recall": 0.0,
        "f1-score": 0.0,
        "support": 8.0
    },
    "ENDED_BY": {
        "precision": 0.0,
        "recall": 0.0,
        "f1-score": 0.0,
        "support": 2.0
    },
    "IAFTER": {
        "precision": 0.0,
        "recall": 0.0,
        "f1-score": 0.0,
        "support": 9.0
    },
    "AFTER": {
        "precision": 0.3333333333333333,
        "recall": 0.010101010101010102,
        "f1-score": 0.0196078431372549,
        "support": 198.0
    },
    "BEGINS": {
        "precision": 0.0,
        "recall": 0.0,
        "f1-score": 0.0,
        "support": 2.0
    },
    "INCLUDES": {
        "precision": 0.0,
        "recall": 0.0,
        "f1-score": 0.0,
        "support": 88.0
    },
    "BEFORE": {
        "precision": 0.3553629469122427,
        "recall": 0.9939393939393939,
        "f1-score": 0.5235434956105347,
        "support": 330.0
    },
    "SIMULTANEOUS": {
        "precision": 0.0,
        "recall": 0.0,
        "f1-score": 0.0,
        "support": 110.0
    },
    "accuracy": 0.35522066738428415,
    "macro avg": {
        "precision": 0.06260875274959782,
        "recall": 0.09127640036730945,
        "f1-score": 0.04937739443161724,
        "support": 929.0
    },
    "weighted avg": {
        "precision": 0.19727639664266963,
        "recall": 0.35522066738428415,
        "f1-score": 0.19015253659058443,
        "support": 929.0
    },
    "dct-t": {
        "ENDS": {
            "precision": 0.0,
            "recall": 0.0,
            "f1-score": 0.0,
            "support": 0.0
        },
        "BEGUN_BY": {
            "precision": 0.0,
            "recall": 0.0,
            "f1-score": 0.0,
            "support": 0.0
        },
        "IS_INCLUDED": {
            "precision": 0.0,
            "recall": 0.0,
            "f1-score": 0.0,
            "support": 3.0
        },
        "IBEFORE": {
            "precision": 0.0,
            "recall": 0.0,
            "f1-score": 0.0,
            "support": 1.0
        },
        "ENDED_BY": {
            "precision": 0.0,
            "recall": 0.0,
            "f1-score": 0.0,
            "support": 0.0
        },
        "IAFTER": {
            "precision": 0.0,
            "recall": 0.0,
            "f1-score": 0.0,
            "support": 0.0
        },
        "AFTER": {
            "precision": 0.0,
            "recall": 0.0,
            "f1-score": 0.0,
            "support": 2.0
        },
        "BEGINS": {
            "precision": 0.0,
            "recall": 0.0,
            "f1-score": 0.0,
            "support": 1.0
        },
        "INCLUDES": {
            "precision": 0.0,
            "recall": 0.0,
            "f1-score": 0.0,
            "support": 6.0
        },
        "BEFORE": {
            "precision": 0.2608695652173913,
            "recall": 1.0,
            "f1-score": 0.41379310344827586,
            "support": 6.0
        },
        "SIMULTANEOUS": {
            "precision": 0.0,
            "recall": 0.0,
            "f1-score": 0.0,
            "support": 4.0
        },
        "accuracy": 0.2608695652173913,
        "macro avg": {
            "precision": 0.023715415019762844,
            "recall": 0.09090909090909091,
            "f1-score": 0.03761755485893417,
            "support": 23.0
        },
        "weighted avg": {
            "precision": 0.06805293005671077,
            "recall": 0.2608695652173913,
            "f1-score": 0.10794602698650675,
            "support": 23.0
        },
        "support": 23
    },
    "e-e": {
        "ENDS": {
            "precision": 0.0,
            "recall": 0.0,
            "f1-score": 0.0,
            "support": 1.0
        },
        "BEGUN_BY": {
            "precision": 0.0,
            "recall": 0.0,
            "f1-score": 0.0,
            "support": 1.0
        },
        "IS_INCLUDED": {
            "precision": 0.0,
            "recall": 0.0,
            "f1-score": 0.0,
            "support": 47.0
        },
        "IBEFORE": {
            "precision": 0.0,
            "recall": 0.0,
            "f1-score": 0.0,
            "support": 1.0
        },
        "ENDED_BY": {
            "precision": 0.0,
            "recall": 0.0,
            "f1-score": 0.0,
            "support": 0.0
        },
        "IAFTER": {
            "precision": 0.0,
            "recall": 0.0,
            "f1-score": 0.0,
            "support": 2.0
        },
        "AFTER": {
            "precision": 0.3333333333333333,
            "recall": 0.011976047904191617,
            "f1-score": 0.023121387283236993,
            "support": 167.0
        },
        "BEGINS": {
            "precision": 0.0,
            "recall": 0.0,
            "f1-score": 0.0,
            "support": 0.0
        },
        "INCLUDES": {
            "precision": 0.0,
            "recall": 0.0,
            "f1-score": 0.0,
            "support": 40.0
        },
        "BEFORE": {
            "precision": 0.3892733564013841,
            "recall": 0.9911894273127754,
            "f1-score": 0.5590062111801242,
            "support": 227.0
        },
        "SIMULTANEOUS": {
            "precision": 0.0,
            "recall": 0.0,
            "f1-score": 0.0,
            "support": 98.0
        },
        "accuracy": 0.3886986301369863,
        "macro avg": {
            "precision": 0.06569151724861068,
            "recall": 0.09119686138336064,
            "f1-score": 0.05292069076939647,
            "support": 584.0
        },
        "weighted avg": {
            "precision": 0.24662965508524118,
            "recall": 0.3886986301369863,
            "f1-score": 0.223896715092789,
            "support": 584.0
        },
        "support": 584
    },
    "e-t": {
        "ENDS": {
            "precision": 0.0,
            "recall": 0.0,
            "f1-score": 0.0,
            "support": 2.0
        },
        "BEGUN_BY": {
            "precision": 0.0,
            "recall": 0.0,
            "f1-score": 0.0,
            "support": 1.0
        },
        "IS_INCLUDED": {
            "precision": 0.0,
            "recall": 0.0,
            "f1-score": 0.0,
            "support": 111.0
        },
        "IBEFORE": {
            "precision": 0.0,
            "recall": 0.0,
            "f1-score": 0.0,
            "support": 5.0
        },
        "ENDED_BY": {
            "precision": 0.0,
            "recall": 0.0,
            "f1-score": 0.0,
            "support": 2.0
        },
        "IAFTER": {
            "precision": 0.0,
            "recall": 0.0,
            "f1-score": 0.0,
            "support": 6.0
        },
        "AFTER": {
            "precision": 0.0,
            "recall": 0.0,
            "f1-score": 0.0,
            "support": 4.0
        },
        "BEGINS": {
            "precision": 0.0,
            "recall": 0.0,
            "f1-score": 0.0,
            "support": 1.0
        },
        "INCLUDES": {
            "precision": 0.0,
            "recall": 0.0,
            "f1-score": 0.0,
            "support": 4.0
        },
        "BEFORE": {
            "precision": 0.04,
            "recall": 1.0,
            "f1-score": 0.07692307692307693,
            "support": 6.0
        },
        "SIMULTANEOUS": {
            "precision": 0.0,
            "recall": 0.0,
            "f1-score": 0.0,
            "support": 8.0
        },
        "accuracy": 0.04,
        "macro avg": {
            "precision": 0.0036363636363636364,
            "recall": 0.09090909090909091,
            "f1-score": 0.006993006993006993,
            "support": 150.0
        },