{
    "IBEFORE": {
        "precision": 0.0,
        "recall": 0.0,
        "f1-score": 0.0,
        "support": 8.0
    },
    "BEGUN_BY": {
        "precision": 0.0,
        "recall": 0.0,
        "f1-score": 0.0,
        "support": 3.0
    },
    "ENDS": {
        "precision": 0.0,
        "recall": 0.0,
        "f1-score": 0.0,
        "support": 3.0
    },
    "ENDED_BY": {
        "precision": 0.0,
        "recall": 0.0,
        "f1-score": 0.0,
        "support": 2.0
    },
    "BEFORE": {
        "precision": 0.22857142857142856,
        "recall": 0.07272727272727272,
        "f1-score": 0.1103448275862069,
        "support": 330.0
    },
    "AFTER": {
        "precision": 0.2403846153846154,
        "recall": 0.12626262626262627,
        "f1-score": 0.16556291390728478,
        "support": 198.0
    },
    "INCLUDES": {
        "precision": 0.10843373493975904,
        "recall": 0.10227272727272728,
        "f1-score": 0.10526315789473684,
        "support": 88.0
    },
    "SIMULTANEOUS": {
        "precision": 0.0975609756097561,
        "recall": 0.07272727272727272,
        "f1-score": 0.08333333333333333,
        "support": 110.0
    },
    "IAFTER": {
        "precision": 0.010526315789473684,
        "recall": 0.1111111111111111,
        "f1-score": 0.019230769230769232,
        "support": 9.0
    },
    "IS_INCLUDED": {
        "precision": 0.1794871794871795,
        "recall": 0.07954545454545454,
        "f1-score": 0.11023622047244094,
        "support": 176.0
    },
    "BEGINS": {
        "precision": 0.0,
        "recall": 0.0,
        "f1-score": 0.0,
        "support": 2.0
    },
    "micro avg": {
        "precision": 0.08766233766233766,
        "recall": 0.08719052744886975,
        "f1-score": 0.08742579600647599,
        "support": 929.0
    },
    "macro avg": {
        "precision": 0.07863311361656476,
        "recall": 0.051331496786042236,
        "f1-score": 0.05399738385679745,
        "support": 929.0
    },
    "weighted avg": {
        "precision": 0.18835638503589464,
        "recall": 0.08719052744886975,
        "f1-score": 0.11539260101692216,
        "support": 929.0
    },
    "e-t": {
        "IBEFORE": {
            "precision": 0.0,
            "recall": 0.0,
            "f1-score": 0.0,
            "support": 5.0
        },
        "BEGUN_BY": {
            "precision": 0.0,
            "recall": 0.0,
            "f1-score": 0.0,
            "support": 1.0
        },
        "ENDS": {
            "precision": 0.0,
            "recall": 0.0,
            "f1-score": 0.0,
            "support": 2.0
        },
        "ENDED_BY": {
            "precision": 0.0,
            "recall": 0.0,
            "f1-score": 0.0,
            "support": 2.0
        },
        "BEFORE": {
            "precision": 0.0,
            "recall": 0.0,
            "f1-score": 0.0,
            "support": 6.0
        },
        "AFTER": {
            "precision": 0.06666666666666667,
            "recall": 0.25,
            "f1-score": 0.10526315789473684,
            "support": 4.0
        },
        "INCLUDES": {
            "precision": 0.06666666666666667,
            "recall": 0.25,
            "f1-score": 0.10526315789473684,
            "support": 4.0
        },
        "SIMULTANEOUS": {
            "precision": 0.058823529411764705,
            "recall": 0.125,
            "f1-score": 0.08,
            "support": 8.0
        },
        "IAFTER": {
            "precision": 0.05263157894736842,
            "recall": 0.16666666666666666,
            "f1-score": 0.08,
            "support": 6.0
        },
        "IS_INCLUDED": {
            "precision": 0.7,
            "recall": 0.06306306306306306,
            "f1-score": 0.11570247933884298,
            "support": 111.0
        },
        "BEGINS": {
            "precision": 0.0,
            "recall": 0.0,
            "f1-score": 0.0,
            "support": 1.0
        },
        "accuracy": 0.07333333333333333,
        "macro avg": {
            "precision": 0.08588985833567876,
            "recall": 0.0777027027027027,
            "f1-score": 0.04420261773893788,
            "support": 150.0
        },
        "weighted avg": {
            "precision": 0.5267980736154111,
            "recall": 0.07333333333333333,
            "f1-score": 0.09870053646512977,
            "support": 150.0
        },
        "support": 150
    },
    "t-t": {
        "IBEFORE": {
            "precision": 0.0,
            "recall": 0.0,
            "f1-score": 0.0,
            "support": 1.0
        },
        "BEGUN_BY": {
            "precision": 0.0,
            "recall": 0.0,
            "f1-score": 0.0,
            "support": 1.0
        },
        "ENDS": {
            "precision": 0.0,
            "recall": 0.0,
            "f1-score": 0.0,
            "support": 0.0
        },
        "ENDED_BY": {
            "precision": 0.0,
            "recall": 0.0,
            "f1-score": 0.0,
            "support": 0.0
        },
        "BEFORE": {
            "precision": 0.0,
            "recall": 0.0,
            "f1-score": 0.0,
            "support": 1.0
        },
        "AFTER": {
            "precision": 0.0,
            "recall": 0.0,
            "f1-score": 0.0,
            "support": 0.0
        },
        "INCLUDES": {
            "precision": 0.0,
            "recall": 0.0,
            "f1-score": 0.0,
            "support": 2.0
        },
        "SIMULTANEOUS": {
            "precision": 0.0,
            "recall": 0.0,
            "f1-score": 0.0,
            "support": 0.0
        },
        "IAFTER": {
            "precision": 0.0,
            "recall": 0.0,
            "f1-score": 0.0,
            "support": 1.0
        },
        "IS_INCLUDED": {
            "precision": 0.0,
            "recall": 0.0,
            "f1-score": 0.0,
            "support": 1.0
        },
        "BEGINS": {
            "precision": 0.0,
            "recall": 0.0,
            "f1-score": 0.0,
            "support": 0.0
        },
        "accuracy": 0.0,
        "macro avg": {
            "precision": 0.0,
            "recall": 0.0,
            "f1-score": 0.0,
            "support": 7.0
        },
        "weighted avg": {
            "precision": 0.0,
            "recall": 0.0,
            "f1-score": 0.0,
            "support": 7.0
        },
        "support": 7
    },
    "e-e": {
        "IBEFORE": {
            "precision": 0.0,
            "recall": 0.0,
            "f1-score": 0.0,
            "support": 1.0
        },
        "BEGUN_BY": {
            "precision": 0.0,
            "recall": 0.0,
            "f1-score": 0.0,
            "support": 1.0
        },
        "ENDS": {
            "precision": 0.0,
            "recall": 0.0,
            "f1-score": 0.0,
            "support": 1.0
        },
        "ENDED_BY": {
            "precision": 0.0,
            "recall": 0.0,
            "f1-score": 0.0,
            "support": 0.0
        },
        "BEFORE": {
            "precision": 0.14814814814814814,
            "recall": 0.03524229074889868,
            "f1-score": 0.05693950177935943,
            "support": 227.0
        },
        "AFTER": {
            "precision": 0.3392857142857143,
            "recall": 0.11377245508982035,
            "f1-score": 0.17040358744394618,
            "support": 167.0
        },
        "INCLUDES": {
            "precision": 0.13043478260869565,
            "recall": 0.15,
            "f1-score": 0.13953488372093023,
            "support": 40.0
        },
        "SIMULTANEOUS": {
            "precision": 0.12962962962962962,
            "recall": 0.07142857142857142,
            "f1-score": 0.09210526315789473,
            "support": 98.0
        },
        "IAFTER": {
            "precision": 0.0,
            "recall": 0.0,
            "f1-score": 0.0,
            "support": 2.0
        },
        "IS_INCLUDED": {
            "precision": 0.061224489795918366,
            "recall": 0.06382978723404255,
            "f1-score": 0.0625,