{
    "IS_INCLUDED": {
        "precision": 0.6378378378378379,
        "recall": 0.6704545454545454,
        "f1-score": 0.6537396121883656,
        "support": 176.0
    },
    "BEGUN_BY": {
        "precision": 0.0,
        "recall": 0.0,
        "f1-score": 0.0,
        "support": 3.0
    },
    "BEGINS": {
        "precision": 0.0,
        "recall": 0.0,
        "f1-score": 0.0,
        "support": 2.0
    },
    "IAFTER": {
        "precision": 0.0,
        "recall": 0.0,
        "f1-score": 0.0,
        "support": 9.0
    },
    "BEFORE": {
        "precision": 0.7151162790697675,
        "recall": 0.7454545454545455,
        "f1-score": 0.7299703264094956,
        "support": 330.0
    },
    "SIMULTANEOUS": {
        "precision": 0.5657894736842105,
        "recall": 0.39090909090909093,
        "f1-score": 0.46236559139784944,
        "support": 110.0
    },
    "INCLUDES": {
        "precision": 0.47959183673469385,
        "recall": 0.5340909090909091,
        "f1-score": 0.5053763440860215,
        "support": 88.0
    },
    "AFTER": {
        "precision": 0.655,
        "recall": 0.6616161616161617,
        "f1-score": 0.6582914572864321,
        "support": 198.0
    },
    "IBEFORE": {
        "precision": 0.0,
        "recall": 0.0,
        "f1-score": 0.0,
        "support": 8.0
    },
    "ENDS": {
        "precision": 0.0,
        "recall": 0.0,
        "f1-score": 0.0,
        "support": 3.0
    },
    "ENDED_BY": {
        "precision": 1.0,
        "recall": 0.5,
        "f1-score": 0.6666666666666666,
        "support": 2.0
    },
    "micro avg": {
        "precision": 0.6314655172413793,
        "recall": 0.6307857911733046,
        "f1-score": 0.6311254711900915,
        "support": 929.0
    },
    "macro avg": {
        "precision": 0.36848503884786454,
        "recall": 0.3184113865932048,
        "f1-score": 0.33421909073043915,
        "support": 929.0
    },
    "weighted avg": {
        "precision": 0.6290406407862207,
        "recall": 0.6307857911733046,
        "f1-score": 0.6275099619695007,
        "support": 929.0
    },
    "dct-e": {
        "IS_INCLUDED": {
            "precision": 0.18181818181818182,
            "recall": 0.14285714285714285,
            "f1-score": 0.16,
            "support": 14.0
        },
        "BEGUN_BY": {
            "precision": 0.0,
            "recall": 0.0,
            "f1-score": 0.0,
            "support": 0.0
        },
        "BEGINS": {
            "precision": 0.0,
            "recall": 0.0,
            "f1-score": 0.0,
            "support": 0.0
        },
        "IAFTER": {
            "precision": 0.0,
            "recall": 0.0,
            "f1-score": 0.0,
            "support": 0.0
        },
        "BEFORE": {
            "precision": 0.7549019607843137,
            "recall": 0.8555555555555555,
            "f1-score": 0.8020833333333334,
            "support": 90.0
        },
        "SIMULTANEOUS": {
            "precision": 0.0,
            "recall": 0.0,
            "f1-score": 0.0,
            "support": 0.0
        },
        "INCLUDES": {
            "precision": 0.7586206896551724,
            "recall": 0.6111111111111112,
            "f1-score": 0.676923076923077,
            "support": 36.0
        },
        "AFTER": {
            "precision": 0.7,
            "recall": 0.56,
            "f1-score": 0.6222222222222222,
            "support": 25.0
        },
        "IBEFORE": {
            "precision": 0.0,
            "recall": 0.0,
            "f1-score": 0.0,
            "support": 0.0
        },
        "ENDS": {
            "precision": 0.0,
            "recall": 0.0,
            "f1-score": 0.0,
            "support": 0.0
        },
        "ENDED_BY": {
            "precision": 0.0,
            "recall": 0.0,
            "f1-score": 0.0,
            "support": 0.0
        },
        "micro avg": {
            "precision": 0.7012195121951219,
            "recall": 0.696969696969697,
            "f1-score": 0.6990881458966566,
            "support": 165.0
        },
        "macro avg": {
            "precision": 0.21775825747796979,
            "recall": 0.19722943722943723,
            "f1-score": 0.20556623931623932,
            "support": 165.0
        },
        "weighted avg": {
            "precision": 0.6987695505674484,
            "recall": 0.696969696969697,
            "f1-score": 0.6930441595441595,
            "support": 165.0
        },
        "support": 165
    },
    "e-t": {
        "IS_INCLUDED": {
            "precision": 0.8706896551724138,
            "recall": 0.9099099099099099,
            "f1-score": 0.8898678414096917,
            "support": 111.0
        },
        "BEGUN_BY": {
            "precision": 0.0,
            "recall": 0.0,
            "f1-score": 0.0,
            "support": 1.0
        },
        "BEGINS": {
            "precision": 0.0,
            "recall": 0.0,
            "f1-score": 0.0,
            "support": 1.0
        },
        "IAFTER": {
            "precision": 0.0,
            "recall": 0.0,
            "f1-score": 0.0,
            "support": 6.0
        },
        "BEFORE": {
            "precision": 0.36363636363636365,
            "recall": 0.6666666666666666,
            "f1-score": 0.47058823529411764,
            "support": 6.0
        },
        "SIMULTANEOUS": {
            "precision": 0.5,
            "recall": 0.375,
            "f1-score": 0.42857142857142855,
            "support": 8.0
        },
        "INCLUDES": {
            "precision": 0.5,
            "recall": 0.25,
            "f1-score": 0.3333333333333333,
            "support": 4.0
        },
        "AFTER": {
            "precision": 0.3333333333333333,
            "recall": 0.75,
            "f1-score": 0.46153846153846156,
            "support": 4.0
        },
        "IBEFORE": {
            "precision": 0.0,
            "recall": 0.0,
            "f1-score": 0.0,
            "support": 5.0
        },
        "ENDS": {
            "precision": 0.0,
            "recall": 0.0,
            "f1-score": 0.0,
            "support": 2.0
        },
        "ENDED_BY": {
            "precision": 1.0,
            "recall": 0.5,
            "f1-score": 0.6666666666666666,
            "support": 2.0
        },
        "accuracy": 0.7533333333333333,
        "macro avg": {
            "precision": 0.3243326683765555,
            "recall": 0.31377968877968876,
            "f1-score": 0.29550599698306357,
            "support": 150.0
        },
        "weighted avg": {
            "precision": 0.721078021595263,
            "recall": 0.7533333333333333,
            "f1-score": 0.7302683449975494,
            "support": 150.0
        },
        "support": 150
    },
    "e-e": {
        "IS_INCLUDED": {
            "precision": 0.22,
            "recall": 0.23404255319148937,
            "f1-score": 0.2268041237113402,
            "support": 47.0
        },
        "BEGUN_BY": {
            "precision": 0.0,
            "recall": 0.0,
            "f1-score": 0.0,
            "support": 1.0
        },
        "BEGINS": {
            "precision": 0.0,
            "recall": 0.0,
            "f1-score": 0.0,
            "support": 0.0
        },
        "IAFTER": {
            "precision": 0.0,
            "recall": 0.0,
            "f1-score": 0.0,
            "support": 2.0
        },
        "BEFORE": {
            "precision": 0.7155555555555555,
            "recall": 0.7092511013215859,
            "f1-score": 0.7123893805309734,
            "support": 227.0
        },
        "SIMULTANEOUS": {
            "precision": 0.5714285714285714,
            "recall": 0.40816326530612246,
            "f1-score": 0.47619047619047616,
            "support": 98.0
        },
        "INCLUDES": {
            "precision": 0.3148148148148148,
            "recall": 0.425,
            "f1-score": 0.3617021276595745,
            "support": 40.0
        },
        "AFTER": {
            "precision": 0.6726190476190477,