{
    "<": {
        "precision": 0.8031413612565445,
        "recall": 0.7685370741482966,
        "f1-score": 0.7854582693292371,
        "support": 1996.0
    },
    "=": {
        "precision": 0.3235294117647059,
        "recall": 0.3117408906882591,
        "f1-score": 0.31752577319587627,
        "support": 247.0
    },
    ">": {
        "precision": 0.7008928571428571,
        "recall": 0.7460964019008826,
        "f1-score": 0.7227885563959224,
        "support": 1473.0
    },
    "accuracy": 0.7292787944025835,
    "macro avg": {
        "precision": 0.6091878767213692,
        "recall": 0.608791455579146,
        "f1-score": 0.608590866307012,
        "support": 3716.0
    },
    "weighted avg": {
        "precision": 0.7307311895439649,
        "recall": 0.7292787944025835,
        "f1-score": 0.7295132172044492,
        "support": 3716.0
    }
}