{
    "<": {
        "precision": 0.7909984480082773,
        "recall": 0.7660320641282565,
        "f1-score": 0.7783150928989565,
        "support": 1996.0
    },
    "=": {
        "precision": 0.34841628959276016,
        "recall": 0.3117408906882591,
        "f1-score": 0.32905982905982906,
        "support": 247.0
    },
    ">": {
        "precision": 0.6837387964148528,
        "recall": 0.725050916496945,
        "f1-score": 0.7037891268533772,
        "support": 1473.0
    },
    "accuracy": 0.7195909580193757,
    "macro avg": {
        "precision": 0.6077178446719634,
        "recall": 0.6009412904378202,
        "f1-score": 0.6037213496040543,
        "support": 3716.0
    },
    "weighted avg": {
        "precision": 0.7190632327430063,
        "recall": 0.7195909580193757,
        "f1-score": 0.7189117564744671,
        "support": 3716.0
    }
}