{
    "accuracy": 0.5371367061356297,
    "precision": 0.17904556871187657,
    "recall": 0.3333333333333333,
    "f1-score": 0.2329598506069094,
    "confidence": {
        "accuracy": {
            "lower": 0.521252691065662,
            "upper": 0.5527516146393971
        },
        "precision": {
            "lower": 0.1737508970218873,
            "upper": 0.1842505382131324
        },
        "recall": {
            "lower": 0.3333333333333333,
            "upper": 0.3333333333333333
        },
        "f1-score": {
            "lower": 0.22843134186454514,
            "upper": 0.23732132844945458
        }
    },
    "per_label": {
        "<": {
            "precision": 0.5371367061356297,
            "recall": 1.0,
            "f1-score": 0.6988795518207283,
            "support": 1996.0
        },
        ">": {
            "precision": 0.0,
            "recall": 0.0,
            "f1-score": 0.0,
            "support": 1473.0
        },
        "=": {
            "precision": 0.0,
            "recall": 0.0,
            "f1-score": 0.0,
            "support": 247.0
        }
    },
    "pre_type": {
        "ee": {
            "accuracy": 0.5554359526372443,
            "precision": 0.18514531754574812,
            "recall": 0.3333333333333333,
            "f1-score": 0.2380622837370242,
            "support": 929,
            "confidence": {
                "accuracy": {
                    "lower": 0.5220667384284177,
                    "upper": 0.5866523143164694
                },
                "precision": {
                    "lower": 0.1740222461428059,
                    "upper": 0.19555077143882313
                },
                "recall": {
                    "lower": 0.3333333333333333,
                    "upper": 0.3333333333333333
                },
                "f1-score": {
                    "lower": 0.22866572371522867,
                    "upper": 0.2464947987336047
                }
            }
        },
        "es": {
            "accuracy": 0.35522066738428415,
            "precision": 0.11840688912809472,
            "recall": 0.3333333333333333,
            "f1-score": 0.17474185861795075,
            "support": 929,
            "confidence": {
                "accuracy": {
                    "lower": 0.3218514531754575,
                    "upper": 0.38643702906350913
                },
                "precision": {
                    "lower": 0.1072838177251525,
                    "upper": 0.1288123430211697
                },
                "recall": {
                    "lower": 0.3333333333333333,
                    "upper": 0.3333333333333333
                },
                "f1-score": {
                    "lower": 0.16232356134636264,
                    "upper": 0.18581780538302275
                }
            }
        },
        "se": {
            "accuracy": 0.7771797631862217,
            "precision": 0.25905992106207393,
            "recall": 0.3333333333333333,
            "f1-score": 0.2915404805168585,
            "support": 929,
            "confidence": {
                "accuracy": {
                    "lower": 0.7481162540365985,
                    "upper": 0.8040904198062433
                },
                "precision": {
                    "lower": 0.24937208467886618,
                    "upper": 0.2680301399354144
                },
                "recall": {
                    "lower": 0.3333333333333333,
                    "upper": 0.3333333333333333
                },
                "f1-score": {
                    "lower": 0.28530377668308704,
                    "upper": 0.2971360381861575
                }
            }
        },
        "ss": {
            "accuracy": 0.4607104413347686,
            "precision": 0.15357014711158953,
            "recall": 0.3333333333333333,
            "f1-score": 0.21026774748219113,
            "support": 929,
            "confidence": {
                "accuracy": {
                    "lower": 0.4284176533907427,
                    "upper": 0.4930032292787944
                },
                "precision": {
                    "lower": 0.14280588446358092,
                    "upper": 0.16433440975959815
                },
                "recall": {
                    "lower": 0.3333333333333333,
                    "upper": 0.3333333333333333
                },
                "f1-score": {
                    "lower": 0.1999497613664908,
                    "upper": 0.22013938956981494
                }
            }
        }
    }
}