{
    "accuracy": 0.5371367061356297,
    "precision": 0.5371367061356297,
    "recall": 0.5371367061356297,
    "f1-score": 0.5371367061356297,
    "confidence": {
        "accuracy": {
            "lower": 0.5215217976318622,
            "upper": 0.5530207212055974
        },
        "precision": {
            "lower": 0.5215217976318622,
            "upper": 0.5530207212055974
        },
        "recall": {
            "lower": 0.5215217976318622,
            "upper": 0.5530207212055974
        },
        "f1-score": {
            "lower": 0.5215217976318622,
            "upper": 0.5530207212055974
        }
    },
    "per_label": {
        "<": {
            "precision": 0.5371367061356297,
            "recall": 1.0,
            "f1-score": 0.6988795518207283,
            "support": 1996.0
        },
        ">": {
            "precision": 0.0,
            "recall": 0.0,
            "f1-score": 0.0,
            "support": 1473.0
        },
        "=": {
            "precision": 0.0,
            "recall": 0.0,
            "f1-score": 0.0,
            "support": 247.0
        },
        "-": {
            "precision": 0.0,
            "recall": 0.0,
            "f1-score": 0.0,
            "support": 0.0
        }
    },
    "pre_type": {
        "ss": {
            "accuracy": 0.4607104413347686,
            "precision": 0.4607104413347686,
            "recall": 0.4607104413347686,
            "f1-score": 0.4607104413347686,
            "confidence": {
                "accuracy": {
                    "lower": 0.43057050592034446,
                    "upper": 0.4897739504843918
                },
                "precision": {
                    "lower": 0.43057050592034446,
                    "upper": 0.4897739504843918
                },
                "recall": {
                    "lower": 0.43057050592034446,
                    "upper": 0.4897739504843918
                },
                "f1-score": {
                    "lower": 0.43057050592034446,
                    "upper": 0.4897739504843918
                }
            }
        },
        "ee": {
            "accuracy": 0.5554359526372443,
            "precision": 0.5554359526372443,
            "recall": 0.5554359526372443,
            "f1-score": 0.5554359526372443,
            "confidence": {
                "accuracy": {
                    "lower": 0.5231431646932185,
                    "upper": 0.5866792249730893
                },
                "precision": {
                    "lower": 0.5231431646932185,
                    "upper": 0.5866792249730893
                },
                "recall": {
                    "lower": 0.5231431646932185,
                    "upper": 0.5866792249730893
                },
                "f1-score": {
                    "lower": 0.5231431646932185,
                    "upper": 0.5866792249730893
                }
            }
        },
        "se": {
            "accuracy": 0.7771797631862217,
            "precision": 0.7771797631862217,
            "recall": 0.7771797631862217,
            "f1-score": 0.7771797631862216,
            "confidence": {
                "accuracy": {
                    "lower": 0.7502691065662002,
                    "upper": 0.806243272335845
                },
                "precision": {
                    "lower": 0.7502691065662002,
                    "upper": 0.806243272335845
                },
                "recall": {
                    "lower": 0.7502691065662002,
                    "upper": 0.806243272335845
                },
                "f1-score": {
                    "lower": 0.7502691065662002,
                    "upper": 0.806243272335845
                }
            }
        },
        "es": {
            "accuracy": 0.35522066738428415,
            "precision": 0.35522066738428415,
            "recall": 0.35522066738428415,
            "f1-score": 0.35522066738428415,
            "confidence": {
                "accuracy": {
                    "lower": 0.3218514531754575,
                    "upper": 0.38643702906350913
                },
                "precision": {
                    "lower": 0.3218514531754575,
                    "upper": 0.38643702906350913
                },
                "recall": {
                    "lower": 0.3218514531754575,
                    "upper": 0.38643702906350913
                },
                "f1-score": {
                    "lower": 0.3218514531754575,
                    "upper": 0.3864370290635092
                }
            }
        }
    }
}