{
    "accuracy": 0.5371367061356297,
    "precision": 0.17904556871187657,
    "recall": 0.3333333333333333,
    "f1-score": 0.2329598506069094,
    "confidence": {
        "accuracy": {
            "lower": 0.5207144779332615,
            "upper": 0.5522134015069967
        },
        "precision": {
            "lower": 0.1735714926444205,
            "upper": 0.1840711338356656
        },
        "recall": {
            "lower": 0.3333333333333333,
            "upper": 0.3333333333333333
        },
        "f1-score": {
            "lower": 0.22827624108088526,
            "upper": 0.2371724576179842
        }
    },
    "per_label": {
        "<": {
            "precision": 0.5371367061356297,
            "recall": 1.0,
            "f1-score": 0.6988795518207283,
            "support": 1996.0
        },
        "=": {
            "precision": 0.0,
            "recall": 0.0,
            "f1-score": 0.0,
            "support": 247.0
        },
        ">": {
            "precision": 0.0,
            "recall": 0.0,
            "f1-score": 0.0,
            "support": 1473.0
        }
    },
    "pre_type": {
        "ee": {
            "accuracy": 0.5554359526372443,
            "precision": 0.18514531754574812,
            "recall": 0.3333333333333333,
            "f1-score": 0.2380622837370242,
            "support": 929,
            "confidence": {
                "accuracy": {
                    "lower": 0.5241926803013994,
                    "upper": 0.5877287405812702
                },
                "precision": {
                    "lower": 0.1747308934337998,
                    "upper": 0.19590958019375673
                },
                "recall": {
                    "lower": 0.3333333333333333,
                    "upper": 0.3333333333333333
                },
                "f1-score": {
                    "lower": 0.22927664151244737,
                    "upper": 0.24677966101694915
                }
            }
        },
        "es": {
            "accuracy": 0.35522066738428415,
            "precision": 0.11840688912809472,
            "recall": 0.3333333333333333,
            "f1-score": 0.17474185861795075,
            "support": 929,
            "confidence": {
                "accuracy": {
                    "lower": 0.3240043057050592,
                    "upper": 0.38643702906350913
                },
                "precision": {
                    "lower": 0.10800143523501975,
                    "upper": 0.1288123430211697
                },
                "recall": {
                    "lower": 0.3333333333333333,
                    "upper": 0.3333333333333333
                },
                "f1-score": {
                    "lower": 0.16314363143631436,
                    "upper": 0.18581780538302275
                }
            }
        },
        "se": {
            "accuracy": 0.7771797631862217,
            "precision": 0.25905992106207393,
            "recall": 0.3333333333333333,
            "f1-score": 0.2915404805168585,
            "support": 929,
            "confidence": {
                "accuracy": {
                    "lower": 0.7513186221743811,
                    "upper": 0.8040904198062433
                },
                "precision": {
                    "lower": 0.25043954072479363,
                    "upper": 0.2680301399354144
                },
                "recall": {
                    "lower": 0.3333333333333333,
                    "upper": 0.3333333333333333
                },
                "f1-score": {
                    "lower": 0.2860011130842716,
                    "upper": 0.2971360381861575
                }
            }
        },
        "ss": {
            "accuracy": 0.4607104413347686,
            "precision": 0.15357014711158953,
            "recall": 0.3333333333333333,
            "f1-score": 0.21026774748219113,
            "support": 929,
            "confidence": {
                "accuracy": {
                    "lower": 0.43054359526372443,
                    "upper": 0.4940796555435953
                },
                "precision": {
                    "lower": 0.14351453175457482,
                    "upper": 0.16469321851453175
                },
                "recall": {
                    "lower": 0.3333333333333333,
                    "upper": 0.3333333333333333
                },
                "f1-score": {
                    "lower": 0.2006433465237927,
                    "upper": 0.22046109510086456
                }
            }
        }
    }
}