{
    "accuracy": 0.5371367061356297,
    "precision": 0.17904556871187657,
    "recall": 0.3333333333333333,
    "f1-score": 0.2329598506069094,
    "confidence": {
        "accuracy": {
            "lower": 0.5199071582346609,
            "upper": 0.5530207212055974
        },
        "precision": {
            "lower": 0.1733023860782203,
            "upper": 0.1843402404018658
        },
        "recall": {
            "lower": 0.3333333333333333,
            "upper": 0.3333333333333333
        },
        "f1-score": {
            "lower": 0.22804338394558152,
            "upper": 0.23739572517080748
        }
    },
    "per_label": {
        "<": {
            "precision": 0.5371367061356297,
            "recall": 1.0,
            "f1-score": 0.6988795518207283,
            "support": 1996.0
        },
        ">": {
            "precision": 0.0,
            "recall": 0.0,
            "f1-score": 0.0,
            "support": 1473.0
        },
        "=": {
            "precision": 0.0,
            "recall": 0.0,
            "f1-score": 0.0,
            "support": 247.0
        }
    },
    "pre_type": {
        "ee": {
            "accuracy": 0.5554359526372443,
            "precision": 0.18514531754574812,
            "recall": 0.3333333333333333,
            "f1-score": 0.2380622837370242,
            "support": 929,
            "confidence": {
                "accuracy": {
                    "lower": 0.5220667384284177,
                    "upper": 0.5866523143164694
                },
                "precision": {
                    "lower": 0.1740222461428059,
                    "upper": 0.19555077143882313
                },
                "recall": {
                    "lower": 0.3333333333333333,
                    "upper": 0.3333333333333333
                },
                "f1-score": {
                    "lower": 0.22866572371522867,
                    "upper": 0.2464947987336047
                }
            }
        },
        "es": {
            "accuracy": 0.35522066738428415,
            "precision": 0.11840688912809472,
            "recall": 0.3333333333333333,
            "f1-score": 0.17474185861795075,
            "support": 929,
            "confidence": {
                "accuracy": {
                    "lower": 0.3261302475780409,
                    "upper": 0.3832077502691066
                },
                "precision": {
                    "lower": 0.10871008252601363,
                    "upper": 0.12773591675636886
                },
                "recall": {
                    "lower": 0.3333333333333333,
                    "upper": 0.3333333333333333
                },
                "f1-score": {
                    "lower": 0.16395082966721877,
                    "upper": 0.1846952010376135
                }
            }
        },
        "se": {
            "accuracy": 0.7771797631862217,
            "precision": 0.25905992106207393,
            "recall": 0.3333333333333333,
            "f1-score": 0.2915404805168585,
            "support": 929,
            "confidence": {
                "accuracy": {
                    "lower": 0.7491926803013994,
                    "upper": 0.8019375672766416
                },
                "precision": {
                    "lower": 0.2497308934337998,
                    "upper": 0.2673125224255472
                },
                "recall": {
                    "lower": 0.3333333333333333,
                    "upper": 0.3333333333333333
                },
                "f1-score": {
                    "lower": 0.2855384615384616,
                    "upper": 0.29669454400637196
                }
            }
        },
        "ss": {
            "accuracy": 0.4607104413347686,
            "precision": 0.15357014711158953,
            "recall": 0.3333333333333333,
            "f1-score": 0.21026774748219113,
            "support": 929,
            "confidence": {
                "accuracy": {
                    "lower": 0.4294940796555436,
                    "upper": 0.49192680301399355
                },
                "precision": {
                    "lower": 0.14316469321851452,
                    "upper": 0.16397560100466452
                },
                "recall": {
                    "lower": 0.3333333333333333,
                    "upper": 0.3333333333333333
                },
                "f1-score": {
                    "lower": 0.20030120481927713,
                    "upper": 0.2198172198172198
                }
            }
        }
    }
}