{
    "accuracy": 0.5371367061356297,
    "precision": 0.17904556871187657,
    "recall": 0.3333333333333333,
    "f1-score": 0.2329598506069094,
    "confidence": {
        "accuracy": {
            "lower": 0.5199138858988159,
            "upper": 0.5522134015069967
        },
        "precision": {
            "lower": 0.17330462863293863,
            "upper": 0.1840711338356656
        },
        "recall": {
            "lower": 0.3333333333333333,
            "upper": 0.3333333333333333
        },
        "f1-score": {
            "lower": 0.22804532577903683,
            "upper": 0.2371724576179842
        }
    },
    "per_label": {
        "<": {
            "precision": 0.5371367061356297,
            "recall": 1.0,
            "f1-score": 0.6988795518207283,
            "support": 1996.0
        },
        ">": {
            "precision": 0.0,
            "recall": 0.0,
            "f1-score": 0.0,
            "support": 1473.0
        },
        "=": {
            "precision": 0.0,
            "recall": 0.0,
            "f1-score": 0.0,
            "support": 247.0
        }
    },
    "pre_type": {
        "ee": {
            "accuracy": 0.5554359526372443,
            "precision": 0.18514531754574812,
            "recall": 0.3333333333333333,
            "f1-score": 0.2380622837370242,
            "support": 929,
            "confidence": {
                "accuracy": {
                    "lower": 0.5231431646932185,
                    "upper": 0.5888320775026911
                },
                "precision": {
                    "lower": 0.1743810548977395,
                    "upper": 0.1962773591675637
                },
                "recall": {
                    "lower": 0.3333333333333333,
                    "upper": 0.3333333333333333
                },
                "f1-score": {
                    "lower": 0.22897526501766785,
                    "upper": 0.24707123958511082
                }
            }
        },
        "es": {
            "accuracy": 0.35522066738428415,
            "precision": 0.11840688912809472,
            "recall": 0.3333333333333333,
            "f1-score": 0.17474185861795075,
            "support": 929,
            "confidence": {
                "accuracy": {
                    "lower": 0.32508073196986004,
                    "upper": 0.3843110871905274
                },
                "precision": {
                    "lower": 0.10836024398995335,
                    "upper": 0.12810369573017583
                },
                "recall": {
                    "lower": 0.3333333333333333,
                    "upper": 0.3333333333333333
                },
                "f1-score": {
                    "lower": 0.16355266720823178,
                    "upper": 0.18507933947280758
                }
            }
        },
        "se": {
            "accuracy": 0.7771797631862217,
            "precision": 0.25905992106207393,
            "recall": 0.3333333333333333,
            "f1-score": 0.2915404805168585,
            "support": 929,
            "confidence": {
                "accuracy": {
                    "lower": 0.7502691065662002,
                    "upper": 0.8030139935414424
                },
                "precision": {
                    "lower": 0.2500897021887334,
                    "upper": 0.2676713311804808
                },
                "recall": {
                    "lower": 0.3333333333333333,
                    "upper": 0.3333333333333333
                },
                "f1-score": {
                    "lower": 0.2857728577285773,
                    "upper": 0.29691542288557216
                }
            }
        },
        "ss": {
            "accuracy": 0.4607104413347686,
            "precision": 0.15357014711158953,
            "recall": 0.3333333333333333,
            "f1-score": 0.21026774748219113,
            "support": 929,
            "confidence": {
                "accuracy": {
                    "lower": 0.4294940796555436,
                    "upper": 0.4930032292787944
                },
                "precision": {
                    "lower": 0.14316469321851452,
                    "upper": 0.16433440975959815
                },
                "recall": {
                    "lower": 0.3333333333333333,
                    "upper": 0.3333333333333333
                },
                "f1-score": {
                    "lower": 0.20030120481927713,
                    "upper": 0.22013938956981494
                }
            }
        }
    }
}