{
    "accuracy": 0.24757804090419805,
    "precision": 0.333091962346126,
    "recall": 0.24757804090419805,
    "f1-score": 0.28403828342080883,
    "confidence": {
        "accuracy": {
            "lower": 0.23385360602798708,
            "upper": 0.2605086114101184
        },
        "precision": {
            "lower": 0.3153659227343593,
            "upper": 0.34968049147405855
        },
        "recall": {
            "lower": 0.23385360602798708,
            "upper": 0.2605086114101184
        },
        "f1-score": {
            "lower": 0.26890901327663763,
            "upper": 0.29877595175808186
        }
    },
    "per_label": {
        "<": {
            "precision": 0.5200411099691675,
            "recall": 0.2535070140280561,
            "f1-score": 0.3408555069046817,
            "support": 1996.0
        },
        ">": {
            "precision": 0.4013605442176871,
            "recall": 0.24032586558044808,
            "f1-score": 0.3006369426751592,
            "support": 1473.0
        },
        "=": {
            "precision": 0.06615214994487321,
            "recall": 0.242914979757085,
            "f1-score": 0.10398613518197573,
            "support": 247.0
        },
        "-": {
            "precision": 0.0,
            "recall": 0.0,
            "f1-score": 0.0,
            "support": 0.0
        }
    },
    "pre_type": {
        "ee": {
            "accuracy": 0.2529601722282024,
            "precision": 0.3425655976676385,
            "recall": 0.2529601722282024,
            "f1-score": 0.29102167182662536,
            "confidence": {
                "accuracy": {
                    "lower": 0.2217438105489774,
                    "upper": 0.2798708288482239
                },
                "precision": {
                    "lower": 0.30555249632892806,
                    "upper": 0.3786988543371522
                },
                "recall": {
                    "lower": 0.2217438105489774,
                    "upper": 0.2798708288482239
                },
                "f1-score": {
                    "lower": 0.2578172933964593,
                    "upper": 0.3213871977634786
                }
            }
        },
        "es": {
            "accuracy": 0.2411194833153929,
            "precision": 0.3236994219653179,
            "recall": 0.2411194833153929,
            "f1-score": 0.27637260950030845,
            "confidence": {
                "accuracy": {
                    "lower": 0.21205597416576966,
                    "upper": 0.2680301399354144
                },
                "precision": {
                    "lower": 0.2875339245140116,
                    "upper": 0.35757909429936885
                },
                "recall": {
                    "lower": 0.21205597416576966,
                    "upper": 0.2680301399354144
                },
                "f1-score": {
                    "lower": 0.244112529137258,
                    "upper": 0.30588991751017613
                }
            }
        },
        "se": {
            "accuracy": 0.25618945102260493,
            "precision": 0.3520710059171598,
            "recall": 0.25618945102260493,
            "f1-score": 0.2965732087227414,
            "confidence": {
                "accuracy": {
                    "lower": 0.2303552206673843,
                    "upper": 0.28417653390742736
                },
                "precision": {
                    "lower": 0.31844902938652936,
                    "upper": 0.38806140530225586
                },
                "recall": {
                    "lower": 0.2303552206673843,
                    "upper": 0.28417653390742736
                },
                "f1-score": {
                    "lower": 0.26799192558854323,
                    "upper": 0.3267377310486467
                }
            }
        },
        "ss": {
            "accuracy": 0.24004305705059203,
            "precision": 0.3149717514124294,
            "recall": 0.24004305705059203,
            "f1-score": 0.27244960293219306,
            "confidence": {
                "accuracy": {
                    "lower": 0.2131324004305705,
                    "upper": 0.2658772874058127
                },
                "precision": {
                    "lower": 0.2817240075946697,
                    "upper": 0.3499341557391093
                },
                "recall": {
                    "lower": 0.2131324004305705,
                    "upper": 0.2658772874058127
                },
                "f1-score": {
                    "lower": 0.24308822000154306,
                    "upper": 0.30121951219512194
                }
            }
        }
    }
}