{
    "accuracy": 0.3385360602798708,
    "precision": 0.3407555616333737,
    "recall": 0.330077317640449,
    "f1-score": 0.2980181109737697,
    "confidence": {
        "accuracy": {
            "lower": 0.323728471474704,
            "upper": 0.35279870828848225
        },
        "precision": {
            "lower": 0.32705492039571393,
            "upper": 0.3540625509131881
        },
        "recall": {
            "lower": 0.30798274102850043,
            "upper": 0.3536510059339152
        },
        "f1-score": {
            "lower": 0.2840642421185831,
            "upper": 0.31148096552814025
        }
    },
    "per_label": {
        "<": {
            "precision": 0.5535143769968051,
            "recall": 0.3471943887775551,
            "f1-score": 0.4267241379310345,
            "support": 1996.0
        },
        ">": {
            "precision": 0.4080267558528428,
            "recall": 0.33129667345553293,
            "f1-score": 0.36568002997377297,
            "support": 1473.0
        },
        "=": {
            "precision": 0.06072555205047318,
            "recall": 0.3117408906882591,
            "f1-score": 0.10165016501650165,
            "support": 247.0
        }
    },
    "pre_type": {
        "ee": {
            "accuracy": 0.3293864370290635,
            "precision": 0.33238441970145666,
            "recall": 0.330056309184776,
            "f1-score": 0.30476013836993054,
            "support": 929,
            "confidence": {
                "accuracy": {
                    "lower": 0.30032292787944026,
                    "upper": 0.36062970936490846
                },
                "precision": {
                    "lower": 0.30540136854103006,
                    "upper": 0.3626588640180096
                },
                "recall": {
                    "lower": 0.29750600325179716,
                    "upper": 0.3657801653282216
                },
                "f1-score": {
                    "lower": 0.27790028386839405,
                    "upper": 0.33309373180155144
                }
            }
        },
        "es": {
            "accuracy": 0.34983853606027987,
            "precision": 0.3549118727462677,
            "recall": 0.3203789160641953,
            "f1-score": 0.2811017536118866,
            "support": 929,
            "confidence": {
                "accuracy": {
                    "lower": 0.317545748116254,
                    "upper": 0.379978471474704
                },
                "precision": {
                    "lower": 0.3288099542448023,
                    "upper": 0.3778691574955055
                },
                "recall": {
                    "lower": 0.22819249749927012,
                    "upper": 0.4364097833823536
                },
                "f1-score": {
                    "lower": 0.25652683931966486,
                    "upper": 0.30371934054251526
                }
            }
        },
        "se": {
            "accuracy": 0.3455328310010764,
            "precision": 0.34219648558201693,
            "recall": 0.3434529971926094,
            "f1-score": 0.2601759490425117,
            "support": 929,
            "confidence": {
                "accuracy": {
                    "lower": 0.3132400430570506,
                    "upper": 0.3756996770721205
                },
                "precision": {
                    "lower": 0.31993358505655856,
                    "upper": 0.3644432662543678
                },
                "recall": {
                    "lower": 0.23362212104335348,
                    "upper": 0.45253697782618263
                },
                "f1-score": {
                    "lower": 0.23582323165959046,
                    "upper": 0.28401592534248
                }
            }
        },
        "ss": {
            "accuracy": 0.3293864370290635,
            "precision": 0.33282894782195077,
            "recall": 0.3204729882891589,
            "f1-score": 0.30612888915852293,
            "support": 929,
            "confidence": {
                "accuracy": {
                    "lower": 0.2992465016146394,
                    "upper": 0.3595263724434876
                },
                "precision": {
                    "lower": 0.30558808128084425,
                    "upper": 0.35979769207154366
                },
                "recall": {
                    "lower": 0.28442461876395647,
                    "upper": 0.3536956780818149
                },
                "f1-score": {
                    "lower": 0.27683125393243463,
                    "upper": 0.3338801256299723
                }
            }
        }
    }
}