{
    "accuracy": 0.33153928955866524,
    "precision": 0.33251406644043807,
    "recall": 0.3383873279989878,
    "f1-score": 0.2945220559139288,
    "confidence": {
        "accuracy": {
            "lower": 0.3153928955866523,
            "upper": 0.3474367599569429
        },
        "precision": {
            "lower": 0.3178558307133532,
            "upper": 0.3471442452554998
        },
        "recall": {
            "lower": 0.314797186933144,
            "upper": 0.36019972617843954
        },
        "f1-score": {
            "lower": 0.27950206260420846,
            "upper": 0.30861037856816226
        }
    },
    "per_label": {
        "<": {
            "precision": 0.5390879478827362,
            "recall": 0.3316633266533066,
            "f1-score": 0.4106699751861042,
            "support": 1996.0
        },
        ">": {
            "precision": 0.38777152051488334,
            "recall": 0.3272233536999321,
            "f1-score": 0.3549337260677467,
            "support": 1473.0
        },
        "=": {
            "precision": 0.07068273092369477,
            "recall": 0.3562753036437247,
            "f1-score": 0.11796246648793565,
            "support": 247.0
        }
    },
    "pre_type": {
        "ee": {
            "accuracy": 0.3433799784714747,
            "precision": 0.34904025964685154,
            "recall": 0.3344217036167417,
            "f1-score": 0.31451478813386335,
            "support": 929,
            "confidence": {
                "accuracy": {
                    "lower": 0.3132131324004306,
                    "upper": 0.3745963401506997
                },
                "precision": {
                    "lower": 0.3201177452771487,
                    "upper": 0.37774550570687665
                },
                "recall": {
                    "lower": 0.2971369428794326,
                    "upper": 0.3745312489157984
                },
                "f1-score": {
                    "lower": 0.2847472195101905,
                    "upper": 0.34461564790821353
                }
            }
        },
        "es": {
            "accuracy": 0.3110871905274489,
            "precision": 0.31986786817431495,
            "recall": 0.33270137927498333,
            "f1-score": 0.2508392945182484,
            "support": 929,
            "confidence": {
                "accuracy": {
                    "lower": 0.2819967707212056,
                    "upper": 0.34125403659849296
                },
                "precision": {
                    "lower": 0.2934538140682083,
                    "upper": 0.3443696879051683
                },
                "recall": {
                    "lower": 0.20462108938026335,
                    "upper": 0.462634434565688
                },
                "f1-score": {
                    "lower": 0.2274686673700874,
                    "upper": 0.2740128061561881
                }
            }
        },
        "se": {
            "accuracy": 0.33153928955866524,
            "precision": 0.32845442796666374,
            "recall": 0.36913922232481794,
            "f1-score": 0.24601272122919152,
            "support": 929,
            "confidence": {
                "accuracy": {
                    "lower": 0.3046017222820237,
                    "upper": 0.36167922497308935
                },
                "precision": {
                    "lower": 0.30573496848627235,
                    "upper": 0.3505963487524746
                },
                "recall": {
                    "lower": 0.2570910495954137,
                    "upper": 0.4922789200319626
                },
                "f1-score": {
                    "lower": 0.22296368066558894,
                    "upper": 0.2689548074779499
                }
            }
        },
        "ss": {
            "accuracy": 0.3401506996770721,
            "precision": 0.34186443306964476,
            "recall": 0.3528493549457899,
            "f1-score": 0.32293860931734686,
            "support": 929,
            "confidence": {
                "accuracy": {
                    "lower": 0.3110871905274489,
                    "upper": 0.3713670613562971
                },
                "precision": {
                    "lower": 0.3135139681514448,
                    "upper": 0.371349067630345
                },
                "recall": {
                    "lower": 0.31761822175405996,
                    "upper": 0.3886627124072239
                },
                "f1-score": {
                    "lower": 0.29451651210478885,
                    "upper": 0.3537092164159553
                }
            }
        }
    }
}