{
    "accuracy": 0.3296555435952637,
    "precision": 0.3305985850301043,
    "recall": 0.3444320750548062,
    "f1-score": 0.29467883470721845,
    "confidence": {
        "accuracy": {
            "lower": 0.3145855758880517,
            "upper": 0.3447322389666308
        },
        "precision": {
            "lower": 0.31691963976714976,
            "upper": 0.3445271096457744
        },
        "recall": {
            "lower": 0.32097558267417275,
            "upper": 0.36892849994016125
        },
        "f1-score": {
            "lower": 0.280697257308092,
            "upper": 0.3090794261669092
        }
    },
    "per_label": {
        "<": {
            "precision": 0.52303961196443,
            "recall": 0.3241482965931864,
            "f1-score": 0.4002474481905351,
            "support": 1996.0
        },
        "=": {
            "precision": 0.07526020816653323,
            "recall": 0.3805668016194332,
            "f1-score": 0.12566844919786097,
            "support": 247.0
        },
        ">": {
            "precision": 0.3934959349593496,
            "recall": 0.32858112695179903,
            "f1-score": 0.35812060673325935,
            "support": 1473.0
        }
    },
    "pre_type": {
        "ee": {
            "accuracy": 0.32508073196986004,
            "precision": 0.32695032969804916,
            "recall": 0.33840417598806866,
            "f1-score": 0.3031011996616606,
            "support": 929,
            "confidence": {
                "accuracy": {
                    "lower": 0.2960172228202368,
                    "upper": 0.35306781485468247
                },
                "precision": {
                    "lower": 0.30004019237433477,
                    "upper": 0.35470563107816155
                },
                "recall": {
                    "lower": 0.30376514771848245,
                    "upper": 0.37591465323202855
                },
                "f1-score": {
                    "lower": 0.2741698506236386,
                    "upper": 0.33291922418318837
                }
            }
        },
        "es": {
            "accuracy": 0.33476856835306784,
            "precision": 0.3357314165652216,
            "recall": 0.391119314977183,
            "f1-score": 0.2697727993598771,
            "support": 929,
            "confidence": {
                "accuracy": {
                    "lower": 0.302475780409042,
                    "upper": 0.36490850376749195
                },
                "precision": {
                    "lower": 0.3099465525904637,
                    "upper": 0.36136209026912797
                },
                "recall": {
                    "lower": 0.267564648261183,
                    "upper": 0.5168716406216035
                },
                "f1-score": {
                    "lower": 0.2448847254009748,
                    "upper": 0.2943445567416661
                }
            }
        },
        "se": {
            "accuracy": 0.32723358449946177,
            "precision": 0.3351297965994908,
            "recall": 0.3453789977335684,
            "f1-score": 0.25134639242200985,
            "support": 929,
            "confidence": {
                "accuracy": {
                    "lower": 0.2992465016146394,
                    "upper": 0.35522066738428415
                },
                "precision": {
                    "lower": 0.31105697480668787,
                    "upper": 0.3562506772145452
                },
                "recall": {
                    "lower": 0.22847606391761263,
                    "upper": 0.4590997069245217
                },
                "f1-score": {
                    "lower": 0.22808760274826811,
                    "upper": 0.274167955573719
                }
            }
        },
        "ss": {
            "accuracy": 0.33153928955866524,
            "precision": 0.33130417590193445,
            "recall": 0.3378009206137331,
            "f1-score": 0.3127560861413762,
            "support": 929,
            "confidence": {
                "accuracy": {
                    "lower": 0.3013993541442411,
                    "upper": 0.3617061356297093
                },
                "precision": {
                    "lower": 0.3017610929107588,
                    "upper": 0.36170390885719383
                },
                "recall": {
                    "lower": 0.30340825016293266,
                    "upper": 0.37392971584071855
                },
                "f1-score": {
                    "lower": 0.2831364845446859,
                    "upper": 0.3423635795255838
                }
            }
        }
    }
}