{
    "accuracy": 0.3522604951560818,
    "precision": 0.3499579407016698,
    "recall": 0.36177727362745055,
    "f1-score": 0.31321993523104324,
    "confidence": {
        "accuracy": {
            "lower": 0.33583826695371366,
            "upper": 0.3681377825618945
        },
        "precision": {
            "lower": 0.3359511342235086,
            "upper": 0.3641044262584078
        },
        "recall": {
            "lower": 0.3389029826863021,
            "upper": 0.3849783000680279
        },
        "f1-score": {
            "lower": 0.2976384093862336,
            "upper": 0.32812560259418233
        }
    },
    "per_label": {
        "<": {
            "precision": 0.552988047808765,
            "recall": 0.34769539078156314,
            "f1-score": 0.42694555521378036,
            "support": 1996.0
        },
        ">": {
            "precision": 0.41901692183722805,
            "recall": 0.3530210454854039,
            "f1-score": 0.3831982313927782,
            "support": 1473.0
        },
        "=": {
            "precision": 0.0778688524590164,
            "recall": 0.38461538461538464,
            "f1-score": 0.12951601908657123,
            "support": 247.0
        }
    },
    "pre_type": {
        "ee": {
            "accuracy": 0.356297093649085,
            "precision": 0.35469889262288223,
            "recall": 0.36789690322103924,
            "f1-score": 0.33262915277960203,
            "support": 929,
            "confidence": {
                "accuracy": {
                    "lower": 0.32723358449946177,
                    "upper": 0.38858988159311086
                },
                "precision": {
                    "lower": 0.32789453656380124,
                    "upper": 0.38348021676611865
                },
                "recall": {
                    "lower": 0.33426212509821374,
                    "upper": 0.40705145598974135
                },
                "f1-score": {
                    "lower": 0.30416849349363584,
                    "upper": 0.3637734573881241
                }
            }
        },
        "es": {
            "accuracy": 0.3756727664155005,
            "precision": 0.3644670364672406,
            "recall": 0.3330231246474901,
            "f1-score": 0.29492306851829675,
            "support": 929,
            "confidence": {
                "accuracy": {
                    "lower": 0.3455328310010764,
                    "upper": 0.40799246501614633
                },
                "precision": {
                    "lower": 0.34063087336420605,
                    "upper": 0.3903345461934986
                },
                "recall": {
                    "lower": 0.23963344097318062,
                    "upper": 0.4480802218656206
                },
                "f1-score": {
                    "lower": 0.2730931264798059,
                    "upper": 0.3202472589487682
                }
            }
        },
        "se": {
            "accuracy": 0.3444564047362756,
            "precision": 0.32775228596887324,
            "recall": 0.3295512838449126,
            "f1-score": 0.24856954813391777,
            "support": 929,
            "confidence": {
                "accuracy": {
                    "lower": 0.3143164693218515,
                    "upper": 0.3767491926803014
                },
                "precision": {
                    "lower": 0.3071208321838552,
                    "upper": 0.35053500435114704
                },
                "recall": {
                    "lower": 0.2204403320997102,
                    "upper": 0.4604542877239562
                },
                "f1-score": {
                    "lower": 0.22686405427693468,
                    "upper": 0.2725008135045044
                }
            }
        },
        "ss": {
            "accuracy": 0.3326157158234661,
            "precision": 0.3373908752567462,
            "recall": 0.34307343084063024,
            "f1-score": 0.3153933478320903,
            "support": 929,
            "confidence": {
                "accuracy": {
                    "lower": 0.3013724434876211,
                    "upper": 0.36167922497308935
                },
                "precision": {
                    "lower": 0.30645197971644395,
                    "upper": 0.36554394242880817
                },
                "recall": {
                    "lower": 0.3024868095767347,
                    "upper": 0.37920192054354634
                },
                "f1-score": {
                    "lower": 0.284098200701313,
                    "upper": 0.3438067483337759
                }
            }
        }
    }
}