{
    "accuracy": 0.7871367061356297,
    "precision": 0.7036290047171136,
    "recall": 0.647122118522706,
    "f1-score": 0.6657253543995202,
    "confidence": {
        "accuracy": {
            "lower": 0.7739504843918191,
            "upper": 0.8014060818083961
        },
        "precision": {
            "lower": 0.6766915512224911,
            "upper": 0.734888085213101
        },
        "recall": {
            "lower": 0.6264656004855066,
            "upper": 0.6694946332503146
        },
        "f1-score": {
            "lower": 0.6425256616085925,
            "upper": 0.6905442053256338
        }
    },
    "per_label": {
        "<": {
            "precision": 0.8257016248153619,
            "recall": 0.8389194597298649,
            "f1-score": 0.832258064516129,
            "support": 1999.0
        },
        ">": {
            "precision": 0.7603626943005182,
            "recall": 0.7953929539295393,
            "f1-score": 0.7774834437086092,
            "support": 1476.0
        },
        "=": {
            "precision": 0.524822695035461,
            "recall": 0.3070539419087137,
            "f1-score": 0.387434554973822,
            "support": 241.0
        }
    },
    "pre_type": {
        "ee": {
            "accuracy": 0.7330462863293864,
            "precision": 0.6623924988055423,
            "recall": 0.6192940432070867,
            "f1-score": 0.633012949783136,
            "support": 929,
            "confidence": {
                "accuracy": {
                    "lower": 0.7039827771797632,
                    "upper": 0.7610333692142088
                },
                "precision": {
                    "lower": 0.6155486144166339,
                    "upper": 0.706737866989562
                },
                "recall": {
                    "lower": 0.5838843660783092,
                    "upper": 0.6557799339422867
                },
                "f1-score": {
                    "lower": 0.5936668252335708,
                    "upper": 0.6707798291873359
                }
            }
        },
        "es": {
            "accuracy": 0.8288482238966631,
            "precision": 0.5480830343965787,
            "recall": 0.5386761011126494,
            "f1-score": 0.5419590177788783,
            "support": 929,
            "confidence": {
                "accuracy": {
                    "lower": 0.8051668460710442,
                    "upper": 0.8536329386437028
                },
                "precision": {
                    "lower": 0.529240207864192,
                    "upper": 0.5659184298516515
                },
                "recall": {
                    "lower": 0.5198230958594592,
                    "upper": 0.558590751115138
                },
                "f1-score": {
                    "lower": 0.5241770426214186,
                    "upper": 0.5608470082938798
                }
            }
        },
        "se": {
            "accuracy": 0.8536060279870828,
            "precision": 0.5298723942662285,
            "recall": 0.5127311900165086,
            "f1-score": 0.5199553211748333,
            "support": 929,
            "confidence": {
                "accuracy": {
                    "lower": 0.8309741657696448,
                    "upper": 0.8783638320775027
                },
                "precision": {
                    "lower": 0.5057689296733381,
                    "upper": 0.5546264649757544
                },
                "recall": {
                    "lower": 0.48861267030074773,
                    "upper": 0.5383898113338903
                },
                "f1-score": {
                    "lower": 0.4967391335520844,
                    "upper": 0.5439775555700448
                }
            }
        },
        "ss": {
            "accuracy": 0.7330462863293864,
            "precision": 0.6783892624847742,
            "recall": 0.6383237323958973,
            "f1-score": 0.6501634809906267,
            "support": 929,
            "confidence": {
                "accuracy": {
                    "lower": 0.7050322927879441,
                    "upper": 0.7599838536060279
                },
                "precision": {
                    "lower": 0.6324603774104245,
                    "upper": 0.7196761302970325
                },
                "recall": {
                    "lower": 0.6035052637767362,
                    "upper": 0.6722697161093321
                },
                "f1-score": {
                    "lower": 0.6106651207643445,
                    "upper": 0.6873189876895035
                }
            }
        }
    }
}