{
    "accuracy": 0.8022066738428417,
    "precision": 0.7423423308971332,
    "recall": 0.6375067405742219,
    "f1-score": 0.6613574303243978,
    "confidence": {
        "accuracy": {
            "lower": 0.7890204520990313,
            "upper": 0.8151237890204521
        },
        "precision": {
            "lower": 0.7079121339951908,
            "upper": 0.7740107506702005
        },
        "recall": {
            "lower": 0.617951519109815,
            "upper": 0.6572876904888996
        },
        "f1-score": {
            "lower": 0.6370370189004584,
            "upper": 0.6848872487523306
        }
    },
    "per_label": {
        "<": {
            "precision": 0.8272425249169435,
            "recall": 0.8732464929859719,
            "f1-score": 0.8496222276383134,
            "support": 1996.0
        },
        ">": {
            "precision": 0.7787318361955086,
            "recall": 0.8004073319755601,
            "f1-score": 0.7894208235687982,
            "support": 1473.0
        },
        "=": {
            "precision": 0.6210526315789474,
            "recall": 0.2388663967611336,
            "f1-score": 0.34502923976608185,
            "support": 247.0
        }
    },
    "pre_type": {
        "ee": {
            "accuracy": 0.7534983853606028,
            "precision": 0.7342707258341933,
            "recall": 0.6285752524601338,
            "f1-score": 0.6412706229992613,
            "support": 929,
            "confidence": {
                "accuracy": {
                    "lower": 0.7265877287405813,
                    "upper": 0.7814854682454252
                },
                "precision": {
                    "lower": 0.681773667287884,
                    "upper": 0.7856251876096145
                },
                "recall": {
                    "lower": 0.5957217961922767,
                    "upper": 0.659710672894205
                },
                "f1-score": {
                    "lower": 0.6002636151891251,
                    "upper": 0.6786284361809041
                }
            }
        },
        "es": {
            "accuracy": 0.8396124865446717,
            "precision": 0.5517125928330832,
            "recall": 0.555022304260883,
            "f1-score": 0.5533444850166256,
            "support": 929,
            "confidence": {
                "accuracy": {
                    "lower": 0.8159041980624328,
                    "upper": 0.8643702906350915
                },
                "precision": {
                    "lower": 0.5347512919637263,
                    "upper": 0.5698185609715942
                },
                "recall": {
                    "lower": 0.5372680583250605,
                    "upper": 0.572797840349918
                },
                "f1-score": {
                    "lower": 0.5358658343854827,
                    "upper": 0.5702551357980034
                }
            }
        },
        "se": {
            "accuracy": 0.8589881593110872,
            "precision": 0.5377304851479887,
            "recall": 0.5138177714355,
            "f1-score": 0.5235689047249273,
            "support": 929,
            "confidence": {
                "accuracy": {
                    "lower": 0.8353067814854682,
                    "upper": 0.8794402583423035
                },
                "precision": {
                    "lower": 0.5128991072740202,
                    "upper": 0.5613059951636404
                },
                "recall": {
                    "lower": 0.49040509934220955,
                    "upper": 0.5355022572350923
                },
                "f1-score": {
                    "lower": 0.5003149519682963,
                    "upper": 0.5441849933985301
                }
            }
        },
        "ss": {
            "accuracy": 0.7567276641550054,
            "precision": 0.6953495279665997,
            "recall": 0.6367765465966838,
            "f1-score": 0.648349432713564,
            "support": 929,
            "confidence": {
                "accuracy": {
                    "lower": 0.728740581270183,
                    "upper": 0.7825618945102261
                },
                "precision": {
                    "lower": 0.6467512681297295,
                    "upper": 0.7407150737495857
                },
                "recall": {
                    "lower": 0.6063649240541296,
                    "upper": 0.6670724926486145
                },
                "f1-score": {
                    "lower": 0.611177191124841,
                    "upper": 0.6836818633024844
                }
            }
        }
    }
}