{
    "accuracy": 0.7949407965554359,
    "precision": 0.6941050824324377,
    "recall": 0.7018180973961008,
    "f1-score": 0.6977882151518592,
    "confidence": {
        "accuracy": {
            "lower": 0.7814787405812702,
            "upper": 0.8086652314316469
        },
        "precision": {
            "lower": 0.6720592040315313,
            "upper": 0.718682025298061
        },
        "recall": {
            "lower": 0.6777819633760144,
            "upper": 0.7243843938795502
        },
        "f1-score": {
            "lower": 0.6752295085744953,
            "upper": 0.7196813585991145
        }
    },
    "per_label": {
        "<": {
            "precision": 0.854007146503318,
            "recall": 0.8381763527054108,
            "f1-score": 0.8460176991150442,
            "support": 1996.0
        },
        ">": {
            "precision": 0.7779264214046823,
            "recall": 0.7895451459606245,
            "f1-score": 0.7836927223719676,
            "support": 1473.0
        },
        "=": {
            "precision": 0.45038167938931295,
            "recall": 0.4777327935222672,
            "f1-score": 0.4636542239685658,
            "support": 247.0
        }
    },
    "pre_type": {
        "ee": {
            "accuracy": 0.7351991388589881,
            "precision": 0.6576853506169263,
            "recall": 0.6654009164191641,
            "f1-score": 0.6608346054030082,
            "support": 929,
            "confidence": {
                "accuracy": {
                    "lower": 0.7082346609257266,
                    "upper": 0.7621097954790097
                },
                "precision": {
                    "lower": 0.6204964919507499,
                    "upper": 0.6947063111067541
                },
                "recall": {
                    "lower": 0.6295623493879018,
                    "upper": 0.700010904543862
                },
                "f1-score": {
                    "lower": 0.6253421458395212,
                    "upper": 0.6946696360266454
                }
            }
        },
        "es": {
            "accuracy": 0.83745963401507,
            "precision": 0.5576306910884218,
            "recall": 0.5418499717992104,
            "f1-score": 0.5470829948093728,
            "support": 929,
            "confidence": {
                "accuracy": {
                    "lower": 0.813778256189451,
                    "upper": 0.8611679224973089
                },
                "precision": {
                    "lower": 0.5399727098079948,
                    "upper": 0.5747348971340319
                },
                "recall": {
                    "lower": 0.5238889517254994,
                    "upper": 0.5593345452176709
                },
                "f1-score": {
                    "lower": 0.5293363553222793,
                    "upper": 0.5639711543333675
                }
            }
        },
        "se": {
            "accuracy": 0.8643702906350915,
            "precision": 0.5402567415955444,
            "recall": 0.5271225645186864,
            "f1-score": 0.5328472787577265,
            "support": 929,
            "confidence": {
                "accuracy": {
                    "lower": 0.8417653390742734,
                    "upper": 0.8858988159311088
                },
                "precision": {
                    "lower": 0.5171722246873734,
                    "upper": 0.563508784210847
                },
                "recall": {
                    "lower": 0.5045270306759571,
                    "upper": 0.55002645634261
                },
                "f1-score": {
                    "lower": 0.5124539128396525,
                    "upper": 0.5542132289731465
                }
            }
        },
        "ss": {
            "accuracy": 0.7427341227125942,
            "precision": 0.6795718005395424,
            "recall": 0.6960111767756624,
            "f1-score": 0.6846527504282763,
            "support": 929,
            "confidence": {
                "accuracy": {
                    "lower": 0.7147470398277718,
                    "upper": 0.7696716899892357
                },
                "precision": {
                    "lower": 0.6464330633091246,
                    "upper": 0.7116022722552636
                },
                "recall": {
                    "lower": 0.6592631616474212,
                    "upper": 0.7296329993285189
                },
                "f1-score": {
                    "lower": 0.6490725897000897,
                    "upper": 0.7175015566329188
                }
            }
        }
    }
}