{
    "accuracy": 0.7822927879440258,
    "precision": 0.6982838187573862,
    "recall": 0.6924900646327852,
    "f1-score": 0.6951369770580297,
    "confidence": {
        "accuracy": {
            "lower": 0.7696447793326158,
            "upper": 0.7960172228202368
        },
        "precision": {
            "lower": 0.6753148636948691,
            "upper": 0.7219970942087042
        },
        "recall": {
            "lower": 0.6712238732800568,
            "upper": 0.7145279874738053
        },
        "f1-score": {
            "lower": 0.6742983887424526,
            "upper": 0.7163115218364313
        }
    },
    "per_label": {
        "<": {
            "precision": 0.8343558282208589,
            "recall": 0.8176352705410822,
            "f1-score": 0.8259109311740891,
            "support": 1996.0
        },
        ">": {
            "precision": 0.7583497053045186,
            "recall": 0.7861507128309573,
            "f1-score": 0.772,
            "support": 1473.0
        },
        "=": {
            "precision": 0.5021459227467812,
            "recall": 0.47368421052631576,
            "f1-score": 0.4875,
            "support": 247.0
        }
    },
    "pre_type": {
        "ee": {
            "accuracy": 0.721205597416577,
            "precision": 0.6560399757509755,
            "recall": 0.6684074031347054,
            "f1-score": 0.6616591271984827,
            "support": 929,
            "confidence": {
                "accuracy": {
                    "lower": 0.6910656620021528,
                    "upper": 0.751345532831001
                },
                "precision": {
                    "lower": 0.6214005173360532,
                    "upper": 0.6911035235614826
                },
                "recall": {
                    "lower": 0.6315583795812881,
                    "upper": 0.7071151121427631
                },
                "f1-score": {
                    "lower": 0.6264070429789234,
                    "upper": 0.6969699673641129
                }
            }
        },
        "es": {
            "accuracy": 0.8170075349838536,
            "precision": 0.5415381257814177,
            "recall": 0.5266728195662206,
            "f1-score": 0.5314415685941585,
            "support": 929,
            "confidence": {
                "accuracy": {
                    "lower": 0.7911733046286329,
                    "upper": 0.8417653390742734
                },
                "precision": {
                    "lower": 0.5228233352807381,
                    "upper": 0.5610562266515808
                },
                "recall": {
                    "lower": 0.5089760957150378,
                    "upper": 0.5457046690424431
                },
                "f1-score": {
                    "lower": 0.5133188542590633,
                    "upper": 0.5499298070213117
                }
            }
        },
        "se": {
            "accuracy": 0.8557588805166846,
            "precision": 0.5360796673377116,
            "recall": 0.5063236240521559,
            "f1-score": 0.5179667024907141,
            "support": 929,
            "confidence": {
                "accuracy": {
                    "lower": 0.8342303552206674,
                    "upper": 0.876210979547901
                },
                "precision": {
                    "lower": 0.5108373204009548,
                    "upper": 0.5595157088194999
                },
                "recall": {
                    "lower": 0.4824560213604953,
                    "upper": 0.5270772104176008
                },
                "f1-score": {
                    "lower": 0.4957404603464647,
                    "upper": 0.5388566681879061
                }
            }
        },
        "ss": {
            "accuracy": 0.7351991388589881,
            "precision": 0.6816430511189585,
            "recall": 0.6741935857406632,
            "f1-score": 0.6772994659370037,
            "support": 929,
            "confidence": {
                "accuracy": {
                    "lower": 0.7082884822389667,
                    "upper": 0.7642626480086114
                },
                "precision": {
                    "lower": 0.6453499391733621,
                    "upper": 0.7208147328493212
                },
                "recall": {
                    "lower": 0.6385889438511508,
                    "upper": 0.7087978044961439
                },
                "f1-score": {
                    "lower": 0.6418448551219179,
                    "upper": 0.7122242911150557
                }
            }
        }
    }
}