{
    "accuracy": 0.8022066738428417,
    "precision": 0.7423423308971332,
    "recall": 0.6375067405742219,
    "f1-score": 0.6613574303243978,
    "confidence": {
        "accuracy": {
            "lower": 0.7892828310010764,
            "upper": 0.8151237890204521
        },
        "precision": {
            "lower": 0.7114393994135715,
            "upper": 0.7769536241298584
        },
        "recall": {
            "lower": 0.6179096689686514,
            "upper": 0.6578016222516985
        },
        "f1-score": {
            "lower": 0.6368858376214207,
            "upper": 0.6868653304777126
        }
    },
    "per_label": {
        "<": {
            "precision": 0.8272425249169435,
            "recall": 0.8732464929859719,
            "f1-score": 0.8496222276383134,
            "support": 1996.0
        },
        ">": {
            "precision": 0.7787318361955086,
            "recall": 0.8004073319755601,
            "f1-score": 0.7894208235687982,
            "support": 1473.0
        },
        "=": {
            "precision": 0.6210526315789474,
            "recall": 0.2388663967611336,
            "f1-score": 0.34502923976608185,
            "support": 247.0
        }
    },
    "pre_type": {
        "ee": {
            "accuracy": 0.7534983853606028,
            "precision": 0.7342707258341933,
            "recall": 0.6285752524601338,
            "f1-score": 0.6412706229992613,
            "support": 929,
            "confidence": {
                "accuracy": {
                    "lower": 0.7255113024757804,
                    "upper": 0.7815123789020452
                },
                "precision": {
                    "lower": 0.6838655342199998,
                    "upper": 0.7827656084645458
                },
                "recall": {
                    "lower": 0.5975309130939043,
                    "upper": 0.6597778791598217
                },
                "f1-score": {
                    "lower": 0.6037257533944715,
                    "upper": 0.6786778965481336
                }
            }
        },
        "es": {
            "accuracy": 0.8396124865446717,
            "precision": 0.5517125928330832,
            "recall": 0.555022304260883,
            "f1-score": 0.5533444850166256,
            "support": 929,
            "confidence": {
                "accuracy": {
                    "lower": 0.8170075349838536,
                    "upper": 0.8622174381054898
                },
                "precision": {
                    "lower": 0.5351194990387591,
                    "upper": 0.5690123939443692
                },
                "recall": {
                    "lower": 0.5375305678352096,
                    "upper": 0.5721017406094663
                },
                "f1-score": {
                    "lower": 0.5370454962911204,
                    "upper": 0.5699461963504242
                }
            }
        },
        "se": {
            "accuracy": 0.8589881593110872,
            "precision": 0.5377304851479887,
            "recall": 0.5138177714355,
            "f1-score": 0.5235689047249273,
            "support": 929,
            "confidence": {
                "accuracy": {
                    "lower": 0.8363832077502691,
                    "upper": 0.8815931108719053
                },
                "precision": {
                    "lower": 0.5130165496415735,
                    "upper": 0.564185717811251
                },
                "recall": {
                    "lower": 0.4897919458996378,
                    "upper": 0.5380492405015698
                },
                "f1-score": {
                    "lower": 0.5006505710212479,
                    "upper": 0.545948346828081
                }
            }
        },
        "ss": {
            "accuracy": 0.7567276641550054,
            "precision": 0.6953495279665997,
            "recall": 0.6367765465966838,
            "f1-score": 0.648349432713564,
            "support": 929,
            "confidence": {
                "accuracy": {
                    "lower": 0.7297900968783639,
                    "upper": 0.782588805166846
                },
                "precision": {
                    "lower": 0.6481670163382524,
                    "upper": 0.7414922771252093
                },
                "recall": {
                    "lower": 0.6032874089327894,
                    "upper": 0.6682287262442769
                },
                "f1-score": {
                    "lower": 0.6088818707117647,
                    "upper": 0.6836048574832241
                }
            }
        }
    }
}