{
    "accuracy": 0.7949407965554359,
    "precision": 0.6941050824324377,
    "recall": 0.7018180973961008,
    "f1-score": 0.6977882151518592,
    "confidence": {
        "accuracy": {
            "lower": 0.7825618945102261,
            "upper": 0.8070573196986006
        },
        "precision": {
            "lower": 0.6720642729178231,
            "upper": 0.7152989132461279
        },
        "recall": {
            "lower": 0.6791403638899114,
            "upper": 0.722227622434195
        },
        "f1-score": {
            "lower": 0.67716646819301,
            "upper": 0.7169750663969422
        }
    },
    "per_label": {
        "<": {
            "precision": 0.854007146503318,
            "recall": 0.8381763527054108,
            "f1-score": 0.8460176991150442,
            "support": 1996.0
        },
        ">": {
            "precision": 0.7779264214046823,
            "recall": 0.7895451459606245,
            "f1-score": 0.7836927223719676,
            "support": 1473.0
        },
        "=": {
            "precision": 0.45038167938931295,
            "recall": 0.4777327935222672,
            "f1-score": 0.4636542239685658,
            "support": 247.0
        }
    },
    "pre_type": {
        "ee": {
            "accuracy": 0.7351991388589881,
            "precision": 0.6576853506169263,
            "recall": 0.6654009164191641,
            "f1-score": 0.6608346054030082,
            "support": 929,
            "confidence": {
                "accuracy": {
                    "lower": 0.7072120559741658,
                    "upper": 0.7653659849300323
                },
                "precision": {
                    "lower": 0.6225971800021944,
                    "upper": 0.6943763801300908
                },
                "recall": {
                    "lower": 0.6281054056003019,
                    "upper": 0.7044056784008923
                },
                "f1-score": {
                    "lower": 0.6244949344689579,
                    "upper": 0.6967032155760473
                }
            }
        },
        "es": {
            "accuracy": 0.83745963401507,
            "precision": 0.5576306910884218,
            "recall": 0.5418499717992104,
            "f1-score": 0.5470829948093728,
            "support": 929,
            "confidence": {
                "accuracy": {
                    "lower": 0.8126749192680301,
                    "upper": 0.8611410118406889
                },
                "precision": {
                    "lower": 0.537526154825546,
                    "upper": 0.5746632586601015
                },
                "recall": {
                    "lower": 0.5224415099665545,
                    "upper": 0.5597697431631511
                },
                "f1-score": {
                    "lower": 0.5281330081775375,
                    "upper": 0.564805702182312
                }
            }
        },
        "se": {
            "accuracy": 0.8643702906350915,
            "precision": 0.5402567415955444,
            "recall": 0.5271225645186864,
            "f1-score": 0.5328472787577265,
            "support": 929,
            "confidence": {
                "accuracy": {
                    "lower": 0.8439181916038752,
                    "upper": 0.8859257265877287
                },
                "precision": {
                    "lower": 0.5179535554889937,
                    "upper": 0.563069475863197
                },
                "recall": {
                    "lower": 0.5033935277446955,
                    "upper": 0.551344582552028
                },
                "f1-score": {
                    "lower": 0.5104710203966056,
                    "upper": 0.5544548679996937
                }
            }
        },
        "ss": {
            "accuracy": 0.7427341227125942,
            "precision": 0.6795718005395424,
            "recall": 0.6960111767756624,
            "f1-score": 0.6846527504282763,
            "support": 929,
            "confidence": {
                "accuracy": {
                    "lower": 0.7168998923573735,
                    "upper": 0.7717976318622174
                },
                "precision": {
                    "lower": 0.647981076060135,
                    "upper": 0.7123550769030378
                },
                "recall": {
                    "lower": 0.662098321458944,
                    "upper": 0.7321836195526586
                },
                "f1-score": {
                    "lower": 0.6519890461381204,
                    "upper": 0.7174185547462226
                }
            }
        }
    }
}