{
    "accuracy": 0.18030139935414424,
    "precision": 0.2928321678321678,
    "recall": 0.18030139935414424,
    "f1-score": 0.22318454363757495,
    "confidence": {
        "accuracy": {
            "lower": 0.16792249730893433,
            "upper": 0.19241792249730894
        },
        "precision": {
            "lower": 0.2731994720965309,
            "upper": 0.3109702456670377
        },
        "recall": {
            "lower": 0.16792249730893433,
            "upper": 0.19241792249730894
        },
        "f1-score": {
            "lower": 0.2078702754454205,
            "upper": 0.23714862059712122
        }
    },
    "per_label": {
        "<": {
            "precision": 0.4970896391152503,
            "recall": 0.21392785571142284,
            "f1-score": 0.2991243432574431,
            "support": 1996.0
        },
        ">": {
            "precision": 0.3380035026269702,
            "recall": 0.13102511880515955,
            "f1-score": 0.1888454011741683,
            "support": 1473.0
        },
        "=": {
            "precision": 0.05827505827505827,
            "recall": 0.20242914979757085,
            "f1-score": 0.09049773755656108,
            "support": 247.0
        },
        "-": {
            "precision": 0.0,
            "recall": 0.0,
            "f1-score": 0.0,
            "support": 0.0
        }
    },
    "pre_type": {
        "ee": {
            "accuracy": 0.17653390742734124,
            "precision": 0.23871906841339155,
            "recall": 0.17653390742734124,
            "f1-score": 0.20297029702970298,
            "confidence": {
                "accuracy": {
                    "lower": 0.15285252960172227,
                    "upper": 0.20021528525296017
                },
                "precision": {
                    "lower": 0.2082013730406739,
                    "upper": 0.26961644755721725
                },
                "recall": {
                    "lower": 0.15285252960172227,
                    "upper": 0.20021528525296017
                },
                "f1-score": {
                    "lower": 0.1774158310176795,
                    "upper": 0.22868000218939147
                }
            }
        },
        "es": {
            "accuracy": 0.17007534983853606,
            "precision": 0.2237960339943343,
            "recall": 0.17007534983853606,
            "f1-score": 0.19327217125382262,
            "confidence": {
                "accuracy": {
                    "lower": 0.1463670613562971,
                    "upper": 0.193756727664155
                },
                "precision": {
                    "lower": 0.19317936206444852,
                    "upper": 0.25406582452326026
                },
                "recall": {
                    "lower": 0.1463670613562971,
                    "upper": 0.193756727664155
                },
                "f1-score": {
                    "lower": 0.16614779537470176,
                    "upper": 0.21941520377507126
                }
            }
        },
        "se": {
            "accuracy": 0.10333692142088267,
            "precision": 0.31475409836065577,
            "recall": 0.10333692142088267,
            "f1-score": 0.15559157212317667,
            "confidence": {
                "accuracy": {
                    "lower": 0.08396124865446716,
                    "upper": 0.12271259418729817
                },
                "precision": {
                    "lower": 0.26261233019853714,
                    "upper": 0.3630573248407643
                },
                "recall": {
                    "lower": 0.08396124865446716,
                    "upper": 0.12271259418729817
                },
                "f1-score": {
                    "lower": 0.127751101242129,
                    "upper": 0.18342719227674978
                }
            }
        },
        "ss": {
            "accuracy": 0.271259418729817,
            "precision": 0.4271186440677966,
            "recall": 0.271259418729817,
            "f1-score": 0.3317972350230415,
            "confidence": {
                "accuracy": {
                    "lower": 0.24539827771797632,
                    "upper": 0.29927341227125936
                },
                "precision": {
                    "lower": 0.3881260809408509,
                    "upper": 0.46780565360716475
                },
                "recall": {
                    "lower": 0.24539827771797632,
                    "upper": 0.29927341227125936
                },
                "f1-score": {
                    "lower": 0.30138797091870456,
                    "upper": 0.3644920682486468
                }
            }
        }
    }
}