{
    "accuracy": 0.7839074273412271,
    "precision": 0.7023261640868284,
    "recall": 0.694852480260041,
    "f1-score": 0.6982393352113837,
    "confidence": {
        "accuracy": {
            "lower": 0.7715150699677072,
            "upper": 0.7973627556512379
        },
        "precision": {
            "lower": 0.6788034743889084,
            "upper": 0.7257857329726435
        },
        "recall": {
            "lower": 0.6711204714149793,
            "upper": 0.7172209453686891
        },
        "f1-score": {
            "lower": 0.6749701598050507,
            "upper": 0.71834333335895
        }
    },
    "per_label": {
        "<": {
            "precision": 0.8370901639344263,
            "recall": 0.8186372745490982,
            "f1-score": 0.8277608915906788,
            "support": 1996.0
        },
        ">": {
            "precision": 0.7568448500651891,
            "recall": 0.7881873727087576,
            "f1-score": 0.7721982041902228,
            "support": 1473.0
        },
        "=": {
            "precision": 0.5130434782608696,
            "recall": 0.4777327935222672,
            "f1-score": 0.4947589098532495,
            "support": 247.0
        }
    },
    "pre_type": {
        "ee": {
            "accuracy": 0.7308934337997847,
            "precision": 0.6703830819315248,
            "recall": 0.6651008219421843,
            "f1-score": 0.6676232007932758,
            "support": 929,
            "confidence": {
                "accuracy": {
                    "lower": 0.7018030139935415,
                    "upper": 0.7567545748116253
                },
                "precision": {
                    "lower": 0.6341559174035943,
                    "upper": 0.7070514268869543
                },
                "recall": {
                    "lower": 0.6260564331110122,
                    "upper": 0.703025117820248
                },
                "f1-score": {
                    "lower": 0.6307805400782548,
                    "upper": 0.7023137888288628
                }
            }
        },
        "es": {
            "accuracy": 0.8180839612486545,
            "precision": 0.5434355103429453,
            "recall": 0.5263446649233452,
            "f1-score": 0.5316927973882156,
            "support": 929,
            "confidence": {
                "accuracy": {
                    "lower": 0.7932992465016147,
                    "upper": 0.844994617868676
                },
                "precision": {
                    "lower": 0.5259156535917011,
                    "upper": 0.5619933069359606
                },
                "recall": {
                    "lower": 0.508105112959783,
                    "upper": 0.545846399901998
                },
                "f1-score": {
                    "lower": 0.5136528069198852,
                    "upper": 0.5503366622260821
                }
            }
        },
        "se": {
            "accuracy": 0.8557588805166846,
            "precision": 0.533234126984127,
            "recall": 0.5075454452185754,
            "f1-score": 0.5178067338430764,
            "support": 929,
            "confidence": {
                "accuracy": {
                    "lower": 0.8331539289558665,
                    "upper": 0.8794402583423035
                },
                "precision": {
                    "lower": 0.509490502669294,
                    "upper": 0.5583791224058696
                },
                "recall": {
                    "lower": 0.48328628176227795,
                    "upper": 0.5308103633963503
                },
                "f1-score": {
                    "lower": 0.4939933965601534,
                    "upper": 0.5393790085253036
                }
            }
        },
        "ss": {
            "accuracy": 0.7308934337997847,
            "precision": 0.6778814299941059,
            "recall": 0.6798962256801966,
            "f1-score": 0.6775277011951074,
            "support": 929,
            "confidence": {
                "accuracy": {
                    "lower": 0.7039558665231432,
                    "upper": 0.7588805166846071
                },
                "precision": {
                    "lower": 0.6422925249733028,
                    "upper": 0.7148400125646704
                },
                "recall": {
                    "lower": 0.645083288260686,
                    "upper": 0.7162001888975447
                },
                "f1-score": {
                    "lower": 0.6424853305163545,
                    "upper": 0.7111787910791202
                }
            }
        }
    }
}