{
    "accuracy": 0.5836921420882669,
    "precision": 0.6144475920679887,
    "recall": 0.5836921420882669,
    "f1-score": 0.5986751311068176,
    "confidence": {
        "accuracy": {
            "lower": 0.5672699138858989,
            "upper": 0.6003767491926802
        },
        "precision": {
            "lower": 0.5980738327978453,
            "upper": 0.6314002828854314
        },
        "recall": {
            "lower": 0.5672699138858989,
            "upper": 0.6003767491926802
        },
        "f1-score": {
            "lower": 0.5827678979899649,
            "upper": 0.6149859700584674
        }
    },
    "per_label": {
        "<": {
            "precision": 0.6815944881889764,
            "recall": 0.6938877755511023,
            "f1-score": 0.6876861966236345,
            "support": 1996.0
        },
        ">": {
            "precision": 0.5998408910103421,
            "recall": 0.5118805159538357,
            "f1-score": 0.5523809523809524,
            "support": 1473.0
        },
        "=": {
            "precision": 0.12448132780082988,
            "recall": 0.1214574898785425,
            "f1-score": 0.12295081967213115,
            "support": 247.0
        },
        "-": {
            "precision": 0.0,
            "recall": 0.0,
            "f1-score": 0.0,
            "support": 0.0
        }
    },
    "pre_type": {
        "ee": {
            "accuracy": 0.4714747039827772,
            "precision": 0.5011441647597255,
            "recall": 0.4714747039827772,
            "f1-score": 0.48585690515806995,
            "confidence": {
                "accuracy": {
                    "lower": 0.4402314316469322,
                    "upper": 0.5026910656620022
                },
                "precision": {
                    "lower": 0.4691075514874142,
                    "upper": 0.5327210103329506
                },
                "recall": {
                    "lower": 0.4402314316469322,
                    "upper": 0.5026910656620022
                },
                "f1-score": {
                    "lower": 0.4549922471076337,
                    "upper": 0.5160731867612147
                }
            }
        },
        "es": {
            "accuracy": 0.658772874058127,
            "precision": 0.6815144766146993,
            "recall": 0.658772874058127,
            "f1-score": 0.6699507389162561,
            "confidence": {
                "accuracy": {
                    "lower": 0.6275296017222821,
                    "upper": 0.6878363832077503
                },
                "precision": {
                    "lower": 0.6492785793562708,
                    "upper": 0.710819795115894
                },
                "recall": {
                    "lower": 0.6275296017222821,
                    "upper": 0.6878363832077503
                },
                "f1-score": {
                    "lower": 0.6379027853631896,
                    "upper": 0.6990225273001599
                }
            }
        },
        "se": {
            "accuracy": 0.7308934337997847,
            "precision": 0.7680995475113123,
            "recall": 0.7308934337997847,
            "f1-score": 0.749034749034749,
            "confidence": {
                "accuracy": {
                    "lower": 0.7018030139935415,
                    "upper": 0.7588805166846071
                },
                "precision": {
                    "lower": 0.7392265601892931,
                    "upper": 0.7954356336665591
                },
                "recall": {
                    "lower": 0.7018030139935415,
                    "upper": 0.7588805166846071
                },
                "f1-score": {
                    "lower": 0.7206556778229305,
                    "upper": 0.7752603033927794
                }
            }
        },
        "ss": {
            "accuracy": 0.4736275565123789,
            "precision": 0.5034324942791762,
            "recall": 0.4736275565123789,
            "f1-score": 0.48807542983915697,
            "confidence": {
                "accuracy": {
                    "lower": 0.43918191603875134,
                    "upper": 0.5069967707212056
                },
                "precision": {
                    "lower": 0.4682716421700898,
                    "upper": 0.5381062355658198
                },
                "recall": {
                    "lower": 0.43918191603875134,
                    "upper": 0.5069967707212056
                },
                "f1-score": {
                    "lower": 0.4540383518219226,
                    "upper": 0.5215958827585444
                }
            }
        }
    }
}