{
    "accuracy": 0.7890204520990313,
    "precision": 0.708251678765922,
    "recall": 0.6756760697510672,
    "f1-score": 0.6890768908695427,
    "confidence": {
        "accuracy": {
            "lower": 0.7760898815931109,
            "upper": 0.8016684607104413
        },
        "precision": {
            "lower": 0.6831975780734317,
            "upper": 0.7325688895395601
        },
        "recall": {
            "lower": 0.6533830690504164,
            "upper": 0.6958070815723456
        },
        "f1-score": {
            "lower": 0.6668464530908731,
            "upper": 0.7092733710229422
        }
    },
    "per_label": {
        "<": {
            "precision": 0.8259149357072205,
            "recall": 0.8366733466933868,
            "f1-score": 0.8312593330014932,
            "support": 1996.0
        },
        ">": {
            "precision": 0.7722443559096945,
            "recall": 0.7895451459606245,
            "f1-score": 0.7807989258140315,
            "support": 1473.0
        },
        "=": {
            "precision": 0.526595744680851,
            "recall": 0.4008097165991903,
            "f1-score": 0.45517241379310347,
            "support": 247.0
        }
    },
    "pre_type": {
        "ee": {
            "accuracy": 0.7341227125941873,
            "precision": 0.6762912520858656,
            "recall": 0.6411739047494098,
            "f1-score": 0.6537818564566651,
            "support": 929,
            "confidence": {
                "accuracy": {
                    "lower": 0.7082884822389667,
                    "upper": 0.7610333692142088
                },
                "precision": {
                    "lower": 0.6355852761851697,
                    "upper": 0.7202752567034565
                },
                "recall": {
                    "lower": 0.606849445396134,
                    "upper": 0.6775837037591721
                },
                "f1-score": {
                    "lower": 0.6157753400792844,
                    "upper": 0.6910999459962165
                }
            }
        },
        "es": {
            "accuracy": 0.8256189451022605,
            "precision": 0.5475878641132879,
            "recall": 0.533861457211711,
            "f1-score": 0.5384100123391503,
            "support": 929,
            "confidence": {
                "accuracy": {
                    "lower": 0.8019375672766416,
                    "upper": 0.8504036598493002
                },
                "precision": {
                    "lower": 0.5297902553984848,
                    "upper": 0.5670516713324719
                },
                "recall": {
                    "lower": 0.5161494660345847,
                    "upper": 0.5513202489722158
                },
                "f1-score": {
                    "lower": 0.5207866239109425,
                    "upper": 0.5560647018996303
                }
            }
        },
        "se": {
            "accuracy": 0.8568353067814855,
            "precision": 0.5390503285240128,
            "recall": 0.5043416622363991,
            "f1-score": 0.5175361352012452,
            "support": 929,
            "confidence": {
                "accuracy": {
                    "lower": 0.8353067814854682,
                    "upper": 0.8783638320775027
                },
                "precision": {
                    "lower": 0.5130900532106893,
                    "upper": 0.5623937985834662
                },
                "recall": {
                    "lower": 0.48092558707174843,
                    "upper": 0.5279735549408919
                },
                "f1-score": {
                    "lower": 0.494236268341071,
                    "upper": 0.5394924342736516
                }
            }
        },
        "ss": {
            "accuracy": 0.7395048439181916,
            "precision": 0.6813243907186552,
            "recall": 0.675019632694911,
            "f1-score": 0.6778954507827747,
            "support": 929,
            "confidence": {
                "accuracy": {
                    "lower": 0.7104413347685683,
                    "upper": 0.767518837459634
                },
                "precision": {
                    "lower": 0.6422840798946551,
                    "upper": 0.7184258230754542
                },
                "recall": {
                    "lower": 0.6381930164362667,
                    "upper": 0.711890221322635
                },
                "f1-score": {
                    "lower": 0.639205609555157,
                    "upper": 0.7124198059829859
                }
            }
        }
    }
}