{
    "accuracy": 0.8046286329386437,
    "precision": 0.7128227700776616,
    "recall": 0.7245633840285252,
    "f1-score": 0.7183485538148565,
    "confidence": {
        "accuracy": {
            "lower": 0.7911733046286329,
            "upper": 0.8183597954790097
        },
        "precision": {
            "lower": 0.6914412949872873,
            "upper": 0.7366244501146215
        },
        "recall": {
            "lower": 0.7017168561575629,
            "upper": 0.7480099184795438
        },
        "f1-score": {
            "lower": 0.6988897220494301,
            "upper": 0.7400058592255728
        }
    },
    "per_label": {
        "<": {
            "precision": 0.8558421851289834,
            "recall": 0.8476953907815631,
            "f1-score": 0.8517493078278379,
            "support": 1996.0
        },
        ">": {
            "precision": 0.7937372362151123,
            "recall": 0.791581805838425,
            "f1-score": 0.7926580557443915,
            "support": 1473.0
        },
        "=": {
            "precision": 0.4888888888888889,
            "recall": 0.5344129554655871,
            "f1-score": 0.5106382978723404,
            "support": 247.0
        }
    },
    "pre_type": {
        "ee": {
            "accuracy": 0.7438105489773951,
            "precision": 0.6771267858423976,
            "recall": 0.6890932245754756,
            "f1-score": 0.6818255246612179,
            "support": 929,
            "confidence": {
                "accuracy": {
                    "lower": 0.7147470398277718,
                    "upper": 0.7707212055974165
                },
                "precision": {
                    "lower": 0.6429299385432159,
                    "upper": 0.7096848537377312
                },
                "recall": {
                    "lower": 0.6501693459941199,
                    "upper": 0.7255924445614268
                },
                "f1-score": {
                    "lower": 0.6474030416454837,
                    "upper": 0.7131656350306442
                }
            }
        },
        "es": {
            "accuracy": 0.8396124865446717,
            "precision": 0.5659362006877475,
            "recall": 0.5394093216428242,
            "f1-score": 0.5475071342370484,
            "support": 929,
            "confidence": {
                "accuracy": {
                    "lower": 0.8159311087190527,
                    "upper": 0.8622443487621098
                },
                "precision": {
                    "lower": 0.5485239765317301,
                    "upper": 0.5829673714023352
                },
                "recall": {
                    "lower": 0.5204887050116089,
                    "upper": 0.5559195624166897
                },
                "f1-score": {
                    "lower": 0.5285737629506231,
                    "upper": 0.5640209545095262
                }
            }
        },
        "se": {
            "accuracy": 0.8622174381054898,
            "precision": 0.5504074114075194,
            "recall": 0.5029846013225514,
            "f1-score": 0.5198747126661326,
            "support": 929,
            "confidence": {
                "accuracy": {
                    "lower": 0.8406889128094726,
                    "upper": 0.883745963401507
                },
                "precision": {
                    "lower": 0.5254093878156624,
                    "upper": 0.5733803784782964
                },
                "recall": {
                    "lower": 0.48005722768271686,
                    "upper": 0.5285128530116678
                },
                "f1-score": {
                    "lower": 0.4964684472484693,
                    "upper": 0.5433625946188021
                }
            }
        },
        "ss": {
            "accuracy": 0.7728740581270183,
            "precision": 0.709645061728395,
            "recall": 0.7245997491787252,
            "f1-score": 0.7159038898952051,
            "support": 929,
            "confidence": {
                "accuracy": {
                    "lower": 0.7427341227125942,
                    "upper": 0.798708288482239
                },
                "precision": {
                    "lower": 0.6753653187347457,
                    "upper": 0.7412075675720108
                },
                "recall": {
                    "lower": 0.6894200907439907,
                    "upper": 0.7607907521001003
                },
                "f1-score": {
                    "lower": 0.681138754015032,
                    "upper": 0.7487212864085707
                }
            }
        }
    }
}