{
    "accuracy": 0.8065123789020452,
    "precision": 0.7137812995037075,
    "recall": 0.7050957758844215,
    "f1-score": 0.7092046107438019,
    "confidence": {
        "accuracy": {
            "lower": 0.7922497308934338,
            "upper": 0.8188980086114102
        },
        "precision": {
            "lower": 0.691276357120968,
            "upper": 0.7374945915918476
        },
        "recall": {
            "lower": 0.6835468640735004,
            "upper": 0.7264767621358007
        },
        "f1-score": {
            "lower": 0.6888050049322106,
            "upper": 0.728866110676835
        }
    },
    "per_label": {
        "<": {
            "precision": 0.8402338041889917,
            "recall": 0.8642284569138277,
            "f1-score": 0.8520622375895283,
            "support": 1996.0
        },
        ">": {
            "precision": 0.8096571028691393,
            "recall": 0.7854718262050238,
            "f1-score": 0.7973811164713991,
            "support": 1473.0
        },
        "=": {
            "precision": 0.49145299145299143,
            "recall": 0.46558704453441296,
            "f1-score": 0.4781704781704782,
            "support": 247.0
        }
    },
    "pre_type": {
        "ee": {
            "accuracy": 0.7631862217438106,
            "precision": 0.7149135690312161,
            "recall": 0.6525826221169629,
            "f1-score": 0.6739851420651846,
            "support": 929,
            "confidence": {
                "accuracy": {
                    "lower": 0.7351991388589881,
                    "upper": 0.790096878363832
                },
                "precision": {
                    "lower": 0.6727876539528225,
                    "upper": 0.7558285832098097
                },
                "recall": {
                    "lower": 0.6164567387711538,
                    "upper": 0.687477100937716
                },
                "f1-score": {
                    "lower": 0.6355944766153785,
                    "upper": 0.7108032720125369
                }
            }
        },
        "es": {
            "accuracy": 0.8417653390742734,
            "precision": 0.5659901881874977,
            "recall": 0.5414295236630262,
            "f1-score": 0.5489462828445879,
            "support": 929,
            "confidence": {
                "accuracy": {
                    "lower": 0.8191603875134553,
                    "upper": 0.8654467168998924
                },
                "precision": {
                    "lower": 0.5494797149315704,
                    "upper": 0.582180498436106
                },
                "recall": {
                    "lower": 0.5239735373027948,
                    "upper": 0.5605575360303846
                },
                "f1-score": {
                    "lower": 0.5310692035706331,
                    "upper": 0.5668105341757894
                }
            }
        },
        "se": {
            "accuracy": 0.8729817007534983,
            "precision": 0.5819592189317785,
            "recall": 0.5002704794948563,
            "f1-score": 0.5251925982808591,
            "support": 929,
            "confidence": {
                "accuracy": {
                    "lower": 0.852529601722282,
                    "upper": 0.8923573735199138
                },
                "precision": {
                    "lower": 0.5589029398510463,
                    "upper": 0.6027558350941841
                },
                "recall": {
                    "lower": 0.47889345910166975,
                    "upper": 0.5228368752952047
                },
                "f1-score": {
                    "lower": 0.5029905528324562,
                    "upper": 0.5475349467510809
                }
            }
        },
        "ss": {
            "accuracy": 0.7481162540365985,
            "precision": 0.6889683554715743,
            "recall": 0.7167771992653617,
            "f1-score": 0.6976134358077936,
            "support": 929,
            "confidence": {
                "accuracy": {
                    "lower": 0.7179763186221744,
                    "upper": 0.77502691065662
                },
                "precision": {
                    "lower": 0.6554461144997672,
                    "upper": 0.7188559086724984
                },
                "recall": {
                    "lower": 0.6810005425314815,
                    "upper": 0.7491309678525259
                },
                "f1-score": {
                    "lower": 0.6612508016757714,
                    "upper": 0.7275029718511057
                }
            }
        }
    }
}