{
    "accuracy": 0.8046286329386437,
    "precision": 0.7128227700776616,
    "recall": 0.7245633840285252,
    "f1-score": 0.7183485538148565,
    "confidence": {
        "accuracy": {
            "lower": 0.792518837459634,
            "upper": 0.817545748116254
        },
        "precision": {
            "lower": 0.690861679089028,
            "upper": 0.735552622235532
        },
        "recall": {
            "lower": 0.7023446660593349,
            "upper": 0.7458469906718702
        },
        "f1-score": {
            "lower": 0.6966445666014455,
            "upper": 0.7386095220574951
        }
    },
    "per_label": {
        "<": {
            "precision": 0.8558421851289834,
            "recall": 0.8476953907815631,
            "f1-score": 0.8517493078278379,
            "support": 1996.0
        },
        ">": {
            "precision": 0.7937372362151123,
            "recall": 0.791581805838425,
            "f1-score": 0.7926580557443915,
            "support": 1473.0
        },
        "=": {
            "precision": 0.4888888888888889,
            "recall": 0.5344129554655871,
            "f1-score": 0.5106382978723404,
            "support": 247.0
        }
    },
    "pre_type": {
        "ee": {
            "accuracy": 0.7438105489773951,
            "precision": 0.6771267858423976,
            "recall": 0.6890932245754756,
            "f1-score": 0.6818255246612179,
            "support": 929,
            "confidence": {
                "accuracy": {
                    "lower": 0.7147470398277718,
                    "upper": 0.7707481162540365
                },
                "precision": {
                    "lower": 0.6406245366554204,
                    "upper": 0.7110691337458394
                },
                "recall": {
                    "lower": 0.6541462279845804,
                    "upper": 0.726272756680271
                },
                "f1-score": {
                    "lower": 0.6459626945954332,
                    "upper": 0.7151337102584475
                }
            }
        },
        "es": {
            "accuracy": 0.8396124865446717,
            "precision": 0.5659362006877475,
            "recall": 0.5394093216428242,
            "f1-score": 0.5475071342370484,
            "support": 929,
            "confidence": {
                "accuracy": {
                    "lower": 0.8169806243272336,
                    "upper": 0.8632938643702907
                },
                "precision": {
                    "lower": 0.5496763851762712,
                    "upper": 0.5824635043892823
                },
                "recall": {
                    "lower": 0.5221595591266532,
                    "upper": 0.5575698914265201
                },
                "f1-score": {
                    "lower": 0.5301058628607929,
                    "upper": 0.5651521396383732
                }
            }
        },
        "se": {
            "accuracy": 0.8622174381054898,
            "precision": 0.5504074114075194,
            "recall": 0.5029846013225514,
            "f1-score": 0.5198747126661326,
            "support": 929,
            "confidence": {
                "accuracy": {
                    "lower": 0.8385360602798708,
                    "upper": 0.883745963401507
                },
                "precision": {
                    "lower": 0.5252953506273123,
                    "upper": 0.5741724666939289
                },
                "recall": {
                    "lower": 0.4784291299241263,
                    "upper": 0.5291660509158539
                },
                "f1-score": {
                    "lower": 0.4950114584982633,
                    "upper": 0.5445000836859725
                }
            }
        },
        "ss": {
            "accuracy": 0.7728740581270183,
            "precision": 0.709645061728395,
            "recall": 0.7245997491787252,
            "f1-score": 0.7159038898952051,
            "support": 929,
            "confidence": {
                "accuracy": {
                    "lower": 0.7448869752421959,
                    "upper": 0.7997847147470398
                },
                "precision": {
                    "lower": 0.675108775933173,
                    "upper": 0.7398212981198161
                },
                "recall": {
                    "lower": 0.6892797700802429,
                    "upper": 0.7575339524847683
                },
                "f1-score": {
                    "lower": 0.6810354762087505,
                    "upper": 0.7451805703446145
                }
            }
        }
    }
}