{
    "accuracy": 0.7720667384284177,
    "precision": 0.6912229753986443,
    "recall": 0.6591002095570563,
    "f1-score": 0.671767975888845,
    "confidence": {
        "accuracy": {
            "lower": 0.7588737890204521,
            "upper": 0.784983853606028
        },
        "precision": {
            "lower": 0.6667945375226758,
            "upper": 0.7147171388588677
        },
        "recall": {
            "lower": 0.6382813404721588,
            "upper": 0.6811057987647043
        },
        "f1-score": {
            "lower": 0.6498989080101475,
            "upper": 0.6915750036657686
        }
    },
    "per_label": {
        "<": {
            "precision": 0.7827060931899642,
            "recall": 0.875250501002004,
            "f1-score": 0.82639545884579,
            "support": 1996.0
        },
        ">": {
            "precision": 0.7982799061767005,
            "recall": 0.693143245078072,
            "f1-score": 0.7420058139534884,
            "support": 1473.0
        },
        "=": {
            "precision": 0.4926829268292683,
            "recall": 0.4089068825910931,
            "f1-score": 0.4469026548672566,
            "support": 247.0
        }
    },
    "pre_type": {
        "ee": {
            "accuracy": 0.7233584499461787,
            "precision": 0.6808709808709809,
            "recall": 0.6200955099683393,
            "f1-score": 0.6387223819148836,
            "support": 929,
            "confidence": {
                "accuracy": {
                    "lower": 0.6953444564047363,
                    "upper": 0.7502960172228201
                },
                "precision": {
                    "lower": 0.6394187638849066,
                    "upper": 0.723699336519469
                },
                "recall": {
                    "lower": 0.5866301319763687,
                    "upper": 0.6560050613627951
                },
                "f1-score": {
                    "lower": 0.6007247745145238,
                    "upper": 0.6756021390347671
                }
            }
        },
        "es": {
            "accuracy": 0.7976318622174381,
            "precision": 0.5264110993480805,
            "recall": 0.512059683125673,
            "f1-score": 0.5164659360284035,
            "support": 929,
            "confidence": {
                "accuracy": {
                    "lower": 0.7717976318622174,
                    "upper": 0.8234660925726588
                },
                "precision": {
                    "lower": 0.5064245480452603,
                    "upper": 0.5456013294307407
                },
                "recall": {
                    "lower": 0.49279565662739944,
                    "upper": 0.5307365344270588
                },
                "f1-score": {
                    "lower": 0.49674145055609503,
                    "upper": 0.534666425199606
                }
            }
        },
        "se": {
            "accuracy": 0.8353067814854682,
            "precision": 0.565319207954594,
            "recall": 0.43523881474019976,
            "f1-score": 0.4562067293676739,
            "support": 929,
            "confidence": {
                "accuracy": {
                    "lower": 0.8116254036598493,
                    "upper": 0.860064585575888
                },
                "precision": {
                    "lower": 0.5367770945611499,
                    "upper": 0.5914896920641917
                },
                "recall": {
                    "lower": 0.4144886075116658,
                    "upper": 0.4579998922347027
                },
                "f1-score": {
                    "lower": 0.4285360807587237,
                    "upper": 0.4826942134764096
                }
            }
        },
        "ss": {
            "accuracy": 0.7319698600645855,
            "precision": 0.6667311077185643,
            "recall": 0.6625319755017655,
            "f1-score": 0.6631340813021767,
            "support": 929,
            "confidence": {
                "accuracy": {
                    "lower": 0.7039827771797632,
                    "upper": 0.7610333692142088
                },
                "precision": {
                    "lower": 0.630191910013161,
                    "upper": 0.7054329109579531
                },
                "recall": {
                    "lower": 0.6265654265158933,
                    "upper": 0.699646594033473
                },
                "f1-score": {
                    "lower": 0.6268374653100167,
                    "upper": 0.6997620372480766
                }
            }
        }
    }
}