{
    "accuracy": 0.7779870828848224,
    "precision": 0.6839238256372187,
    "recall": 0.6710094707712839,
    "f1-score": 0.6770085103475134,
    "confidence": {
        "accuracy": {
            "lower": 0.7653390742734123,
            "upper": 0.7909109257265877
        },
        "precision": {
            "lower": 0.6610218213211502,
            "upper": 0.70710722734136
        },
        "recall": {
            "lower": 0.6497126280217659,
            "upper": 0.6912234404868132
        },
        "f1-score": {
            "lower": 0.6560703486359707,
            "upper": 0.6972297755102976
        }
    },
    "per_label": {
        "<": {
            "precision": 0.8180480627758705,
            "recall": 0.8356713426853707,
            "f1-score": 0.8267657992565056,
            "support": 1996.0
        },
        ">": {
            "precision": 0.7697594501718213,
            "recall": 0.7603530210454854,
            "f1-score": 0.7650273224043715,
            "support": 1473.0
        },
        "=": {
            "precision": 0.46396396396396394,
            "recall": 0.41700404858299595,
            "f1-score": 0.43923240938166314,
            "support": 247.0
        }
    },
    "pre_type": {
        "ee": {
            "accuracy": 0.7082884822389667,
            "precision": 0.6369866216581545,
            "recall": 0.6264258823192327,
            "f1-score": 0.6308953706714749,
            "support": 929,
            "confidence": {
                "accuracy": {
                    "lower": 0.6781216361679225,
                    "upper": 0.7405812701829925
                },
                "precision": {
                    "lower": 0.5994622315063536,
                    "upper": 0.6758830146830638
                },
                "recall": {
                    "lower": 0.5900137465065753,
                    "upper": 0.6642551670233174
                },
                "f1-score": {
                    "lower": 0.5934563461827621,
                    "upper": 0.667635497679143
                }
            }
        },
        "es": {
            "accuracy": 0.8159311087190527,
            "precision": 0.5416989124298538,
            "recall": 0.5247705481208019,
            "f1-score": 0.5300497747060655,
            "support": 929,
            "confidence": {
                "accuracy": {
                    "lower": 0.7911733046286329,
                    "upper": 0.8407158234660925
                },
                "precision": {
                    "lower": 0.5241288390582708,
                    "upper": 0.5598543248826976
                },
                "recall": {
                    "lower": 0.5069972135899122,
                    "upper": 0.5434890225112535
                },
                "f1-score": {
                    "lower": 0.5120666257800532,
                    "upper": 0.5477962145889012
                }
            }
        },
        "se": {
            "accuracy": 0.8514531754574811,
            "precision": 0.5409643702130644,
            "recall": 0.4861495844875346,
            "f1-score": 0.5041166746653869,
            "support": 929,
            "confidence": {
                "accuracy": {
                    "lower": 0.8288482238966631,
                    "upper": 0.8740581270182992
                },
                "precision": {
                    "lower": 0.5146703096410007,
                    "upper": 0.566958801271591
                },
                "recall": {
                    "lower": 0.4636032919742768,
                    "upper": 0.5096445942752728
                },
                "f1-score": {
                    "lower": 0.48010384873743844,
                    "upper": 0.5270531564073743
                }
            }
        },
        "ss": {
            "accuracy": 0.736275565123789,
            "precision": 0.670820971768839,
            "recall": 0.6681894900692601,
            "f1-score": 0.669402560562509,
            "support": 929,
            "confidence": {
                "accuracy": {
                    "lower": 0.7071851453175458,
                    "upper": 0.7631862217438106
                },
                "precision": {
                    "lower": 0.6339254712058295,
                    "upper": 0.7074433029106222
                },
                "recall": {
                    "lower": 0.6291017544209436,
                    "upper": 0.7039977234488631
                },
                "f1-score": {
                    "lower": 0.6307887163054077,
                    "upper": 0.7023048967050602
                }
            }
        }
    }
}