{
    "accuracy": 0.7720667384284177,
    "precision": 0.6912229753986443,
    "recall": 0.6591002095570563,
    "f1-score": 0.671767975888845,
    "confidence": {
        "accuracy": {
            "lower": 0.7591496232508074,
            "upper": 0.7860602798708288
        },
        "precision": {
            "lower": 0.6670158809058561,
            "upper": 0.716976176261819
        },
        "recall": {
            "lower": 0.6370142815768999,
            "upper": 0.6827347541819871
        },
        "f1-score": {
            "lower": 0.6507250942839535,
            "upper": 0.6937712321772472
        }
    },
    "per_label": {
        "<": {
            "precision": 0.7827060931899642,
            "recall": 0.875250501002004,
            "f1-score": 0.82639545884579,
            "support": 1996.0
        },
        "=": {
            "precision": 0.4926829268292683,
            "recall": 0.4089068825910931,
            "f1-score": 0.4469026548672566,
            "support": 247.0
        },
        ">": {
            "precision": 0.7982799061767005,
            "recall": 0.693143245078072,
            "f1-score": 0.7420058139534884,
            "support": 1473.0
        }
    },
    "pre_type": {
        "ee": {
            "accuracy": 0.7233584499461787,
            "precision": 0.6808709808709809,
            "recall": 0.6200955099683393,
            "f1-score": 0.6387223819148836,
            "support": 929,
            "confidence": {
                "accuracy": {
                    "lower": 0.6942949407965554,
                    "upper": 0.751372443487621
                },
                "precision": {
                    "lower": 0.6422306994681355,
                    "upper": 0.7217312304840684
                },
                "recall": {
                    "lower": 0.587021298679233,
                    "upper": 0.6555615564499027
                },
                "f1-score": {
                    "lower": 0.601385454705163,
                    "upper": 0.6760154980626824
                }
            }
        },
        "es": {
            "accuracy": 0.7976318622174381,
            "precision": 0.5264110993480805,
            "recall": 0.512059683125673,
            "f1-score": 0.5164659360284035,
            "support": 929,
            "confidence": {
                "accuracy": {
                    "lower": 0.7728740581270183,
                    "upper": 0.8223896663078579
                },
                "precision": {
                    "lower": 0.5077822717486714,
                    "upper": 0.5464674724852988
                },
                "recall": {
                    "lower": 0.4947755496771281,
                    "upper": 0.5313809264455731
                },
                "f1-score": {
                    "lower": 0.49925735764801626,
                    "upper": 0.5358431983859394
                }
            }
        },
        "se": {
            "accuracy": 0.8353067814854682,
            "precision": 0.565319207954594,
            "recall": 0.43523881474019976,
            "f1-score": 0.4562067293676739,
            "support": 929,
            "confidence": {
                "accuracy": {
                    "lower": 0.8116254036598493,
                    "upper": 0.8568622174381054
                },
                "precision": {
                    "lower": 0.5360073012661706,
                    "upper": 0.5932426240070439
                },
                "recall": {
                    "lower": 0.41302195402601305,
                    "upper": 0.458369397336821
                },
                "f1-score": {
                    "lower": 0.4285978027927675,
                    "upper": 0.4840014288159863
                }
            }
        },
        "ss": {
            "accuracy": 0.7319698600645855,
            "precision": 0.6667311077185643,
            "recall": 0.6625319755017653,
            "f1-score": 0.6631340813021765,
            "support": 929,
            "confidence": {
                "accuracy": {
                    "lower": 0.7039827771797632,
                    "upper": 0.759956942949408
                },
                "precision": {
                    "lower": 0.6288255483124398,
                    "upper": 0.7037758865694421
                },
                "recall": {
                    "lower": 0.6262271628872634,
                    "upper": 0.69884413037966
                },
                "f1-score": {
                    "lower": 0.6264178988127485,
                    "upper": 0.6993023129780969
                }
            }
        }
    }
}