{
    "accuracy": 0.7779870828848224,
    "precision": 0.6839238256372187,
    "recall": 0.6710094707712839,
    "f1-score": 0.6770085103475134,
    "confidence": {
        "accuracy": {
            "lower": 0.765069967707212,
            "upper": 0.7911800322927879
        },
        "precision": {
            "lower": 0.6622395313582405,
            "upper": 0.7069879252339359
        },
        "recall": {
            "lower": 0.6501663640098884,
            "upper": 0.6933076909212031
        },
        "f1-score": {
            "lower": 0.6560019320249302,
            "upper": 0.6972957806393246
        }
    },
    "per_label": {
        "<": {
            "precision": 0.8180480627758705,
            "recall": 0.8356713426853707,
            "f1-score": 0.8267657992565056,
            "support": 1996.0
        },
        ">": {
            "precision": 0.7697594501718213,
            "recall": 0.7603530210454854,
            "f1-score": 0.7650273224043715,
            "support": 1473.0
        },
        "=": {
            "precision": 0.46396396396396394,
            "recall": 0.41700404858299595,
            "f1-score": 0.43923240938166314,
            "support": 247.0
        }
    },
    "pre_type": {
        "ee": {
            "accuracy": 0.7082884822389667,
            "precision": 0.6369866216581545,
            "recall": 0.6264258823192327,
            "f1-score": 0.6308953706714749,
            "support": 929,
            "confidence": {
                "accuracy": {
                    "lower": 0.6781485468245425,
                    "upper": 0.7373519913885899
                },
                "precision": {
                    "lower": 0.5999433813154397,
                    "upper": 0.6752801712266756
                },
                "recall": {
                    "lower": 0.5876576381540988,
                    "upper": 0.66331474238029
                },
                "f1-score": {
                    "lower": 0.5928518773727709,
                    "upper": 0.6668057158873362
                }
            }
        },
        "es": {
            "accuracy": 0.8159311087190527,
            "precision": 0.5416989124298538,
            "recall": 0.5247705481208019,
            "f1-score": 0.5300497747060655,
            "support": 929,
            "confidence": {
                "accuracy": {
                    "lower": 0.790069967707212,
                    "upper": 0.8385360602798708
                },
                "precision": {
                    "lower": 0.5217313739087285,
                    "upper": 0.5596718745933486
                },
                "recall": {
                    "lower": 0.5050583242122025,
                    "upper": 0.5420922753484947
                },
                "f1-score": {
                    "lower": 0.5103758813728948,
                    "upper": 0.5474515102774111
                }
            }
        },
        "se": {
            "accuracy": 0.8514531754574811,
            "precision": 0.5409643702130644,
            "recall": 0.4861495844875346,
            "f1-score": 0.5041166746653869,
            "support": 929,
            "confidence": {
                "accuracy": {
                    "lower": 0.8266953713670614,
                    "upper": 0.8729817007534983
                },
                "precision": {
                    "lower": 0.5159759098143853,
                    "upper": 0.5643218068549785
                },
                "recall": {
                    "lower": 0.46357399036819147,
                    "upper": 0.508024843867032
                },
                "f1-score": {
                    "lower": 0.48022505675335314,
                    "upper": 0.5260703961864973
                }
            }
        },
        "ss": {
            "accuracy": 0.736275565123789,
            "precision": 0.670820971768839,
            "recall": 0.6681894900692601,
            "f1-score": 0.669402560562509,
            "support": 929,
            "confidence": {
                "accuracy": {
                    "lower": 0.7082884822389667,
                    "upper": 0.7653390742734123
                },
                "precision": {
                    "lower": 0.6356090367357062,
                    "upper": 0.7077827555341528
                },
                "recall": {
                    "lower": 0.6326994056640969,
                    "upper": 0.7039564389683796
                },
                "f1-score": {
                    "lower": 0.6342920735498933,
                    "upper": 0.7038555694095162
                }
            }
        }
    }
}