{
    "accuracy": 0.7779870828848224,
    "precision": 0.6901765667278962,
    "recall": 0.6415581446219956,
    "f1-score": 0.6593997440340508,
    "confidence": {
        "accuracy": {
            "lower": 0.7639800861141012,
            "upper": 0.7919806243272336
        },
        "precision": {
            "lower": 0.6635596492258198,
            "upper": 0.7174450256653885
        },
        "recall": {
            "lower": 0.6210410309760191,
            "upper": 0.6647134051662783
        },
        "f1-score": {
            "lower": 0.6372263767441635,
            "upper": 0.6823806707359856
        }
    },
    "per_label": {
        "<": {
            "precision": 0.795674183156926,
            "recall": 0.8662324649298597,
            "f1-score": 0.8294555049172463,
            "support": 1996.0
        },
        ">": {
            "precision": 0.7840579710144927,
            "recall": 0.7345553292600135,
            "f1-score": 0.7584998247458815,
            "support": 1473.0
        },
        "=": {
            "precision": 0.49079754601226994,
            "recall": 0.32388663967611336,
            "f1-score": 0.3902439024390244,
            "support": 247.0
        }
    },
    "pre_type": {
        "ee": {
            "accuracy": 0.7136706135629709,
            "precision": 0.6496118835231205,
            "recall": 0.6043261861083401,
            "f1-score": 0.617832097479424,
            "support": 929,
            "confidence": {
                "accuracy": {
                    "lower": 0.6846071044133477,
                    "upper": 0.7416576964477933
                },
                "precision": {
                    "lower": 0.6105752614035063,
                    "upper": 0.6897881162982956
                },
                "recall": {
                    "lower": 0.5703477161328494,
                    "upper": 0.6429128738665663
                },
                "f1-score": {
                    "lower": 0.5817851999548815,
                    "upper": 0.656655249082644
                }
            }
        },
        "es": {
            "accuracy": 0.8234660925726588,
            "precision": 0.5532250036597862,
            "recall": 0.5264882325796032,
            "f1-score": 0.5342470578990296,
            "support": 929,
            "confidence": {
                "accuracy": {
                    "lower": 0.7976318622174381,
                    "upper": 0.8471474703982778
                },
                "precision": {
                    "lower": 0.5340161563308455,
                    "upper": 0.5700475302821025
                },
                "recall": {
                    "lower": 0.5074453638032727,
                    "upper": 0.5449518758454724
                },
                "f1-score": {
                    "lower": 0.5150594557603354,
                    "upper": 0.5525384857801805
                }
            }
        },
        "se": {
            "accuracy": 0.8396124865446717,
            "precision": 0.5689947767412556,
            "recall": 0.4419728214742065,
            "f1-score": 0.4644149243386855,
            "support": 929,
            "confidence": {
                "accuracy": {
                    "lower": 0.8127018299246501,
                    "upper": 0.8632938643702907
                },
                "precision": {
                    "lower": 0.5409004681875292,
                    "upper": 0.593094798913066
                },
                "recall": {
                    "lower": 0.4185566244725447,
                    "upper": 0.4643206689571482
                },
                "f1-score": {
                    "lower": 0.43464255113772093,
                    "upper": 0.4912593955371116
                }
            }
        },
        "ss": {
            "accuracy": 0.7351991388589881,
            "precision": 0.6791070397746545,
            "recall": 0.6319683785534477,
            "f1-score": 0.6442163468222684,
            "support": 929,
            "confidence": {
                "accuracy": {
                    "lower": 0.7082615715823467,
                    "upper": 0.7610333692142088
                },
                "precision": {
                    "lower": 0.6335560033956342,
                    "upper": 0.724085480430489
                },
                "recall": {
                    "lower": 0.5992567111138754,
                    "upper": 0.6664451821221371
                },
                "f1-score": {
                    "lower": 0.606622936766659,
                    "upper": 0.6807588532039995
                }
            }
        }
    }
}