{
    "accuracy": 0.7779870828848224,
    "precision": 0.6901765667278962,
    "recall": 0.6415581446219956,
    "f1-score": 0.6593997440340508,
    "confidence": {
        "accuracy": {
            "lower": 0.7645317545748116,
            "upper": 0.7906350914962325
        },
        "precision": {
            "lower": 0.6629083387268674,
            "upper": 0.7148354828197327
        },
        "recall": {
            "lower": 0.6191484002628838,
            "upper": 0.6628897523876884
        },
        "f1-score": {
            "lower": 0.6354277188885511,
            "upper": 0.6818147006329063
        }
    },
    "per_label": {
        "<": {
            "precision": 0.795674183156926,
            "recall": 0.8662324649298597,
            "f1-score": 0.8294555049172463,
            "support": 1996.0
        },
        ">": {
            "precision": 0.7840579710144927,
            "recall": 0.7345553292600135,
            "f1-score": 0.7584998247458815,
            "support": 1473.0
        },
        "=": {
            "precision": 0.49079754601226994,
            "recall": 0.32388663967611336,
            "f1-score": 0.3902439024390244,
            "support": 247.0
        }
    },
    "pre_type": {
        "ee": {
            "accuracy": 0.7136706135629709,
            "precision": 0.6496118835231205,
            "recall": 0.6043261861083401,
            "f1-score": 0.617832097479424,
            "support": 929,
            "confidence": {
                "accuracy": {
                    "lower": 0.6846071044133477,
                    "upper": 0.7416576964477933
                },
                "precision": {
                    "lower": 0.6081433305537303,
                    "upper": 0.6887843330722138
                },
                "recall": {
                    "lower": 0.5682816315006691,
                    "upper": 0.6400234449122838
                },
                "f1-score": {
                    "lower": 0.5794927677450628,
                    "upper": 0.6530676521449795
                }
            }
        },
        "es": {
            "accuracy": 0.8234660925726588,
            "precision": 0.5532250036597862,
            "recall": 0.5264882325796032,
            "f1-score": 0.5342470578990296,
            "support": 929,
            "confidence": {
                "accuracy": {
                    "lower": 0.798708288482239,
                    "upper": 0.8482238966630786
                },
                "precision": {
                    "lower": 0.5351164896380356,
                    "upper": 0.5708756245344261
                },
                "recall": {
                    "lower": 0.5078779435813886,
                    "upper": 0.5441742159813219
                },
                "f1-score": {
                    "lower": 0.5154937941893639,
                    "upper": 0.5521701871777465
                }
            }
        },
        "se": {
            "accuracy": 0.8396124865446717,
            "precision": 0.5689947767412556,
            "recall": 0.4419728214742065,
            "f1-score": 0.4644149243386855,
            "support": 929,
            "confidence": {
                "accuracy": {
                    "lower": 0.8159311087190527,
                    "upper": 0.8632938643702907
                },
                "precision": {
                    "lower": 0.5408351596492053,
                    "upper": 0.5934180948713198
                },
                "recall": {
                    "lower": 0.4189942942747665,
                    "upper": 0.46357474595777226
                },
                "f1-score": {
                    "lower": 0.4361695494645679,
                    "upper": 0.49023985698317196
                }
            }
        },
        "ss": {
            "accuracy": 0.7351991388589881,
            "precision": 0.6791070397746545,
            "recall": 0.6319683785534477,
            "f1-score": 0.6442163468222684,
            "support": 929,
            "confidence": {
                "accuracy": {
                    "lower": 0.7071851453175458,
                    "upper": 0.7621097954790097
                },
                "precision": {
                    "lower": 0.6337863932105146,
                    "upper": 0.7245196044187948
                },
                "recall": {
                    "lower": 0.5989058664852316,
                    "upper": 0.6644480148233773
                },
                "f1-score": {
                    "lower": 0.6064537808285311,
                    "upper": 0.6795073916407339
                }
            }
        }
    }
}