{
    "accuracy": 0.771259418729817,
    "precision": 0.6848355014355912,
    "recall": 0.6528119032788035,
    "f1-score": 0.6660027209511028,
    "confidence": {
        "accuracy": {
            "lower": 0.7572658772874058,
            "upper": 0.7844658234660925
        },
        "precision": {
            "lower": 0.6581368982480921,
            "upper": 0.7092913696575166
        },
        "recall": {
            "lower": 0.6309664745477331,
            "upper": 0.674354490905708
        },
        "f1-score": {
            "lower": 0.6438255392609961,
            "upper": 0.6869237695633206
        }
    },
    "per_label": {
        "<": {
            "precision": 0.7908375751966682,
            "recall": 0.8562124248496994,
            "f1-score": 0.8222275679576617,
            "support": 1996.0
        },
        ">": {
            "precision": 0.7816176470588235,
            "recall": 0.7216564833672776,
            "f1-score": 0.7504412283798094,
            "support": 1473.0
        },
        "=": {
            "precision": 0.48205128205128206,
            "recall": 0.3805668016194332,
            "f1-score": 0.4253393665158371,
            "support": 247.0
        }
    },
    "pre_type": {
        "ee": {
            "accuracy": 0.697524219590958,
            "precision": 0.628078217892701,
            "recall": 0.5883511693505518,
            "f1-score": 0.6013839173804717,
            "support": 929,
            "confidence": {
                "accuracy": {
                    "lower": 0.667384284176534,
                    "upper": 0.728740581270183
                },
                "precision": {
                    "lower": 0.5876081010782569,
                    "upper": 0.6704069789485811
                },
                "recall": {
                    "lower": 0.5537149917621341,
                    "upper": 0.6285637479196966
                },
                "f1-score": {
                    "lower": 0.563713830377867,
                    "upper": 0.6414489080342296
                }
            }
        },
        "es": {
            "accuracy": 0.8288482238966631,
            "precision": 0.5517619513351709,
            "recall": 0.5355535045890375,
            "f1-score": 0.5409558654980543,
            "support": 929,
            "confidence": {
                "accuracy": {
                    "lower": 0.8040904198062433,
                    "upper": 0.8536329386437028
                },
                "precision": {
                    "lower": 0.5339193215162056,
                    "upper": 0.5691222266767382
                },
                "recall": {
                    "lower": 0.5163912679136722,
                    "upper": 0.5544897184368179
                },
                "f1-score": {
                    "lower": 0.5219790580961805,
                    "upper": 0.5587933018209186
                }
            }
        },
        "se": {
            "accuracy": 0.8363832077502691,
            "precision": 0.5460763331549848,
            "recall": 0.445475064588638,
            "f1-score": 0.4662475964434054,
            "support": 929,
            "confidence": {
                "accuracy": {
                    "lower": 0.8127018299246501,
                    "upper": 0.8611410118406889
                },
                "precision": {
                    "lower": 0.5174340680830293,
                    "upper": 0.5766643680596796
                },
                "recall": {
                    "lower": 0.4229898412628552,
                    "upper": 0.46882850281894195
                },
                "f1-score": {
                    "lower": 0.4397538929024514,
                    "upper": 0.4932243892068116
                }
            }
        },
        "ss": {
            "accuracy": 0.7222820236813778,
            "precision": 0.6688155864756956,
            "recall": 0.6573869462053633,
            "f1-score": 0.6624883373598266,
            "support": 929,
            "confidence": {
                "accuracy": {
                    "lower": 0.6921420882669537,
                    "upper": 0.7481431646932185
                },
                "precision": {
                    "lower": 0.6306186449330966,
                    "upper": 0.7038230964432693
                },
                "recall": {
                    "lower": 0.6209026658598684,
                    "upper": 0.689813582344305
                },
                "f1-score": {
                    "lower": 0.6258334992132177,
                    "upper": 0.6936414539900826
                }
            }
        }
    }
}