{
    "<": {
        "precision": 0.6167091836734694,
        "recall": 0.4844689378757515,
        "f1-score": 0.542648709315376,
        "support": 1996.0
    },
    ">": {
        "precision": 0.48911222780569513,
        "recall": 0.39646978954514595,
        "f1-score": 0.43794525684289465,
        "support": 1473.0
    },
    "=": {
        "precision": 0.07531380753138076,
        "recall": 0.21862348178137653,
        "f1-score": 0.11203319502074689,
        "support": 247.0
    },
    "-": {
        "precision": 0.0,
        "recall": 0.0,
        "f1-score": 0.0,
        "support": 0.0
    },
    "accuracy": 0.43191603875134554,
    "macro avg": {
        "precision": 0.2952838047526363,
        "recall": 0.2748905523005685,
        "f1-score": 0.27315679029475437,
        "support": 3716.0
    },
    "weighted avg": {
        "precision": 0.5301443360146084,
        "recall": 0.43191603875134554,
        "f1-score": 0.4725221706924647,
        "support": 3716.0
    },
    "type": {},
    "ss": {
        "<": {
            "precision": 0.5742092457420924,
            "recall": 0.5514018691588785,
            "f1-score": 0.5625744934445769,
            "support": 428.0
        },
        ">": {
            "precision": 0.5151515151515151,
            "recall": 0.3963730569948187,
            "f1-score": 0.4480234260614934,
            "support": 386.0
        },
        "=": {
            "precision": 0.11594202898550725,
            "recall": 0.20869565217391303,
            "f1-score": 0.14906832298136646,
            "support": 115.0
        },
        "-": {
            "precision": 0.0,
            "recall": 0.0,
            "f1-score": 0.0,
            "support": 0.0
        },
        "accuracy": 0.4445640473627557,
        "macro avg": {
            "precision": 0.3013256974697787,
            "recall": 0.28911764458190253,
            "f1-score": 0.2899165606218592,
            "support": 929.0
        },
        "weighted avg": {
            "precision": 0.4929422770284539,
            "recall": 0.4445640473627557,
            "f1-score": 0.46379093950147743,
            "support": 929.0
        }
    },
    "ee": {
        "<": {
            "precision": 0.5888077858880778,
            "recall": 0.4689922480620155,
            "f1-score": 0.5221143473570659,
            "support": 516.0
        },
        ">": {
            "precision": 0.3920265780730897,
            "recall": 0.3959731543624161,
            "f1-score": 0.39398998330550916,
            "support": 298.0
        },
        "=": {
            "precision": 0.14213197969543148,
            "recall": 0.24347826086956523,
            "f1-score": 0.1794871794871795,
            "support": 115.0
        },
        "-": {
            "precision": 0.0,
            "recall": 0.0,
            "f1-score": 0.0,
            "support": 0.0
        },
        "accuracy": 0.4176533907427341,
        "macro avg": {
            "precision": 0.28074158591414977,
            "recall": 0.27711091582349917,
            "f1-score": 0.2738978775374386,
            "support": 929.0
        },
        "weighted avg": {
            "precision": 0.47039172814747415,
            "recall": 0.4176533907427341,
            "f1-score": 0.4386017695396269,
            "support": 929.0
        }
    },
    "se": {
        "<": {
            "precision": 0.850253807106599,
            "recall": 0.46398891966759004,
            "f1-score": 0.600358422939068,
            "support": 722.0
        },
        ">": {
            "precision": 0.3132075471698113,
            "recall": 0.41919191919191917,
            "f1-score": 0.35853131749460043,
            "support": 198.0
        },
        "=": {
            "precision": 0.006289308176100629,
            "recall": 0.1111111111111111,
            "f1-score": 0.011904761904761904,
            "support": 9.0
        },
        "-": {
            "precision": 0.0,
            "recall": 0.0,
            "f1-score": 0.0,
            "support": 0.0
        },
        "accuracy": 0.4510226049515608,
        "macro avg": {
            "precision": 0.29243766561312773,
            "recall": 0.2485729874926551,
            "f1-score": 0.24269862558460759,
            "support": 929.0
        },
        "weighted avg": {
            "precision": 0.7276156586051368,
            "recall": 0.4510226049515608,
            "f1-score": 0.543116388679312,
            "support": 929.0
        }
    },
    "es": {
        "<": {
            "precision": 0.4375,
            "recall": 0.4666666666666667,
            "f1-score": 0.45161290322580644,
            "support": 330.0
        },
        ">": {
            "precision": 0.6948640483383686,
            "recall": 0.38917089678510997,
            "f1-score": 0.49891540130151846,
            "support": 591.0
        },
        "=": {
            "precision": 0.006493506493506494,
            "recall": 0.125,
            "f1-score": 0.012345679012345678,
            "support": 8.0
        },
        "-": {
            "precision": 0.0,
            "recall": 0.0,
            "f1-score": 0.0,
            "support": 0.0
        },
        "accuracy": 0.41442411194833156,
        "macro avg": {
            "precision": 0.2847143887079688,
            "recall": 0.24520939086294416,
            "f1-score": 0.24071849588491767,
            "support": 929.0
        },
        "weighted avg": {
            "precision": 0.5975151782776361,
            "recall": 0.41442411194833156,
            "f1-score": 0.47792252493628884,
            "support": 929.0
        }
    }
}