{
    "<": {
        "precision": 0.7423518164435946,
        "recall": 0.7780561122244489,
        "f1-score": 0.7597847358121331,
        "support": 1996.0
    },
    ">": {
        "precision": 0.7192156862745098,
        "recall": 0.6225390359809911,
        "f1-score": 0.6673944687045124,
        "support": 1473.0
    },
    "=": {
        "precision": 0.2552552552552553,
        "recall": 0.3441295546558704,
        "f1-score": 0.29310344827586204,
        "support": 247.0
    },
    "-": {
        "precision": 0.0,
        "recall": 0.0,
        "f1-score": 0.0,
        "support": 0.0
    },
    "accuracy": 0.68756727664155,
    "macro avg": {
        "precision": 0.4292056894933399,
        "recall": 0.4361811757153276,
        "f1-score": 0.4300706631981269,
        "support": 3716.0
    },
    "weighted avg": {
        "precision": 0.7008038158104994,
        "recall": 0.68756727664155,
        "f1-score": 0.69214180215471,
        "support": 3716.0
    },
    "type": {},
    "ss": {
        "<": {
            "precision": 0.6912751677852349,
            "recall": 0.7219626168224299,
            "f1-score": 0.7062857142857143,
            "support": 428.0
        },
        ">": {
            "precision": 0.7243589743589743,
            "recall": 0.5854922279792746,
            "f1-score": 0.6475644699140402,
            "support": 386.0
        },
        "=": {
            "precision": 0.25882352941176473,
            "recall": 0.3826086956521739,
            "f1-score": 0.3087719298245614,
            "support": 115.0
        },
        "-": {
            "precision": 0.0,
            "recall": 0.0,
            "f1-score": 0.0,
            "support": 0.0
        },
        "accuracy": 0.6232508073196986,
        "macro avg": {
            "precision": 0.41861441788899345,
            "recall": 0.4225158851134696,
            "f1-score": 0.415655528506079,
            "support": 929.0
        },
        "weighted avg": {
            "precision": 0.6514887425156055,
            "recall": 0.6232508073196986,
            "f1-score": 0.6326791636500859,
            "support": 929.0
        }
    },
    "ee": {
        "<": {
            "precision": 0.6917293233082706,
            "recall": 0.7131782945736435,
            "f1-score": 0.7022900763358778,
            "support": 516.0
        },
        ">": {
            "precision": 0.574468085106383,
            "recall": 0.45302013422818793,
            "f1-score": 0.5065666041275797,
            "support": 298.0
        },
        "=": {
            "precision": 0.25308641975308643,
            "recall": 0.3565217391304348,
            "f1-score": 0.296028880866426,
            "support": 115.0
        },
        "-": {
            "precision": 0.0,
            "recall": 0.0,
            "f1-score": 0.0,
            "support": 0.0
        },
        "accuracy": 0.5855758880516685,
        "macro avg": {
            "precision": 0.379820957041935,
            "recall": 0.38068004198306654,
            "f1-score": 0.3762213903324709,
            "support": 929.0
        },
        "weighted avg": {
            "precision": 0.5998156711091224,
            "recall": 0.5855758880516685,
            "f1-score": 0.5892161988363518,
            "support": 929.0
        }
    },
    "se": {
        "<": {
            "precision": 0.8171160609613131,
            "recall": 0.9653739612188366,
            "f1-score": 0.8850793650793651,
            "support": 722.0
        },
        ">": {
            "precision": 0.7142857142857143,
            "recall": 0.25252525252525254,
            "f1-score": 0.373134328358209,
            "support": 198.0
        },
        "=": {
            "precision": 0.0,
            "recall": 0.0,
            "f1-score": 0.0,
            "support": 9.0
        },
        "-": {
            "precision": 0.0,
            "recall": 0.0,
            "f1-score": 0.0,
            "support": 0.0
        },
        "accuracy": 0.8040904198062433,
        "macro avg": {
            "precision": 0.3828504438117568,
            "recall": 0.3044748034360223,
            "f1-score": 0.3145534233593935,
            "support": 929.0
        },
        "weighted avg": {
            "precision": 0.7872834956325505,
            "recall": 0.8040904198062433,
            "f1-score": 0.7673927864394262,
            "support": 929.0
        }
    },
    "es": {
        "<": {
            "precision": 0.6884615384615385,
            "recall": 0.5424242424242425,
            "f1-score": 0.6067796610169491,
            "support": 330.0
        },
        ">": {
            "precision": 0.7689969604863222,
            "recall": 0.856175972927242,
            "f1-score": 0.8102481985588471,
            "support": 591.0
        },
        "=": {
            "precision": 0.0,
            "recall": 0.0,
            "f1-score": 0.0,
            "support": 8.0
        },
        "-": {
            "precision": 0.0,
            "recall": 0.0,
            "f1-score": 0.0,
            "support": 0.0
        },
        "accuracy": 0.7373519913885899,
        "macro avg": {
            "precision": 0.3643646247369652,
            "recall": 0.3496500538378711,
            "f1-score": 0.3542569648939491,
            "support": 929.0
        },
        "weighted avg": {
            "precision": 0.7337669659200474,
            "recall": 0.73735199138859,
            "f1-score": 0.7309945893260192,
            "support": 929.0
        }
    }
}