{
    "<": {
        "precision": 0.6644001942690626,
        "recall": 0.685370741482966,
        "f1-score": 0.6747225647348952,
        "support": 1996.0
    },
    ">": {
        "precision": 0.5714285714285714,
        "recall": 0.47793618465716226,
        "f1-score": 0.5205175600739371,
        "support": 1473.0
    },
    "=": {
        "precision": 0.1976470588235294,
        "recall": 0.340080971659919,
        "f1-score": 0.25,
        "support": 247.0
    },
    "-": {
        "precision": 0.0,
        "recall": 0.0,
        "f1-score": 0.0,
        "support": 0.0
    },
    "accuracy": 0.5801937567276642,
    "macro avg": {
        "precision": 0.35836895613029085,
        "recall": 0.3758469744500118,
        "f1-score": 0.36131003120220806,
        "support": 3716.0
    },
    "weighted avg": {
        "precision": 0.5965220390217295,
        "recall": 0.5801937567276642,
        "f1-score": 0.5853656095801293,
        "support": 3716.0
    },
    "type": {},
    "ss": {
        "<": {
            "precision": 0.5667396061269147,
            "recall": 0.6051401869158879,
            "f1-score": 0.5853107344632769,
            "support": 428.0
        },
        ">": {
            "precision": 0.5179856115107914,
            "recall": 0.37305699481865284,
            "f1-score": 0.43373493975903615,
            "support": 386.0
        },
        "=": {
            "precision": 0.211340206185567,
            "recall": 0.3565217391304348,
            "f1-score": 0.26537216828478966,
            "support": 115.0
        },
        "-": {
            "precision": 0.0,
            "recall": 0.0,
            "f1-score": 0.0,
            "support": 0.0
        },
        "accuracy": 0.47793326157158234,
        "macro avg": {
            "precision": 0.32401635595581824,
            "recall": 0.33367973021624386,
            "f1-score": 0.32110446062677567,
            "support": 929.0
        },
        "weighted avg": {
            "precision": 0.502487751535872,
            "recall": 0.47793326157158234,
            "f1-score": 0.48272602847149754,
            "support": 929.0
        }
    },
    "ee": {
        "<": {
            "precision": 0.6357012750455373,
            "recall": 0.6763565891472868,
            "f1-score": 0.6553990610328638,
            "support": 516.0
        },
        ">": {
            "precision": 0.375,
            "recall": 0.21140939597315436,
            "f1-score": 0.2703862660944206,
            "support": 298.0
        },
        "=": {
            "precision": 0.2028301886792453,
            "recall": 0.3739130434782609,
            "f1-score": 0.26299694189602446,
            "support": 115.0
        },
        "-": {
            "precision": 0.0,
            "recall": 0.0,
            "f1-score": 0.0,
            "support": 0.0
        },
        "accuracy": 0.4897739504843918,
        "macro avg": {
            "precision": 0.3033828659311957,
            "recall": 0.3154197571496755,
            "f1-score": 0.29719556725582724,
            "support": 929.0
        },
        "weighted avg": {
            "precision": 0.49849012876384335,
            "recall": 0.4897739504843918,
            "f1-score": 0.4833214974242604,
            "support": 929.0
        }
    },
    "se": {
        "<": {
            "precision": 0.7842227378190255,
            "recall": 0.9362880886426593,
            "f1-score": 0.8535353535353535,
            "support": 722.0
        },
        ">": {
            "precision": 0.3064516129032258,
            "recall": 0.09595959595959595,
            "f1-score": 0.14615384615384616,
            "support": 198.0
        },
        "=": {
            "precision": 0.0,
            "recall": 0.0,
            "f1-score": 0.0,
            "support": 9.0
        },
        "-": {
            "precision": 0.0,
            "recall": 0.0,
            "f1-score": 0.0,
            "support": 0.0
        },
        "accuracy": 0.7481162540365985,
        "macro avg": {
            "precision": 0.27266858768056285,
            "recall": 0.2580619211505638,
            "f1-score": 0.24992229992229992,
            "support": 929.0
        },
        "weighted avg": {
            "precision": 0.6747968095373251,
            "recall": 0.7481162540365985,
            "f1-score": 0.6945005239946036,
            "support": 929.0
        }
    },
    "es": {
        "<": {
            "precision": 0.4397905759162304,
            "recall": 0.2545454545454545,
            "f1-score": 0.32245681381957775,
            "support": 330.0
        },
        ">": {
            "precision": 0.6602209944751382,
            "recall": 0.8087986463620981,
            "f1-score": 0.7269961977186312,
            "support": 591.0
        },
        "=": {
            "precision": 0.0,
            "recall": 0.0,
            "f1-score": 0.0,
            "support": 8.0
        },
        "-": {
            "precision": 0.0,
            "recall": 0.0,
            "f1-score": 0.0,
            "support": 0.0
        },
        "accuracy": 0.604951560818084,
        "macro avg": {
            "precision": 0.27500289259784216,
            "recall": 0.26583602522688815,
            "f1-score": 0.26236325288455226,
            "support": 929.0
        },
        "weighted avg": {
            "precision": 0.576234120330638,
            "recall": 0.6049515608180839,
            "f1-score": 0.5770349853737047,
            "support": 929.0
        }
    }
}