{
    "<": {
        "precision": 0.7908057851239669,
        "recall": 0.7670340681362725,
        "f1-score": 0.7787385554425229,
        "support": 1996.0
    },
    ">": {
        "precision": 0.6846153846153846,
        "recall": 0.725050916496945,
        "f1-score": 0.7042532146389713,
        "support": 1473.0
    },
    "=": {
        "precision": 0.35,
        "recall": 0.3117408906882591,
        "f1-score": 0.3297644539614561,
        "support": 247.0
    },
    "-": {
        "precision": 0.0,
        "recall": 0.0,
        "f1-score": 0.0,
        "support": 0.0
    },
    "accuracy": 0.7201291711517761,
    "macro avg": {
        "precision": 0.45635529243483786,
        "recall": 0.4509564688303691,
        "f1-score": 0.4531890560107376,
        "support": 3716.0
    },
    "weighted avg": {
        "precision": 0.71941248887134,
        "recall": 0.7201291711517761,
        "f1-score": 0.7193700112903552,
        "support": 3716.0
    },
    "type": {},
    "ss": {
        "<": {
            "precision": 0.7493734335839599,
            "recall": 0.6985981308411215,
            "f1-score": 0.7230955259975816,
            "support": 428.0
        },
        ">": {
            "precision": 0.6585956416464891,
            "recall": 0.7046632124352331,
            "f1-score": 0.6808510638297872,
            "support": 386.0
        },
        "=": {
            "precision": 0.358974358974359,
            "recall": 0.3652173913043478,
            "f1-score": 0.3620689655172414,
            "support": 115.0
        },
        "-": {
            "precision": 0.0,
            "recall": 0.0,
            "f1-score": 0.0,
            "support": 0.0
        },
        "accuracy": 0.6598493003229279,
        "macro avg": {
            "precision": 0.441735858551202,
            "recall": 0.4421196836451756,
            "f1-score": 0.44150388883615255,
            "support": 929.0
        },
        "weighted avg": {
            "precision": 0.6633280931448126,
            "recall": 0.6598493003229279,
            "f1-score": 0.660851804951287,
            "support": 929.0
        }
    },
    "ee": {
        "<": {
            "precision": 0.7621832358674464,
            "recall": 0.7577519379844961,
            "f1-score": 0.7599611273080661,
            "support": 516.0
        },
        ">": {
            "precision": 0.5817610062893082,
            "recall": 0.6208053691275168,
            "f1-score": 0.6006493506493507,
            "support": 298.0
        },
        "=": {
            "precision": 0.35714285714285715,
            "recall": 0.30434782608695654,
            "f1-score": 0.3286384976525822,
            "support": 115.0
        },
        "-": {
            "precision": 0.0,
            "recall": 0.0,
            "f1-score": 0.0,
            "support": 0.0
        },
        "accuracy": 0.6576964477933261,
        "macro avg": {
            "precision": 0.42527177482490297,
            "recall": 0.4207262832997424,
            "f1-score": 0.4223122439024997,
            "support": 929.0
        },
        "weighted avg": {
            "precision": 0.6541687385933743,
            "recall": 0.6576964477933261,
            "f1-score": 0.6554648820393062,
            "support": 929.0
        }
    },
    "se": {
        "<": {
            "precision": 0.8592692828146143,
            "recall": 0.8795013850415513,
            "f1-score": 0.8692676249144422,
            "support": 722.0
        },
        ">": {
            "precision": 0.5372340425531915,
            "recall": 0.51010101010101,
            "f1-score": 0.5233160621761658,
            "support": 198.0
        },
        "=": {
            "precision": 0.0,
            "recall": 0.0,
            "f1-score": 0.0,
            "support": 9.0
        },
        "-": {
            "precision": 0.0,
            "recall": 0.0,
            "f1-score": 0.0,
            "support": 0.0
        },
        "accuracy": 0.7922497308934338,
        "macro avg": {
            "precision": 0.34912583134195146,
            "recall": 0.34740059878564034,
            "f1-score": 0.348145921772652,
            "support": 929.0
        },
        "weighted avg": {
            "precision": 0.7823086788134376,
            "recall": 0.7922497308934338,
            "f1-score": 0.7871128153919356,
            "support": 929.0
        }
    },
    "es": {
        "<": {
            "precision": 0.7228070175438597,
            "recall": 0.6242424242424243,
            "f1-score": 0.6699186991869919,
            "support": 330.0
        },
        ">": {
            "precision": 0.7956318252730109,
            "recall": 0.8629441624365483,
            "f1-score": 0.827922077922078,
            "support": 591.0
        },
        "=": {
            "precision": 0.0,
            "recall": 0.0,
            "f1-score": 0.0,
            "support": 8.0
        },
        "-": {
            "precision": 0.0,
            "recall": 0.0,
            "f1-score": 0.0,
            "support": 0.0
        },
        "accuracy": 0.7707212055974165,
        "macro avg": {
            "precision": 0.3796097107042177,
            "recall": 0.3717966466697431,
            "f1-score": 0.37446019427726746,
            "support": 929.0
        },
        "weighted avg": {
            "precision": 0.7629114365186471,
            "recall": 0.7707212055974165,
            "f1-score": 0.7646664357197582,
            "support": 929.0
        }
    }
}