{
    "<": {
        "precision": 0.7577209797657082,
        "recall": 0.7129258517034068,
        "f1-score": 0.734641197728446,
        "support": 1996.0
    },
    ">": {
        "precision": 0.6538987688098495,
        "recall": 0.6490156143923965,
        "f1-score": 0.6514480408858603,
        "support": 1473.0
    },
    "=": {
        "precision": 0.24043715846994534,
        "recall": 0.3562753036437247,
        "f1-score": 0.28711256117455136,
        "support": 247.0
    },
    "-": {
        "precision": 0.0,
        "recall": 0.0,
        "f1-score": 0.0,
        "support": 0.0
    },
    "accuracy": 0.6638858988159311,
    "macro avg": {
        "precision": 0.4130142267613758,
        "recall": 0.429554192434882,
        "f1-score": 0.4183004499472144,
        "support": 3716.0
    },
    "weighted avg": {
        "precision": 0.6821829763754947,
        "recall": 0.6638858988159311,
        "f1-score": 0.671917006862477,
        "support": 3716.0
    },
    "type": {},
    "ss": {
        "<": {
            "precision": 0.6819338422391857,
            "recall": 0.6261682242990654,
            "f1-score": 0.6528623629719854,
            "support": 428.0
        },
        ">": {
            "precision": 0.6076294277929155,
            "recall": 0.5777202072538861,
            "f1-score": 0.5922974767596282,
            "support": 386.0
        },
        "=": {
            "precision": 0.25443786982248523,
            "recall": 0.3739130434782609,
            "f1-score": 0.3028169014084507,
            "support": 115.0
        },
        "-": {
            "precision": 0.0,
            "recall": 0.0,
            "f1-score": 0.0,
            "support": 0.0
        },
        "accuracy": 0.5748116254036598,
        "macro avg": {
            "precision": 0.38600028496364663,
            "recall": 0.3944503687578031,
            "f1-score": 0.3869941852850161,
            "support": 929.0
        },
        "weighted avg": {
            "precision": 0.5981410103724678,
            "recall": 0.5748116254036598,
            "f1-score": 0.584365835353281,
            "support": 929.0
        }
    },
    "ee": {
        "<": {
            "precision": 0.7370689655172413,
            "recall": 0.6627906976744186,
            "f1-score": 0.6979591836734694,
            "support": 516.0
        },
        ">": {
            "precision": 0.5551470588235294,
            "recall": 0.5067114093959731,
            "f1-score": 0.5298245614035088,
            "support": 298.0
        },
        "=": {
            "precision": 0.22797927461139897,
            "recall": 0.3826086956521739,
            "f1-score": 0.2857142857142857,
            "support": 115.0
        },
        "-": {
            "precision": 0.0,
            "recall": 0.0,
            "f1-score": 0.0,
            "support": 0.0
        },
        "accuracy": 0.5780409041980624,
        "macro avg": {
            "precision": 0.3800488247380424,
            "recall": 0.3880277006806414,
            "f1-score": 0.378374507697816,
            "support": 929.0
        },
        "weighted avg": {
            "precision": 0.6156932468424318,
            "recall": 0.5780409041980624,
            "f1-score": 0.5929944035854668,
            "support": 929.0
        }
    },
    "se": {
        "<": {
            "precision": 0.83,
            "recall": 0.9196675900277008,
            "f1-score": 0.8725361366622865,
            "support": 722.0
        },
        ">": {
            "precision": 0.5447154471544715,
            "recall": 0.3383838383838384,
            "f1-score": 0.4174454828660436,
            "support": 198.0
        },
        "=": {
            "precision": 0.5,
            "recall": 0.1111111111111111,
            "f1-score": 0.18181818181818182,
            "support": 9.0
        },
        "-": {
            "precision": 0.0,
            "recall": 0.0,
            "f1-score": 0.0,
            "support": 0.0
        },
        "accuracy": 0.7879440258342304,
        "macro avg": {
            "precision": 0.46867886178861784,
            "recall": 0.3422906348806626,
            "f1-score": 0.367949950336628,
            "support": 929.0
        },
        "weighted avg": {
            "precision": 0.7659996324398121,
            "recall": 0.7879440258342304,
            "f1-score": 0.768850010671702,
            "support": 929.0
        }
    },
    "es": {
        "<": {
            "precision": 0.6742081447963801,
            "recall": 0.45151515151515154,
            "f1-score": 0.5408348457350273,
            "support": 330.0
        },
        ">": {
            "precision": 0.7357142857142858,
            "recall": 0.871404399323181,
            "f1-score": 0.7978311386522076,
            "support": 591.0
        },
        "=": {
            "precision": 0.0,
            "recall": 0.0,
            "f1-score": 0.0,
            "support": 8.0
        },
        "-": {
            "precision": 0.0,
            "recall": 0.0,
            "f1-score": 0.0,
            "support": 0.0
        },
        "accuracy": 0.7147470398277718,
        "macro avg": {
            "precision": 0.3524806076276665,
            "recall": 0.3307298877095831,
            "f1-score": 0.3346664960968087,
            "support": 929.0
        },
        "weighted avg": {
            "precision": 0.707530495844939,
            "recall": 0.7147470398277718,
            "f1-score": 0.6996702928267101,
            "support": 929.0
        }
    }
}