{
    "<": {
        "precision": 0.7613219094247246,
        "recall": 0.6232464929859719,
        "f1-score": 0.6853994490358126,
        "support": 1996.0
    },
    ">": {
        "precision": 0.5992647058823529,
        "recall": 0.6639511201629328,
        "f1-score": 0.629951690821256,
        "support": 1473.0
    },
    "=": {
        "precision": 0.18303571428571427,
        "recall": 0.3319838056680162,
        "f1-score": 0.23597122302158274,
        "support": 247.0
    },
    "-": {
        "precision": 0.0,
        "recall": 0.0,
        "f1-score": 0.0,
        "support": 0.0
    },
    "accuracy": 0.620021528525296,
    "macro avg": {
        "precision": 0.3859055823981979,
        "recall": 0.4047953547042302,
        "f1-score": 0.38783059071966286,
        "support": 3716.0
    },
    "weighted avg": {
        "precision": 0.6586451195923111,
        "recall": 0.620021528525296,
        "f1-score": 0.6335471025138651,
        "support": 3716.0
    },
    "type": {},
    "ss": {
        "<": {
            "precision": 0.7071651090342679,
            "recall": 0.530373831775701,
            "f1-score": 0.6061415220293725,
            "support": 428.0
        },
        ">": {
            "precision": 0.5758354755784062,
            "recall": 0.5803108808290155,
            "f1-score": 0.5780645161290323,
            "support": 386.0
        },
        "=": {
            "precision": 0.182648401826484,
            "recall": 0.34782608695652173,
            "f1-score": 0.23952095808383234,
            "support": 115.0
        },
        "-": {
            "precision": 0.0,
            "recall": 0.0,
            "f1-score": 0.0,
            "support": 0.0
        },
        "accuracy": 0.5285252960172229,
        "macro avg": {
            "precision": 0.36641224660978955,
            "recall": 0.3646276998903096,
            "f1-score": 0.35593174906055935,
            "support": 929.0
        },
        "weighted avg": {
            "precision": 0.587668166254012,
            "recall": 0.5285252960172229,
            "f1-score": 0.5490919104779534,
            "support": 929.0
        }
    },
    "ee": {
        "<": {
            "precision": 0.7236180904522613,
            "recall": 0.5581395348837209,
            "f1-score": 0.6301969365426696,
            "support": 516.0
        },
        ">": {
            "precision": 0.48859934853420195,
            "recall": 0.5033557046979866,
            "f1-score": 0.49586776859504134,
            "support": 298.0
        },
        "=": {
            "precision": 0.1875,
            "recall": 0.3652173913043478,
            "f1-score": 0.24778761061946902,
            "support": 115.0
        },
        "-": {
            "precision": 0.0,
            "recall": 0.0,
            "f1-score": 0.0,
            "support": 0.0
        },
        "accuracy": 0.5166846071044133,
        "macro avg": {
            "precision": 0.3499293597466158,
            "recall": 0.3566781577215139,
            "f1-score": 0.34346307893929495,
            "support": 929.0
        },
        "weighted avg": {
            "precision": 0.5818644139252519,
            "recall": 0.5166846071044133,
            "f1-score": 0.5397694182116026,
            "support": 929.0
        }
    },
    "se": {
        "<": {
            "precision": 0.8331090174966352,
            "recall": 0.8573407202216067,
            "f1-score": 0.8450511945392492,
            "support": 722.0
        },
        ">": {
            "precision": 0.43169398907103823,
            "recall": 0.398989898989899,
            "f1-score": 0.4146981627296588,
            "support": 198.0
        },
        "=": {
            "precision": 0.0,
            "recall": 0.0,
            "f1-score": 0.0,
            "support": 9.0
        },
        "-": {
            "precision": 0.0,
            "recall": 0.0,
            "f1-score": 0.0,
            "support": 0.0
        },
        "accuracy": 0.751345532831001,
        "macro avg": {
            "precision": 0.31620075164191835,
            "recall": 0.31408265480287645,
            "f1-score": 0.314937339317227,
            "support": 929.0
        },
        "weighted avg": {
            "precision": 0.7394834450684996,
            "recall": 0.751345532831001,
            "f1-score": 0.7451423021289669,
            "support": 929.0
        }
    },
    "es": {
        "<": {
            "precision": 0.6395348837209303,
            "recall": 0.3333333333333333,
            "f1-score": 0.43824701195219123,
            "support": 330.0
        },
        ">": {
            "precision": 0.6972111553784861,
            "recall": 0.8883248730964467,
            "f1-score": 0.78125,
            "support": 591.0
        },
        "=": {
            "precision": 0.0,
            "recall": 0.0,
            "f1-score": 0.0,
            "support": 8.0
        },
        "-": {
            "precision": 0.0,
            "recall": 0.0,
            "f1-score": 0.0,
            "support": 0.0
        },
        "accuracy": 0.6835306781485468,
        "macro avg": {
            "precision": 0.3341865097748541,
            "recall": 0.305414551607445,
            "f1-score": 0.3048742529880478,
            "support": 929.0
        },
        "weighted avg": {
            "precision": 0.6707193804699594,
            "recall": 0.6835306781485468,
            "f1-score": 0.6526805855158484,
            "support": 929.0
        }
    }
}