{
    "<": {
        "precision": 0.7484524479459763,
        "recall": 0.6663326653306614,
        "f1-score": 0.7050092764378478,
        "support": 1996.0
    },
    ">": {
        "precision": 0.6153846153846154,
        "recall": 0.6625933469110659,
        "f1-score": 0.638117031709709,
        "support": 1473.0
    },
    "=": {
        "precision": 0.245014245014245,
        "recall": 0.3481781376518219,
        "f1-score": 0.28762541806020064,
        "support": 247.0
    },
    "-": {
        "precision": 0.0,
        "recall": 0.0,
        "f1-score": 0.0,
        "support": 0.0
    },
    "accuracy": 0.643702906350915,
    "macro avg": {
        "precision": 0.40221282708620915,
        "recall": 0.41927603747338726,
        "f1-score": 0.4076879315519394,
        "support": 3716.0
    },
    "weighted avg": {
        "precision": 0.6622419653068423,
        "recall": 0.643702906350915,
        "f1-score": 0.6507503718350957,
        "support": 3716.0
    },
    "type": {},
    "ss": {
        "<": {
            "precision": 0.71671388101983,
            "recall": 0.5911214953271028,
            "f1-score": 0.647887323943662,
            "support": 428.0
        },
        ">": {
            "precision": 0.6052009456264775,
            "recall": 0.6632124352331606,
            "f1-score": 0.6328800988875154,
            "support": 386.0
        },
        "=": {
            "precision": 0.26143790849673204,
            "recall": 0.34782608695652173,
            "f1-score": 0.29850746268656714,
            "support": 115.0
        },
        "-": {
            "precision": 0.0,
            "recall": 0.0,
            "f1-score": 0.0,
            "support": 0.0
        },
        "accuracy": 0.5909580193756727,
        "macro avg": {
            "precision": 0.39583818378575986,
            "recall": 0.4005400043791963,
            "f1-score": 0.39481872137943613,
            "support": 929.0
        },
        "weighted avg": {
            "precision": 0.6140220296721547,
            "recall": 0.5909580193756727,
            "f1-score": 0.5984024230650414,
            "support": 929.0
        }
    },
    "ee": {
        "<": {
            "precision": 0.7113636363636363,
            "recall": 0.6065891472868217,
            "f1-score": 0.6548117154811716,
            "support": 516.0
        },
        ">": {
            "precision": 0.5,
            "recall": 0.4899328859060403,
            "f1-score": 0.49491525423728816,
            "support": 298.0
        },
        "=": {
            "precision": 0.233502538071066,
            "recall": 0.4,
            "f1-score": 0.2948717948717949,
            "support": 115.0
        },
        "-": {
            "precision": 0.0,
            "recall": 0.0,
            "f1-score": 0.0,
            "support": 0.0
        },
        "accuracy": 0.5435952637244349,
        "macro avg": {
            "precision": 0.3612165436086756,
            "recall": 0.3741305082982155,
            "f1-score": 0.3611496911475637,
            "support": 929.0
        },
        "weighted avg": {
            "precision": 0.5844095029513552,
            "recall": 0.5435952637244349,
            "f1-score": 0.558964313628905,
            "support": 929.0
        }
    },
    "se": {
        "<": {
            "precision": 0.8328912466843501,
            "recall": 0.8698060941828255,
            "f1-score": 0.8509485094850948,
            "support": 722.0
        },
        ">": {
            "precision": 0.44508670520231214,
            "recall": 0.3888888888888889,
            "f1-score": 0.41509433962264153,
            "support": 198.0
        },
        "=": {
            "precision": 0.0,
            "recall": 0.0,
            "f1-score": 0.0,
            "support": 9.0
        },
        "-": {
            "precision": 0.0,
            "recall": 0.0,
            "f1-score": 0.0,
            "support": 0.0
        },
        "accuracy": 0.7588805166846071,
        "macro avg": {
            "precision": 0.3194944879716656,
            "recall": 0.3146737457679286,
            "f1-score": 0.31651071227693406,
            "support": 929.0
        },
        "weighted avg": {
            "precision": 0.7421686197375227,
            "recall": 0.7588805166846071,
            "f1-score": 0.7498100140942106,
            "support": 929.0
        }
    },
    "es": {
        "<": {
            "precision": 0.591304347826087,
            "recall": 0.4121212121212121,
            "f1-score": 0.4857142857142857,
            "support": 330.0
        },
        ">": {
            "precision": 0.7120343839541547,
            "recall": 0.8409475465313029,
            "f1-score": 0.7711404189294027,
            "support": 591.0
        },
        "=": {
            "precision": 0.0,
            "recall": 0.0,
            "f1-score": 0.0,
            "support": 8.0
        },
        "-": {
            "precision": 0.0,
            "recall": 0.0,
            "f1-score": 0.0,
            "support": 0.0
        },
        "accuracy": 0.6813778256189451,
        "macro avg": {
            "precision": 0.32583468294506046,
            "recall": 0.3132671896631287,
            "f1-score": 0.3142136761609221,
            "support": 929.0
        },
        "weighted avg": {
            "precision": 0.6630169598487773,
            "recall": 0.6813778256189451,
            "f1-score": 0.663110550993532,
            "support": 929.0
        }
    }
}