{
    "<": {
        "precision": 0.744559585492228,
        "recall": 0.719939879759519,
        "f1-score": 0.7320427916454406,
        "support": 1996.0
    },
    ">": {
        "precision": 0.6502770083102493,
        "recall": 0.6374745417515275,
        "f1-score": 0.6438121357559136,
        "support": 1473.0
    },
    "=": {
        "precision": 0.21929824561403508,
        "recall": 0.30364372469635625,
        "f1-score": 0.2546689303904924,
        "support": 247.0
    },
    "-": {
        "precision": 0.0,
        "recall": 0.0,
        "f1-score": 0.0,
        "support": 0.0
    },
    "accuracy": 0.6595801937567277,
    "macro avg": {
        "precision": 0.40353370985412806,
        "recall": 0.4152645365518507,
        "f1-score": 0.40763096444796165,
        "support": 3716.0
    },
    "weighted avg": {
        "precision": 0.6722727751749599,
        "recall": 0.6595801937567277,
        "f1-score": 0.66533797467686,
        "support": 3716.0
    },
    "type": {},
    "ss": {
        "<": {
            "precision": 0.6683804627249358,
            "recall": 0.6074766355140186,
            "f1-score": 0.6364749082007344,
            "support": 428.0
        },
        ">": {
            "precision": 0.6055276381909548,
            "recall": 0.6243523316062176,
            "f1-score": 0.6147959183673469,
            "support": 386.0
        },
        "=": {
            "precision": 0.21830985915492956,
            "recall": 0.26956521739130435,
            "f1-score": 0.24124513618677043,
            "support": 115.0
        },
        "-": {
            "precision": 0.0,
            "recall": 0.0,
            "f1-score": 0.0,
            "support": 0.0
        },
        "accuracy": 0.5726587728740581,
        "macro avg": {
            "precision": 0.373054490017705,
            "recall": 0.37534854612788515,
            "f1-score": 0.37312899068871297,
            "support": 929.0
        },
        "weighted avg": {
            "precision": 0.586551281152635,
            "recall": 0.5726587728740581,
            "f1-score": 0.5785421699259299,
            "support": 929.0
        }
    },
    "ee": {
        "<": {
            "precision": 0.708171206225681,
            "recall": 0.7054263565891473,
            "f1-score": 0.7067961165048544,
            "support": 516.0
        },
        ">": {
            "precision": 0.5466666666666666,
            "recall": 0.412751677852349,
            "f1-score": 0.47036328871892924,
            "support": 298.0
        },
        "=": {
            "precision": 0.23157894736842105,
            "recall": 0.3826086956521739,
            "f1-score": 0.28852459016393445,
            "support": 115.0
        },
        "-": {
            "precision": 0.0,
            "recall": 0.0,
            "f1-score": 0.0,
            "support": 0.0
        },
        "accuracy": 0.5715823466092572,
        "macro avg": {
            "precision": 0.37160420506519215,
            "recall": 0.37519668252341754,
            "f1-score": 0.3664209988469295,
            "support": 929.0
        },
        "weighted avg": {
            "precision": 0.5973676943234515,
            "recall": 0.5715823466092572,
            "f1-score": 0.5791769472805147,
            "support": 929.0
        }
    },
    "se": {
        "<": {
            "precision": 0.8285714285714286,
            "recall": 0.9238227146814404,
            "f1-score": 0.8736083824492469,
            "support": 722.0
        },
        ">": {
            "precision": 0.5338983050847458,
            "recall": 0.3181818181818182,
            "f1-score": 0.3987341772151899,
            "support": 198.0
        },
        "=": {
            "precision": 0.0,
            "recall": 0.0,
            "f1-score": 0.0,
            "support": 9.0
        },
        "-": {
            "precision": 0.0,
            "recall": 0.0,
            "f1-score": 0.0,
            "support": 0.0
        },
        "accuracy": 0.7857911733046287,
        "macro avg": {
            "precision": 0.3406174334140436,
            "recall": 0.31050113321581463,
            "f1-score": 0.31808563991610916,
            "support": 929.0
        },
        "weighted avg": {
            "precision": 0.7577399739885373,
            "recall": 0.7857911733046287,
            "f1-score": 0.7639339281129858,
            "support": 929.0
        }
    },
    "es": {
        "<": {
            "precision": 0.6576576576576577,
            "recall": 0.44242424242424244,
            "f1-score": 0.5289855072463768,
            "support": 330.0
        },
        ">": {
            "precision": 0.7283072546230441,
            "recall": 0.8663282571912013,
            "f1-score": 0.7913446676970634,
            "support": 591.0
        },
        "=": {
            "precision": 0.0,
            "recall": 0.0,
            "f1-score": 0.0,
            "support": 8.0
        },
        "-": {
            "precision": 0.0,
            "recall": 0.0,
            "f1-score": 0.0,
            "support": 0.0
        },
        "accuracy": 0.7082884822389667,
        "macro avg": {
            "precision": 0.34649122807017546,
            "recall": 0.32718812490386096,
            "f1-score": 0.33008254373586005,
            "support": 929.0
        },
        "weighted avg": {
            "precision": 0.6969393051767987,
            "recall": 0.7082884822389667,
            "f1-score": 0.6913346781488361,
            "support": 929.0
        }
    }
}