{
    "accuracy": 0.585635359116022,
    "precision": 0.19521178637200734,
    "recall": 0.3333333333333333,
    "f1-score": 0.2462253193960511,
    "confidence": {
        "accuracy": {
            "lower": 0.5497237569060773,
            "upper": 0.6243093922651933
        },
        "precision": {
            "lower": 0.1832412523020258,
            "upper": 0.20810313075506445
        },
        "recall": {
            "lower": 0.3333333333333333,
            "upper": 0.3333333333333333
        },
        "f1-score": {
            "lower": 0.23648247177658943,
            "upper": 0.25623582766439906
        }
    },
    "per_label": {
        "<": {
            "precision": 0.585635359116022,
            "recall": 1.0,
            "f1-score": 0.7386759581881533,
            "support": 424.0
        },
        ">": {
            "precision": 0.0,
            "recall": 0.0,
            "f1-score": 0.0,
            "support": 269.0
        },
        "=": {
            "precision": 0.0,
            "recall": 0.0,
            "f1-score": 0.0,
            "support": 31.0
        }
    },
    "pre_type": {
        "ss": {
            "accuracy": 0.585635359116022,
            "precision": 0.19521178637200734,
            "recall": 0.3333333333333333,
            "f1-score": 0.2462253193960511,
            "support": 724,
            "confidence": {
                "accuracy": {
                    "lower": 0.5497237569060773,
                    "upper": 0.6215469613259669
                },
                "precision": {
                    "lower": 0.1832412523020258,
                    "upper": 0.20718232044198895
                },
                "recall": {
                    "lower": 0.3333333333333333,
                    "upper": 0.3333333333333333
                },
                "f1-score": {
                    "lower": 0.23648247177658943,
                    "upper": 0.25553662691652473
                }
            }
        }
    }
}