{
    "accuracy": 0.3397790055248619,
    "precision": 0.3364421506970938,
    "recall": 0.3410794810472275,
    "f1-score": 0.2876340178876411,
    "confidence": {
        "accuracy": {
            "lower": 0.3052486187845304,
            "upper": 0.3743093922651934
        },
        "precision": {
            "lower": 0.3064503355726422,
            "upper": 0.3671505728670699
        },
        "recall": {
            "lower": 0.2801142234105011,
            "upper": 0.4077690149086486
        },
        "f1-score": {
            "lower": 0.256890724984179,
            "upper": 0.3176052512085428
        }
    },
    "per_label": {
        "<": {
            "precision": 0.6088709677419355,
            "recall": 0.3561320754716981,
            "f1-score": 0.4494047619047619,
            "support": 424.0
        },
        ">": {
            "precision": 0.35443037974683544,
            "recall": 0.31226765799256506,
            "f1-score": 0.33201581027667987,
            "support": 269.0
        },
        "=": {
            "precision": 0.04602510460251046,
            "recall": 0.3548387096774194,
            "f1-score": 0.08148148148148149,
            "support": 31.0
        }
    },
    "pre_type": {
        "ss": {
            "accuracy": 0.3397790055248619,
            "precision": 0.3364421506970938,
            "recall": 0.3410794810472275,
            "f1-score": 0.2876340178876411,
            "support": 724,
            "confidence": {
                "accuracy": {
                    "lower": 0.3093577348066298,
                    "upper": 0.3743093922651934
                },
                "precision": {
                    "lower": 0.3083444419860021,
                    "upper": 0.36729332355443567
                },
                "recall": {
                    "lower": 0.2797824664211838,
                    "upper": 0.4045462573284963
                },
                "f1-score": {
                    "lower": 0.25901221031117144,
                    "upper": 0.31662089922475867
                }
            }
        }
    }
}