{
    "<": {
        "precision": 0.6210526315789474,
        "recall": 0.5566037735849056,
        "f1-score": 0.5870646766169154,
        "support": 424.0
    },
    ">": {
        "precision": 0.5203252032520326,
        "recall": 0.4758364312267658,
        "f1-score": 0.4970873786407767,
        "support": 269.0
    },
    "=": {
        "precision": 0.05687203791469194,
        "recall": 0.3870967741935484,
        "f1-score": 0.09917355371900827,
        "support": 31.0
    },
    "-": {
        "precision": 0.0,
        "recall": 0.0,
        "f1-score": 0.0,
        "support": 113.0
    },
    "accuracy": 0.44922341696535245,
    "macro avg": {
        "precision": 0.29956246818641796,
        "recall": 0.354884244751305,
        "f1-score": 0.29583140224417515,
        "support": 837.0
    },
    "weighted avg": {
        "precision": 0.48393886336872877,
        "recall": 0.44922341696535245,
        "f1-score": 0.4608199616549944,
        "support": 837.0
    },
    "confidence": {
        "accuracy": {
            "lower": 0.4145758661887694,
            "upper": 0.4850657108721625
        },
        "macro avg": {
            "precision": {
                "lower": 0.2790766767235223,
                "upper": 0.3210030181719127
            },
            "recall": {
                "lower": 0.3089919322055053,
                "upper": 0.4012522754717939
            },
            "f1-score": {
                "lower": 0.272623129386991,
                "upper": 0.31891239051072146
            }
        },
        "weighted avg": {
            "precision": {
                "lower": 0.4420450963979717,
                "upper": 0.5290774261503199
            },
            "recall": {
                "lower": 0.4145758661887694,
                "upper": 0.4850657108721625
            },
            "f1-score": {
                "lower": 0.42429918180552567,
                "upper": 0.49811955904956967
            }
        }
    },
    "type": {},
    "ss": {
        "<": {
            "precision": 0.6210526315789474,
            "recall": 0.5566037735849056,
            "f1-score": 0.5870646766169154,
            "support": 424.0
        },
        ">": {
            "precision": 0.5203252032520326,
            "recall": 0.4758364312267658,
            "f1-score": 0.4970873786407767,
            "support": 269.0
        },
        "=": {
            "precision": 0.05687203791469194,
            "recall": 0.3870967741935484,
            "f1-score": 0.09917355371900827,
            "support": 31.0
        },
        "-": {
            "precision": 0.0,
            "recall": 0.0,
            "f1-score": 0.0,
            "support": 113.0
        },
        "accuracy": 0.44922341696535245,
        "macro avg": {
            "precision": 0.29956246818641796,
            "recall": 0.354884244751305,
            "f1-score": 0.29583140224417515,
            "support": 837.0
        },
        "weighted avg": {
            "precision": 0.48393886336872877,
            "recall": 0.44922341696535245,
            "f1-score": 0.4608199616549944,
            "support": 837.0
        }
    },
    "ee": {
        "<": {
            "precision": 0.0,
            "recall": 0.0,
            "f1-score": 0.0,
            "support": 0.0
        },
        ">": {
            "precision": 0.0,
            "recall": 0.0,
            "f1-score": 0.0,
            "support": 0.0
        },
        "=": {
            "precision": 0.0,
            "recall": 0.0,
            "f1-score": 0.0,
            "support": 0.0
        },
        "-": {
            "precision": 0.0,
            "recall": 0.0,
            "f1-score": 0.0,
            "support": 0.0
        },
        "accuracy": 0.0,
        "macro avg": {
            "precision": 0.0,
            "recall": 0.0,
            "f1-score": 0.0,
            "support": 0.0
        },
        "weighted avg": {
            "precision": 0.0,
            "recall": 0.0,
            "f1-score": 0.0,
            "support": 0.0
        }
    },
    "se": {
        "<": {
            "precision": 0.0,
            "recall": 0.0,
            "f1-score": 0.0,
            "support": 0.0
        },
        ">": {
            "precision": 0.0,
            "recall": 0.0,
            "f1-score": 0.0,
            "support": 0.0
        },
        "=": {
            "precision": 0.0,
            "recall": 0.0,
            "f1-score": 0.0,
            "support": 0.0
        },
        "-": {
            "precision": 0.0,
            "recall": 0.0,
            "f1-score": 0.0,
            "support": 0.0
        },
        "accuracy": 0.0,
        "macro avg": {
            "precision": 0.0,
            "recall": 0.0,
            "f1-score": 0.0,
            "support": 0.0
        },
        "weighted avg": {
            "precision": 0.0,
            "recall": 0.0,
            "f1-score": 0.0,
            "support": 0.0
        }
    },
    "es": {
        "<": {
            "precision": 0.0,
            "recall": 0.0,
            "f1-score": 0.0,
            "support": 0.0
        },
        ">": {
            "precision": 0.0,
            "recall": 0.0,
            "f1-score": 0.0,
            "support": 0.0
        },
        "=": {
            "precision": 0.0,
            "recall": 0.0,
            "f1-score": 0.0,
            "support": 0.0
        },
        "-": {
            "precision": 0.0,
            "recall": 0.0,
            "f1-score": 0.0,
            "support": 0.0
        },
        "accuracy": 0.0,
        "macro avg": {
            "precision": 0.0,
            "recall": 0.0,
            "f1-score": 0.0,
            "support": 0.0
        },
        "weighted avg": {
            "precision": 0.0,
            "recall": 0.0,
            "f1-score": 0.0,
            "support": 0.0
        }
    }
}