{
    "<": {
        "precision": 0.5762331838565022,
        "recall": 0.6061320754716981,
        "f1-score": 0.5908045977011495,
        "support": 424.0
    },
    ">": {
        "precision": 0.6082474226804123,
        "recall": 0.21933085501858737,
        "f1-score": 0.3224043715846995,
        "support": 269.0
    },
    "=": {
        "precision": 0.04436860068259386,
        "recall": 0.41935483870967744,
        "f1-score": 0.08024691358024691,
        "support": 31.0
    },
    "-": {
        "precision": 0.0,
        "recall": 0.0,
        "f1-score": 0.0,
        "support": 113.0
    },
    "accuracy": 0.3930704898446834,
    "macro avg": {
        "precision": 0.30721230180487713,
        "recall": 0.3112044422999907,
        "f1-score": 0.24836397071652397,
        "support": 837.0
    },
    "weighted avg": {
        "precision": 0.48902849853924524,
        "recall": 0.3930704898446834,
        "f1-score": 0.40587285508071586,
        "support": 837.0
    },
    "type": {},
    "ss": {
        "<": {
            "precision": 0.5762331838565022,
            "recall": 0.6061320754716981,
            "f1-score": 0.5908045977011495,
            "support": 424.0
        },
        ">": {
            "precision": 0.6082474226804123,
            "recall": 0.21933085501858737,
            "f1-score": 0.3224043715846995,
            "support": 269.0
        },
        "=": {
            "precision": 0.04436860068259386,
            "recall": 0.41935483870967744,
            "f1-score": 0.08024691358024691,
            "support": 31.0
        },
        "-": {
            "precision": 0.0,
            "recall": 0.0,
            "f1-score": 0.0,
            "support": 113.0
        },
        "accuracy": 0.3930704898446834,
        "macro avg": {
            "precision": 0.30721230180487713,
            "recall": 0.3112044422999907,
            "f1-score": 0.24836397071652397,
            "support": 837.0
        },
        "weighted avg": {
            "precision": 0.48902849853924524,
            "recall": 0.3930704898446834,
            "f1-score": 0.40587285508071586,
            "support": 837.0
        }
    },
    "ee": {
        "<": {
            "precision": 0.0,
            "recall": 0.0,
            "f1-score": 0.0,
            "support": 0.0
        },
        ">": {
            "precision": 0.0,
            "recall": 0.0,
            "f1-score": 0.0,
            "support": 0.0
        },
        "=": {
            "precision": 0.0,
            "recall": 0.0,
            "f1-score": 0.0,
            "support": 0.0
        },
        "-": {
            "precision": 0.0,
            "recall": 0.0,
            "f1-score": 0.0,
            "support": 0.0
        },
        "accuracy": 0.0,
        "macro avg": {
            "precision": 0.0,
            "recall": 0.0,
            "f1-score": 0.0,
            "support": 0.0
        },
        "weighted avg": {
            "precision": 0.0,
            "recall": 0.0,
            "f1-score": 0.0,
            "support": 0.0
        }
    },
    "se": {
        "<": {
            "precision": 0.0,
            "recall": 0.0,
            "f1-score": 0.0,
            "support": 0.0
        },
        ">": {
            "precision": 0.0,
            "recall": 0.0,
            "f1-score": 0.0,
            "support": 0.0
        },
        "=": {
            "precision": 0.0,
            "recall": 0.0,
            "f1-score": 0.0,
            "support": 0.0
        },
        "-": {
            "precision": 0.0,
            "recall": 0.0,
            "f1-score": 0.0,
            "support": 0.0
        },
        "accuracy": 0.0,
        "macro avg": {
            "precision": 0.0,
            "recall": 0.0,
            "f1-score": 0.0,
            "support": 0.0
        },
        "weighted avg": {
            "precision": 0.0,
            "recall": 0.0,
            "f1-score": 0.0,
            "support": 0.0
        }
    },
    "es": {
        "<": {
            "precision": 0.0,
            "recall": 0.0,
            "f1-score": 0.0,
            "support": 0.0
        },
        ">": {
            "precision": 0.0,
            "recall": 0.0,
            "f1-score": 0.0,
            "support": 0.0
        },
        "=": {
            "precision": 0.0,
            "recall": 0.0,
            "f1-score": 0.0,
            "support": 0.0
        },
        "-": {
            "precision": 0.0,
            "recall": 0.0,
            "f1-score": 0.0,
            "support": 0.0
        },
        "accuracy": 0.0,
        "macro avg": {
            "precision": 0.0,
            "recall": 0.0,
            "f1-score": 0.0,
            "support": 0.0
        },
        "weighted avg": {
            "precision": 0.0,
            "recall": 0.0,
            "f1-score": 0.0,
            "support": 0.0
        }
    }
}