{
    "accuracy": 0.6850828729281768,
    "precision": 0.551871137056041,
    "recall": 0.5339931110995467,
    "f1-score": 0.527491309353884,
    "confidence": {
        "accuracy": {
            "lower": 0.6519337016574586,
            "upper": 0.7196132596685083
        },
        "precision": {
            "lower": 0.5264210697798803,
            "upper": 0.576947598387191
        },
        "recall": {
            "lower": 0.4802977359633034,
            "upper": 0.5892819511147509
        },
        "f1-score": {
            "lower": 0.49586653015546267,
            "upper": 0.5575471361642826
        }
    },
    "per_label": {
        "<": {
            "precision": 0.8042328042328042,
            "recall": 0.7169811320754716,
            "f1-score": 0.7581047381546134,
            "support": 424.0
        },
        ">": {
            "precision": 0.7982832618025751,
            "recall": 0.6914498141263941,
            "f1-score": 0.7410358565737052,
            "support": 269.0
        },
        "=": {
            "precision": 0.05309734513274336,
            "recall": 0.1935483870967742,
            "f1-score": 0.08333333333333333,
            "support": 31.0
        }
    },
    "pre_type": {
        "ss": {
            "accuracy": 0.6850828729281768,
            "precision": 0.551871137056041,
            "recall": 0.5339931110995467,
            "f1-score": 0.527491309353884,
            "support": 724,
            "confidence": {
                "accuracy": {
                    "lower": 0.6491367403314917,
                    "upper": 0.7168508287292817
                },
                "precision": {
                    "lower": 0.5247786931140085,
                    "upper": 0.5765331457453966
                },
                "recall": {
                    "lower": 0.484127615151156,
                    "upper": 0.5860229959059035
                },
                "f1-score": {
                    "lower": 0.4970926679218614,
                    "upper": 0.5568801742626719
                }
            }
        }
    }
}