{
    "<": {
        "precision": 0.47761194029850745,
        "recall": 0.4528301886792453,
        "f1-score": 0.4648910411622276,
        "support": 424.0
    },
    ">": {
        "precision": 0.2773109243697479,
        "recall": 0.12267657992565056,
        "f1-score": 0.17010309278350516,
        "support": 269.0
    },
    "=": {
        "precision": 0.05379746835443038,
        "recall": 0.5483870967741935,
        "f1-score": 0.09798270893371758,
        "support": 31.0
    },
    "-": {
        "precision": 0.0,
        "recall": 0.0,
        "f1-score": 0.0,
        "support": 113.0
    },
    "accuracy": 0.2891278375149343,
    "macro avg": {
        "precision": 0.2021800832556714,
        "recall": 0.2809734663447723,
        "f1-score": 0.18324421071986258,
        "support": 837.0
    },
    "weighted avg": {
        "precision": 0.3330607202640582,
        "recall": 0.2891278375149343,
        "f1-score": 0.29379808529091117,
        "support": 837.0
    },
    "type": {},
    "ss": {
        "<": {
            "precision": 0.47761194029850745,
            "recall": 0.4528301886792453,
            "f1-score": 0.4648910411622276,
            "support": 424.0
        },
        ">": {
            "precision": 0.2773109243697479,
            "recall": 0.12267657992565056,
            "f1-score": 0.17010309278350516,
            "support": 269.0
        },
        "=": {
            "precision": 0.05379746835443038,
            "recall": 0.5483870967741935,
            "f1-score": 0.09798270893371758,
            "support": 31.0
        },
        "-": {
            "precision": 0.0,
            "recall": 0.0,
            "f1-score": 0.0,
            "support": 113.0
        },
        "accuracy": 0.2891278375149343,
        "macro avg": {
            "precision": 0.2021800832556714,
            "recall": 0.2809734663447723,
            "f1-score": 0.18324421071986258,
            "support": 837.0
        },
        "weighted avg": {
            "precision": 0.3330607202640582,
            "recall": 0.2891278375149343,
            "f1-score": 0.29379808529091117,
            "support": 837.0
        }
    },
    "ee": {
        "<": {
            "precision": 0.0,
            "recall": 0.0,
            "f1-score": 0.0,
            "support": 0.0
        },
        ">": {
            "precision": 0.0,
            "recall": 0.0,
            "f1-score": 0.0,
            "support": 0.0
        },
        "=": {
            "precision": 0.0,
            "recall": 0.0,
            "f1-score": 0.0,
            "support": 0.0
        },
        "-": {
            "precision": 0.0,
            "recall": 0.0,
            "f1-score": 0.0,
            "support": 0.0
        },
        "accuracy": 0.0,
        "macro avg": {
            "precision": 0.0,
            "recall": 0.0,
            "f1-score": 0.0,
            "support": 0.0
        },
        "weighted avg": {
            "precision": 0.0,
            "recall": 0.0,
            "f1-score": 0.0,
            "support": 0.0
        }
    },
    "se": {
        "<": {
            "precision": 0.0,
            "recall": 0.0,
            "f1-score": 0.0,
            "support": 0.0
        },
        ">": {
            "precision": 0.0,
            "recall": 0.0,
            "f1-score": 0.0,
            "support": 0.0
        },
        "=": {
            "precision": 0.0,
            "recall": 0.0,
            "f1-score": 0.0,
            "support": 0.0
        },
        "-": {
            "precision": 0.0,
            "recall": 0.0,
            "f1-score": 0.0,
            "support": 0.0
        },
        "accuracy": 0.0,
        "macro avg": {
            "precision": 0.0,
            "recall": 0.0,
            "f1-score": 0.0,
            "support": 0.0
        },
        "weighted avg": {
            "precision": 0.0,
            "recall": 0.0,
            "f1-score": 0.0,
            "support": 0.0
        }
    },
    "es": {
        "<": {
            "precision": 0.0,
            "recall": 0.0,
            "f1-score": 0.0,
            "support": 0.0
        },
        ">": {
            "precision": 0.0,
            "recall": 0.0,
            "f1-score": 0.0,
            "support": 0.0
        },
        "=": {
            "precision": 0.0,
            "recall": 0.0,
            "f1-score": 0.0,
            "support": 0.0
        },
        "-": {
            "precision": 0.0,
            "recall": 0.0,
            "f1-score": 0.0,
            "support": 0.0
        },
        "accuracy": 0.0,
        "macro avg": {
            "precision": 0.0,
            "recall": 0.0,
            "f1-score": 0.0,
            "support": 0.0
        },
        "weighted avg": {
            "precision": 0.0,
            "recall": 0.0,
            "f1-score": 0.0,
            "support": 0.0
        }
    }
}