{
    "accuracy": 0.6961325966850829,
    "precision": 0.5264773062186855,
    "recall": 0.48727949899728557,
    "f1-score": 0.49847261054157604,
    "confidence": {
        "accuracy": {
            "lower": 0.6601864640883979,
            "upper": 0.7306629834254144
        },
        "precision": {
            "lower": 0.4990122836819527,
            "upper": 0.5531134178777632
        },
        "recall": {
            "lower": 0.4522339207437327,
            "upper": 0.5255434494957026
        },
        "f1-score": {
            "lower": 0.46901524603452277,
            "upper": 0.5276610867409744
        }
    },
    "per_label": {
        "<": {
            "precision": 0.7435344827586207,
            "recall": 0.8136792452830188,
            "f1-score": 0.777027027027027,
            "support": 424.0
        },
        ">": {
            "precision": 0.8051282051282052,
            "recall": 0.5836431226765799,
            "f1-score": 0.6767241379310345,
            "support": 269.0
        },
        "=": {
            "precision": 0.03076923076923077,
            "recall": 0.06451612903225806,
            "f1-score": 0.041666666666666664,
            "support": 31.0
        }
    },
    "pre_type": {
        "ss": {
            "accuracy": 0.6961325966850829,
            "precision": 0.5264773062186855,
            "recall": 0.48727949899728557,
            "f1-score": 0.49847261054157604,
            "support": 724,
            "confidence": {
                "accuracy": {
                    "lower": 0.664364640883978,
                    "upper": 0.7292817679558011
                },
                "precision": {
                    "lower": 0.5017151421602167,
                    "upper": 0.5539539937873393
                },
                "recall": {
                    "lower": 0.45522572403857053,
                    "upper": 0.5266262506090538
                },
                "f1-score": {
                    "lower": 0.47144388463669235,
                    "upper": 0.5284664506782303
                }
            }
        }
    }
}