{
    "accuracy": 0.5829596412556054,
    "precision": 0.4518830578291339,
    "recall": 0.4890772387983718,
    "f1-score": 0.4462852062832588,
    "confidence": {
        "accuracy": {
            "lower": 0.5482559209831938,
            "upper": 0.615096920441045
        },
        "precision": {
            "lower": 0.4226714962460638,
            "upper": 0.47898098134407335
        },
        "recall": {
            "lower": 0.43637976894913005,
            "upper": 0.5461900234536604
        },
        "f1-score": {
            "lower": 0.4145642375129536,
            "upper": 0.47565857144093643
        }
    },
    "per_label": {
        "<": {
            "precision": 0.6290322580645161,
            "recall": 0.7358490566037735,
            "f1-score": 0.6782608695652174,
            "support": 424.0
        },
        ">": {
            "precision": 0.6766169154228856,
            "recall": 0.5055762081784386,
            "f1-score": 0.5787234042553191,
            "support": 269.0
        },
        "=": {
            "precision": 0.05,
            "recall": 0.22580645161290322,
            "f1-score": 0.08187134502923976,
            "support": 31.0
        }
    },
    "pre_type": {
        "ss": {
            "accuracy": 0.5829596412556054,
            "precision": 0.4518830578291339,
            "recall": 0.4890772387983718,
            "f1-score": 0.4462852062832588,
            "support": 837,
            "confidence": {
                "accuracy": {
                    "lower": 0.5514073070828868,
                    "upper": 0.62035316188877
                },
                "precision": {
                    "lower": 0.42689134420355884,
                    "upper": 0.48319769863824713
                },
                "recall": {
                    "lower": 0.4404670121695738,
                    "upper": 0.5495226088273482
                },
                "f1-score": {
                    "lower": 0.4179923579170022,
                    "upper": 0.4800621356153919
                }
            }
        }
    }
}