{
    "accuracy": 0.5364396654719236,
    "precision": 0.581989247311828,
    "recall": 0.5980662983425414,
    "f1-score": 0.5899182561307902,
    "confidence": {
        "accuracy": {
            "lower": 0.5053464755077658,
            "upper": 0.5710872162485066
        },
        "precision": {
            "lower": 0.5465493553160009,
            "upper": 0.6181325100133511
        },
        "recall": {
            "lower": 0.5621252537651669,
            "upper": 0.6323554907399853
        },
        "f1-score": {
            "lower": 0.5549338263915919,
            "upper": 0.6238076647947464
        }
    },
    "per_label": {
        "<": {
            "precision": 0.6011560693641619,
            "recall": 0.7358490566037735,
            "f1-score": 0.6617179215270413,
            "support": 424.0
        },
        ">": {
            "precision": 0.5862068965517241,
            "recall": 0.4423791821561338,
            "f1-score": 0.5042372881355932,
            "support": 269.0
        },
        "=": {
            "precision": 0.09090909090909091,
            "recall": 0.06451612903225806,
            "f1-score": 0.07547169811320754,
            "support": 31.0
        },
        "-": {
            "precision": 0.17204301075268819,
            "recall": 0.1415929203539823,
            "f1-score": 0.1553398058252427,
            "support": 113.0
        }
    },
    "pre_type": {
        "ss": {
            "accuracy": 0.5364396654719236,
            "precision": 0.581989247311828,
            "recall": 0.5980662983425414,
            "f1-score": 0.5899182561307902,
            "confidence": {
                "accuracy": {
                    "lower": 0.5053763440860215,
                    "upper": 0.5722819593787336
                },
                "precision": {
                    "lower": 0.5496080925947963,
                    "upper": 0.6188626446594574
                },
                "recall": {
                    "lower": 0.5653265045179234,
                    "upper": 0.6334379412142216
                },
                "f1-score": {
                    "lower": 0.5605431296301553,
                    "upper": 0.6250312291805463
                }
            }
        }
    }
}