{
    "accuracy": 0.5436081242532855,
    "precision": 0.33891229337185047,
    "recall": 0.36680792909877885,
    "f1-score": 0.33471390471244405,
    "confidence": {
        "accuracy": {
            "lower": 0.5101553166069295,
            "upper": 0.5794504181600956
        },
        "precision": {
            "lower": 0.3163496588805149,
            "upper": 0.3609321780071696
        },
        "recall": {
            "lower": 0.3277150748183262,
            "upper": 0.4098642412421822
        },
        "f1-score": {
            "lower": 0.31089477360580087,
            "upper": 0.35789389660660625
        }
    },
    "per_label": {
        "-": {
            "precision": 0.0,
            "recall": 0.0,
            "f1-score": 0.0,
            "support": 113.0
        },
        "<": {
            "precision": 0.6290322580645161,
            "recall": 0.7358490566037735,
            "f1-score": 0.6782608695652174,
            "support": 424.0
        },
        "=": {
            "precision": 0.05,
            "recall": 0.22580645161290322,
            "f1-score": 0.08187134502923976,
            "support": 31.0
        },
        ">": {
            "precision": 0.6766169154228856,
            "recall": 0.5055762081784386,
            "f1-score": 0.5787234042553191,
            "support": 269.0
        }
    },
    "pre_type": {
        "ss": {
            "accuracy": 0.5436081242532855,
            "precision": 0.33891229337185047,
            "recall": 0.36680792909877885,
            "f1-score": 0.33471390471244405,
            "support": 837,
            "confidence": {
                "accuracy": {
                    "lower": 0.5101553166069295,
                    "upper": 0.5758661887694145
                },
                "precision": {
                    "lower": 0.3169921340102012,
                    "upper": 0.3592403225947617
                },
                "recall": {
                    "lower": 0.32741654410561416,
                    "upper": 0.40722875369767664
                },
                "f1-score": {
                    "lower": 0.3111606454322549,
                    "upper": 0.3564068560301213
                }
            }
        }
    }
}