{
    "<": {
        "precision": 0.6197183098591549,
        "recall": 0.5188679245283019,
        "f1-score": 0.5648267008985879,
        "support": 424.0
    },
    ">": {
        "precision": 0.4740484429065744,
        "recall": 0.5092936802973977,
        "f1-score": 0.4910394265232975,
        "support": 269.0
    },
    "=": {
        "precision": 0.05181347150259067,
        "recall": 0.3225806451612903,
        "f1-score": 0.08928571428571429,
        "support": 31.0
    },
    "-": {
        "precision": 0.0,
        "recall": 0.0,
        "f1-score": 0.0,
        "support": 113.0
    },
    "accuracy": 0.43847072879330945,
    "macro avg": {
        "precision": 0.28639505606708,
        "recall": 0.33768556249674747,
        "f1-score": 0.2862879604268999,
        "support": 837.0
    },
    "weighted avg": {
        "precision": 0.4682028818861774,
        "recall": 0.43847072879330945,
        "f1-score": 0.4472449032958488,
        "support": 837.0
    },
    "type": {},
    "ss": {
        "<": {
            "precision": 0.6197183098591549,
            "recall": 0.5188679245283019,
            "f1-score": 0.5648267008985879,
            "support": 424.0
        },
        ">": {
            "precision": 0.4740484429065744,
            "recall": 0.5092936802973977,
            "f1-score": 0.4910394265232975,
            "support": 269.0
        },
        "=": {
            "precision": 0.05181347150259067,
            "recall": 0.3225806451612903,
            "f1-score": 0.08928571428571429,
            "support": 31.0
        },
        "-": {
            "precision": 0.0,
            "recall": 0.0,
            "f1-score": 0.0,
            "support": 113.0
        },
        "accuracy": 0.43847072879330945,
        "macro avg": {
            "precision": 0.28639505606708,
            "recall": 0.33768556249674747,
            "f1-score": 0.2862879604268999,
            "support": 837.0
        },
        "weighted avg": {
            "precision": 0.4682028818861774,
            "recall": 0.43847072879330945,
            "f1-score": 0.4472449032958488,
            "support": 837.0
        }
    },
    "ee": {
        "<": {
            "precision": 0.0,
            "recall": 0.0,
            "f1-score": 0.0,
            "support": 0.0
        },
        ">": {
            "precision": 0.0,
            "recall": 0.0,
            "f1-score": 0.0,
            "support": 0.0
        },
        "=": {
            "precision": 0.0,
            "recall": 0.0,
            "f1-score": 0.0,
            "support": 0.0
        },
        "-": {
            "precision": 0.0,
            "recall": 0.0,
            "f1-score": 0.0,
            "support": 0.0
        },
        "accuracy": 0.0,
        "macro avg": {
            "precision": 0.0,
            "recall": 0.0,
            "f1-score": 0.0,
            "support": 0.0
        },
        "weighted avg": {
            "precision": 0.0,
            "recall": 0.0,
            "f1-score": 0.0,
            "support": 0.0
        }
    },
    "se": {
        "<": {
            "precision": 0.0,
            "recall": 0.0,
            "f1-score": 0.0,
            "support": 0.0
        },
        ">": {
            "precision": 0.0,
            "recall": 0.0,
            "f1-score": 0.0,
            "support": 0.0
        },
        "=": {
            "precision": 0.0,
            "recall": 0.0,
            "f1-score": 0.0,
            "support": 0.0
        },
        "-": {
            "precision": 0.0,
            "recall": 0.0,
            "f1-score": 0.0,
            "support": 0.0
        },
        "accuracy": 0.0,
        "macro avg": {
            "precision": 0.0,
            "recall": 0.0,
            "f1-score": 0.0,
            "support": 0.0
        },
        "weighted avg": {
            "precision": 0.0,
            "recall": 0.0,
            "f1-score": 0.0,
            "support": 0.0
        }
    },
    "es": {
        "<": {
            "precision": 0.0,
            "recall": 0.0,
            "f1-score": 0.0,
            "support": 0.0
        },
        ">": {
            "precision": 0.0,
            "recall": 0.0,
            "f1-score": 0.0,
            "support": 0.0
        },
        "=": {
            "precision": 0.0,
            "recall": 0.0,
            "f1-score": 0.0,
            "support": 0.0
        },
        "-": {
            "precision": 0.0,
            "recall": 0.0,
            "f1-score": 0.0,
            "support": 0.0
        },
        "accuracy": 0.0,
        "macro avg": {
            "precision": 0.0,
            "recall": 0.0,
            "f1-score": 0.0,
            "support": 0.0
        },
        "weighted avg": {
            "precision": 0.0,
            "recall": 0.0,
            "f1-score": 0.0,
            "support": 0.0
        }
    }
}