{
    "accuracy": 0.6215469613259669,
    "precision": 0.49047301261078236,
    "recall": 0.4502632549488988,
    "f1-score": 0.4603668805651757,
    "confidence": {
        "accuracy": {
            "lower": 0.5883287292817679,
            "upper": 0.6560773480662984
        },
        "precision": {
            "lower": 0.46550215575350473,
            "upper": 0.5186742881164038
        },
        "recall": {
            "lower": 0.41210865223312904,
            "upper": 0.496837669281551
        },
        "f1-score": {
            "lower": 0.4322438791489845,
            "upper": 0.4898530498475766
        }
    },
    "per_label": {
        "<": {
            "precision": 0.7334963325183375,
            "recall": 0.7075471698113207,
            "f1-score": 0.7202881152460985,
            "support": 424.0
        },
        ">": {
            "precision": 0.7101449275362319,
            "recall": 0.5464684014869888,
            "f1-score": 0.6176470588235294,
            "support": 269.0
        },
        "=": {
            "precision": 0.027777777777777776,
            "recall": 0.0967741935483871,
            "f1-score": 0.04316546762589928,
            "support": 31.0
        }
    },
    "pre_type": {
        "ss": {
            "accuracy": 0.6215469613259669,
            "precision": 0.49047301261078236,
            "recall": 0.4502632549488988,
            "f1-score": 0.4603668805651757,
            "support": 724,
            "confidence": {
                "accuracy": {
                    "lower": 0.5842541436464088,
                    "upper": 0.6561118784530386
                },
                "precision": {
                    "lower": 0.4649280147791239,
                    "upper": 0.517885025090746
                },
                "recall": {
                    "lower": 0.4100893564921296,
                    "upper": 0.49538886817560296
                },
                "f1-score": {
                    "lower": 0.4303948426764531,
                    "upper": 0.48832797180152654
                }
            }
        }
    }
}