{
    "<": {
        "precision": 0.6043956043956044,
        "recall": 0.5188679245283019,
        "f1-score": 0.5583756345177665,
        "support": 424.0
    },
    ">": {
        "precision": 0.5235849056603774,
        "recall": 0.41263940520446096,
        "f1-score": 0.46153846153846156,
        "support": 269.0
    },
    "=": {
        "precision": 0.038314176245210725,
        "recall": 0.3225806451612903,
        "f1-score": 0.0684931506849315,
        "support": 31.0
    },
    "-": {
        "precision": 0.0,
        "recall": 0.0,
        "f1-score": 0.0,
        "support": 113.0
    },
    "accuracy": 0.4074074074074074,
    "macro avg": {
        "precision": 0.2915736715752982,
        "recall": 0.3135219937235133,
        "f1-score": 0.2721018116852899,
        "support": 837.0
    },
    "weighted avg": {
        "precision": 0.4758611891875499,
        "recall": 0.4074074074074074,
        "f1-score": 0.4337256903949965,
        "support": 837.0
    },
    "confidence": {
        "accuracy": {
            "lower": 0.3751493428912784,
            "upper": 0.4420848267622461
        },
        "macro avg": {
            "precision": {
                "lower": 0.26823955742849687,
                "upper": 0.3125206124396264
            },
            "recall": {
                "lower": 0.26960334889547866,
                "upper": 0.3652018339168036
            },
            "f1-score": {
                "lower": 0.2504140011769616,
                "upper": 0.2944609323957652
            }
        },
        "weighted avg": {
            "precision": {
                "lower": 0.4308442677026691,
                "upper": 0.5195946405597098
            },
            "recall": {
                "lower": 0.3751493428912784,
                "upper": 0.4420848267622461
            },
            "f1-score": {
                "lower": 0.3972525932481046,
                "upper": 0.46927462494026256
            }
        }
    },
    "type": {},
    "ss": {
        "<": {
            "precision": 0.6043956043956044,
            "recall": 0.5188679245283019,
            "f1-score": 0.5583756345177665,
            "support": 424.0
        },
        ">": {
            "precision": 0.5235849056603774,
            "recall": 0.41263940520446096,
            "f1-score": 0.46153846153846156,
            "support": 269.0
        },
        "=": {
            "precision": 0.038314176245210725,
            "recall": 0.3225806451612903,
            "f1-score": 0.0684931506849315,
            "support": 31.0
        },
        "-": {
            "precision": 0.0,
            "recall": 0.0,
            "f1-score": 0.0,
            "support": 113.0
        },
        "accuracy": 0.4074074074074074,
        "macro avg": {
            "precision": 0.2915736715752982,
            "recall": 0.3135219937235133,
            "f1-score": 0.2721018116852899,
            "support": 837.0
        },
        "weighted avg": {
            "precision": 0.4758611891875499,
            "recall": 0.4074074074074074,
            "f1-score": 0.4337256903949965,
            "support": 837.0
        }
    },
    "ee": {
        "<": {
            "precision": 0.0,
            "recall": 0.0,
            "f1-score": 0.0,
            "support": 0.0
        },
        ">": {
            "precision": 0.0,
            "recall": 0.0,
            "f1-score": 0.0,
            "support": 0.0
        },
        "=": {
            "precision": 0.0,
            "recall": 0.0,
            "f1-score": 0.0,
            "support": 0.0
        },
        "-": {
            "precision": 0.0,
            "recall": 0.0,
            "f1-score": 0.0,
            "support": 0.0
        },
        "accuracy": 0.0,
        "macro avg": {
            "precision": 0.0,
            "recall": 0.0,
            "f1-score": 0.0,
            "support": 0.0
        },
        "weighted avg": {
            "precision": 0.0,
            "recall": 0.0,
            "f1-score": 0.0,
            "support": 0.0
        }
    },
    "se": {
        "<": {
            "precision": 0.0,
            "recall": 0.0,
            "f1-score": 0.0,
            "support": 0.0
        },
        ">": {
            "precision": 0.0,
            "recall": 0.0,
            "f1-score": 0.0,
            "support": 0.0
        },
        "=": {
            "precision": 0.0,
            "recall": 0.0,
            "f1-score": 0.0,
            "support": 0.0
        },
        "-": {
            "precision": 0.0,
            "recall": 0.0,
            "f1-score": 0.0,
            "support": 0.0
        },
        "accuracy": 0.0,
        "macro avg": {
            "precision": 0.0,
            "recall": 0.0,
            "f1-score": 0.0,
            "support": 0.0
        },
        "weighted avg": {
            "precision": 0.0,
            "recall": 0.0,
            "f1-score": 0.0,
            "support": 0.0
        }
    },
    "es": {
        "<": {
            "precision": 0.0,
            "recall": 0.0,
            "f1-score": 0.0,
            "support": 0.0
        },
        ">": {
            "precision": 0.0,
            "recall": 0.0,
            "f1-score": 0.0,
            "support": 0.0
        },
        "=": {
            "precision": 0.0,
            "recall": 0.0,
            "f1-score": 0.0,
            "support": 0.0
        },
        "-": {
            "precision": 0.0,
            "recall": 0.0,
            "f1-score": 0.0,
            "support": 0.0
        },
        "accuracy": 0.0,
        "macro avg": {
            "precision": 0.0,
            "recall": 0.0,
            "f1-score": 0.0,
            "support": 0.0
        },
        "weighted avg": {
            "precision": 0.0,
            "recall": 0.0,
            "f1-score": 0.0,
            "support": 0.0
        }
    }
}