{
    "<": {
        "precision": 0.5782178217821782,
        "recall": 0.6886792452830188,
        "f1-score": 0.628632938643703,
        "support": 424.0
    },
    ">": {
        "precision": 0.6601941747572816,
        "recall": 0.2527881040892193,
        "f1-score": 0.3655913978494624,
        "support": 269.0
    },
    "=": {
        "precision": 0.06550218340611354,
        "recall": 0.4838709677419355,
        "f1-score": 0.11538461538461539,
        "support": 31.0
    },
    "-": {
        "precision": 0.0,
        "recall": 0.0,
        "f1-score": 0.0,
        "support": 113.0
    },
    "accuracy": 0.44802867383512546,
    "macro avg": {
        "precision": 0.32597854498639334,
        "recall": 0.3563345792785434,
        "f1-score": 0.2774022379694452,
        "support": 837.0
    },
    "weighted avg": {
        "precision": 0.5075115377908505,
        "recall": 0.44802867383512546,
        "f1-score": 0.44021669663483703,
        "support": 837.0
    },
    "type": {},
    "ss": {
        "<": {
            "precision": 0.5782178217821782,
            "recall": 0.6886792452830188,
            "f1-score": 0.628632938643703,
            "support": 424.0
        },
        ">": {
            "precision": 0.6601941747572816,
            "recall": 0.2527881040892193,
            "f1-score": 0.3655913978494624,
            "support": 269.0
        },
        "=": {
            "precision": 0.06550218340611354,
            "recall": 0.4838709677419355,
            "f1-score": 0.11538461538461539,
            "support": 31.0
        },
        "-": {
            "precision": 0.0,
            "recall": 0.0,
            "f1-score": 0.0,
            "support": 113.0
        },
        "accuracy": 0.44802867383512546,
        "macro avg": {
            "precision": 0.32597854498639334,
            "recall": 0.3563345792785434,
            "f1-score": 0.2774022379694452,
            "support": 837.0
        },
        "weighted avg": {
            "precision": 0.5075115377908505,
            "recall": 0.44802867383512546,
            "f1-score": 0.44021669663483703,
            "support": 837.0
        }
    },
    "ee": {
        "<": {
            "precision": 0.0,
            "recall": 0.0,
            "f1-score": 0.0,
            "support": 0.0
        },
        ">": {
            "precision": 0.0,
            "recall": 0.0,
            "f1-score": 0.0,
            "support": 0.0
        },
        "=": {
            "precision": 0.0,
            "recall": 0.0,
            "f1-score": 0.0,
            "support": 0.0
        },
        "-": {
            "precision": 0.0,
            "recall": 0.0,
            "f1-score": 0.0,
            "support": 0.0
        },
        "accuracy": 0.0,
        "macro avg": {
            "precision": 0.0,
            "recall": 0.0,
            "f1-score": 0.0,
            "support": 0.0
        },
        "weighted avg": {
            "precision": 0.0,
            "recall": 0.0,
            "f1-score": 0.0,
            "support": 0.0
        }
    },
    "se": {
        "<": {
            "precision": 0.0,
            "recall": 0.0,
            "f1-score": 0.0,
            "support": 0.0
        },
        ">": {
            "precision": 0.0,
            "recall": 0.0,
            "f1-score": 0.0,
            "support": 0.0
        },
        "=": {
            "precision": 0.0,
            "recall": 0.0,
            "f1-score": 0.0,
            "support": 0.0
        },
        "-": {
            "precision": 0.0,
            "recall": 0.0,
            "f1-score": 0.0,
            "support": 0.0
        },
        "accuracy": 0.0,
        "macro avg": {
            "precision": 0.0,
            "recall": 0.0,
            "f1-score": 0.0,
            "support": 0.0
        },
        "weighted avg": {
            "precision": 0.0,
            "recall": 0.0,
            "f1-score": 0.0,
            "support": 0.0
        }
    },
    "es": {
        "<": {
            "precision": 0.0,
            "recall": 0.0,
            "f1-score": 0.0,
            "support": 0.0
        },
        ">": {
            "precision": 0.0,
            "recall": 0.0,
            "f1-score": 0.0,
            "support": 0.0
        },
        "=": {
            "precision": 0.0,
            "recall": 0.0,
            "f1-score": 0.0,
            "support": 0.0
        },
        "-": {
            "precision": 0.0,
            "recall": 0.0,
            "f1-score": 0.0,
            "support": 0.0
        },
        "accuracy": 0.0,
        "macro avg": {
            "precision": 0.0,
            "recall": 0.0,
            "f1-score": 0.0,
            "support": 0.0
        },
        "weighted avg": {
            "precision": 0.0,
            "recall": 0.0,
            "f1-score": 0.0,
            "support": 0.0
        }
    }
}