{
    "<": {
        "precision": 0.5925925925925926,
        "recall": 0.6037735849056604,
        "f1-score": 0.5981308411214953,
        "support": 424.0
    },
    ">": {
        "precision": 0.5894039735099338,
        "recall": 0.3308550185873606,
        "f1-score": 0.4238095238095238,
        "support": 269.0
    },
    "=": {
        "precision": 0.03937007874015748,
        "recall": 0.3225806451612903,
        "f1-score": 0.07017543859649122,
        "support": 31.0
    },
    "-": {
        "precision": 0.0,
        "recall": 0.0,
        "f1-score": 0.0,
        "support": 113.0
    },
    "accuracy": 0.4241338112305854,
    "macro avg": {
        "precision": 0.30534166121067097,
        "recall": 0.3143023121635778,
        "f1-score": 0.27302895088187756,
        "support": 837.0
    },
    "weighted avg": {
        "precision": 0.49107455265755834,
        "recall": 0.4241338112305854,
        "f1-score": 0.4418012869017528,
        "support": 837.0
    },
    "type": {},
    "ss": {
        "<": {
            "precision": 0.5925925925925926,
            "recall": 0.6037735849056604,
            "f1-score": 0.5981308411214953,
            "support": 424.0
        },
        ">": {
            "precision": 0.5894039735099338,
            "recall": 0.3308550185873606,
            "f1-score": 0.4238095238095238,
            "support": 269.0
        },
        "=": {
            "precision": 0.03937007874015748,
            "recall": 0.3225806451612903,
            "f1-score": 0.07017543859649122,
            "support": 31.0
        },
        "-": {
            "precision": 0.0,
            "recall": 0.0,
            "f1-score": 0.0,
            "support": 113.0
        },
        "accuracy": 0.4241338112305854,
        "macro avg": {
            "precision": 0.30534166121067097,
            "recall": 0.3143023121635778,
            "f1-score": 0.27302895088187756,
            "support": 837.0
        },
        "weighted avg": {
            "precision": 0.49107455265755834,
            "recall": 0.4241338112305854,
            "f1-score": 0.4418012869017528,
            "support": 837.0
        }
    },
    "ee": {
        "<": {
            "precision": 0.0,
            "recall": 0.0,
            "f1-score": 0.0,
            "support": 0.0
        },
        ">": {
            "precision": 0.0,
            "recall": 0.0,
            "f1-score": 0.0,
            "support": 0.0
        },
        "=": {
            "precision": 0.0,
            "recall": 0.0,
            "f1-score": 0.0,
            "support": 0.0
        },
        "-": {
            "precision": 0.0,
            "recall": 0.0,
            "f1-score": 0.0,
            "support": 0.0
        },
        "accuracy": 0.0,
        "macro avg": {
            "precision": 0.0,
            "recall": 0.0,
            "f1-score": 0.0,
            "support": 0.0
        },
        "weighted avg": {
            "precision": 0.0,
            "recall": 0.0,
            "f1-score": 0.0,
            "support": 0.0
        }
    },
    "se": {
        "<": {
            "precision": 0.0,
            "recall": 0.0,
            "f1-score": 0.0,
            "support": 0.0
        },
        ">": {
            "precision": 0.0,
            "recall": 0.0,
            "f1-score": 0.0,
            "support": 0.0
        },
        "=": {
            "precision": 0.0,
            "recall": 0.0,
            "f1-score": 0.0,
            "support": 0.0
        },
        "-": {
            "precision": 0.0,
            "recall": 0.0,
            "f1-score": 0.0,
            "support": 0.0
        },
        "accuracy": 0.0,
        "macro avg": {
            "precision": 0.0,
            "recall": 0.0,
            "f1-score": 0.0,
            "support": 0.0
        },
        "weighted avg": {
            "precision": 0.0,
            "recall": 0.0,
            "f1-score": 0.0,
            "support": 0.0
        }
    },
    "es": {
        "<": {
            "precision": 0.0,
            "recall": 0.0,
            "f1-score": 0.0,
            "support": 0.0
        },
        ">": {
            "precision": 0.0,
            "recall": 0.0,
            "f1-score": 0.0,
            "support": 0.0
        },
        "=": {
            "precision": 0.0,
            "recall": 0.0,
            "f1-score": 0.0,
            "support": 0.0
        },
        "-": {
            "precision": 0.0,
            "recall": 0.0,
            "f1-score": 0.0,
            "support": 0.0
        },
        "accuracy": 0.0,
        "macro avg": {
            "precision": 0.0,
            "recall": 0.0,
            "f1-score": 0.0,
            "support": 0.0
        },
        "weighted avg": {
            "precision": 0.0,
            "recall": 0.0,
            "f1-score": 0.0,
            "support": 0.0
        }
    }
}