{
    "accuracy": 0.6700310559006211,
    "precision": 0.6842105263157895,
    "recall": 0.7496723460026212,
    "f1-score": 0.7154471544715447,
    "confidence": {
        "accuracy": {
            "lower": 0.6521642080745341,
            "upper": 0.6871215062111801
        },
        "precision": {
            "lower": 0.6662660205423836,
            "upper": 0.7020732765114012
        },
        "recall": {
            "lower": 0.7323510653589403,
            "upper": 0.7680236588096101
        },
        "f1-score": {
            "lower": 0.6986387434554974,
            "upper": 0.7321462081496485
        }
    },
    "per_label": {
        "<": {
            "precision": 0.7168949771689498,
            "recall": 0.8263157894736842,
            "f1-score": 0.7677261613691931,
            "support": 1330.0
        },
        ">": {
            "precision": 0.6556854410201913,
            "recall": 0.7108294930875576,
            "f1-score": 0.6821448313985627,
            "support": 868.0
        },
        "=": {
            "precision": 0.0,
            "recall": 0.0,
            "f1-score": 0.0,
            "support": 91.0
        },
        "-": {
            "precision": 0.14705882352941177,
            "recall": 0.03484320557491289,
            "f1-score": 0.056338028169014086,
            "support": 287.0
        }
    },
    "pre_type": {
        "ss": {
            "accuracy": 0.6700310559006211,
            "precision": 0.6842105263157895,
            "recall": 0.7496723460026212,
            "f1-score": 0.7154471544715447,
            "confidence": {
                "accuracy": {
                    "lower": 0.6525524068322981,
                    "upper": 0.687111801242236
                },
                "precision": {
                    "lower": 0.6658603767989784,
                    "upper": 0.7014501078570284
                },
                "recall": {
                    "lower": 0.7334197068699915,
                    "upper": 0.7661622093465769
                },
                "f1-score": {
                    "lower": 0.6985522938479674,
                    "upper": 0.7315825124240353
                }
            }
        }
    }
}