{
    "accuracy": 0.5423646907216495,
    "precision": 0.18078823024054982,
    "recall": 0.3333333333333333,
    "f1-score": 0.23442993907745865,
    "confidence": {
        "accuracy": {
            "lower": 0.5304405605670103,
            "upper": 0.5538096005154639
        },
        "precision": {
            "lower": 0.17681352018900343,
            "upper": 0.1846032001718213
        },
        "recall": {
            "lower": 0.3333333333333333,
            "upper": 0.3333333333333333
        },
        "f1-score": {
            "lower": 0.23106225051102655,
            "upper": 0.23761366870350256
        }
    },
    "per_label": {
        "<": {
            "precision": 0.5423646907216495,
            "recall": 1.0,
            "f1-score": 0.7032898172323759,
            "support": 3367.0
        },
        ">": {
            "precision": 0.0,
            "recall": 0.0,
            "f1-score": 0.0,
            "support": 2747.0
        },
        "=": {
            "precision": 0.0,
            "recall": 0.0,
            "f1-score": 0.0,
            "support": 94.0
        }
    },
    "pre_type": {
        "ee": {
            "accuracy": 0.5489690721649485,
            "precision": 0.1829896907216495,
            "recall": 0.3333333333333333,
            "f1-score": 0.23627287853577372,
            "support": 1552,
            "confidence": {
                "accuracy": {
                    "lower": 0.5264014175257732,
                    "upper": 0.5734536082474226
                },
                "precision": {
                    "lower": 0.17546713917525775,
                    "upper": 0.19115120274914088
                },
                "recall": {
                    "lower": 0.3333333333333333,
                    "upper": 0.3333333333333333
                },
                "f1-score": {
                    "lower": 0.2299095581440453,
                    "upper": 0.24297024297024297
                }
            }
        },
        "es": {
            "accuracy": 0.4259020618556701,
            "precision": 0.14196735395189003,
            "recall": 0.3333333333333333,
            "f1-score": 0.19912637445398404,
            "support": 1552,
            "confidence": {
                "accuracy": {
                    "lower": 0.4014175257731959,
                    "upper": 0.4516913659793814
                },
                "precision": {
                    "lower": 0.13380584192439862,
                    "upper": 0.1505637886597938
                },
                "recall": {
                    "lower": 0.3333333333333333,
                    "upper": 0.3333333333333333
                },
                "f1-score": {
                    "lower": 0.19095785440613025,
                    "upper": 0.2074322277976205
                }
            }
        },
        "se": {
            "accuracy": 0.6739690721649485,
            "precision": 0.22465635738831616,
            "recall": 0.3333333333333333,
            "f1-score": 0.26841159866564024,
            "support": 1552,
            "confidence": {
                "accuracy": {
                    "lower": 0.6514175257731959,
                    "upper": 0.6971649484536082
                },
                "precision": {
                    "lower": 0.21713917525773196,
                    "upper": 0.23238831615120273
                },
                "recall": {
                    "lower": 0.3333333333333333,
                    "upper": 0.3333333333333333
                },
                "f1-score": {
                    "lower": 0.2629730784237222,
                    "upper": 0.2738547203239686
                }
            }
        },
        "ss": {
            "accuracy": 0.520618556701031,
            "precision": 0.17353951890034366,
            "recall": 0.3333333333333333,
            "f1-score": 0.22824858757062147,
            "support": 1552,
            "confidence": {
                "accuracy": {
                    "lower": 0.4954896907216495,
                    "upper": 0.5451030927835051
                },
                "precision": {
                    "lower": 0.16516323024054982,
                    "upper": 0.18170103092783504
                },
                "recall": {
                    "lower": 0.3333333333333333,
                    "upper": 0.3333333333333333
                },
                "f1-score": {
                    "lower": 0.22088180382019243,
                    "upper": 0.23519599666388658
                }
            }
        }
    }
}