{
    "accuracy": 0.23823638384586884,
    "precision": 0.17982944011865035,
    "recall": 0.234375,
    "f1-score": 0.20351073501643474,
    "confidence": {
        "accuracy": {
            "lower": 0.2303630974434976,
            "upper": 0.2455562245276028
        },
        "precision": {
            "lower": 0.17159897190001316,
            "upper": 0.1875777752278142
        },
        "recall": {
            "lower": 0.22420087155583818,
            "upper": 0.24430586842309873
        },
        "f1-score": {
            "lower": 0.1948283600698196,
            "upper": 0.21195862636514928
        }
    },
    "per_label": {
        "<": {
            "precision": 0.3045267489711934,
            "recall": 0.24175824175824176,
            "f1-score": 0.2695364238410596,
            "support": 3367.0
        },
        ">": {
            "precision": 0.23226288274831963,
            "recall": 0.22642883145249362,
            "f1-score": 0.22930875576036866,
            "support": 2747.0
        },
        "=": {
            "precision": 0.006934306569343066,
            "recall": 0.20212765957446807,
            "f1-score": 0.013408609738884969,
            "support": 94.0
        },
        "-": {
            "precision": 0.41293900184842885,
            "recall": 0.2434612031386225,
            "f1-score": 0.3063211298505416,
            "support": 4588.0
        }
    },
    "pre_type": {
        "ee": {
            "accuracy": 0.2482400889218229,
            "precision": 0.18700396825396826,
            "recall": 0.24291237113402062,
            "f1-score": 0.21132286995515692,
            "confidence": {
                "accuracy": {
                    "lower": 0.23267876991478326,
                    "upper": 0.2652927010003705
                },
                "precision": {
                    "lower": 0.17119846838733702,
                    "upper": 0.20308864095633394
                },
                "recall": {
                    "lower": 0.22298865461327255,
                    "upper": 0.26412878718813626
                },
                "f1-score": {
                    "lower": 0.19459930718528048,
                    "upper": 0.22918664658345503
                }
            }
        },
        "es": {
            "accuracy": 0.2297147091515376,
            "precision": 0.16923076923076924,
            "recall": 0.21971649484536082,
            "f1-score": 0.19119708438463695,
            "confidence": {
                "accuracy": {
                    "lower": 0.21304186735828085,
                    "upper": 0.2456557984438681
                },
                "precision": {
                    "lower": 0.1536487445172324,
                    "upper": 0.18591511127427032
                },
                "recall": {
                    "lower": 0.20062779217721483,
                    "upper": 0.23968906377320195
                },
                "f1-score": {
                    "lower": 0.17414999494086433,
                    "upper": 0.20885963858932846
                }
            }
        },
        "se": {
            "accuracy": 0.23749536865505744,
            "precision": 0.18231225296442688,
            "recall": 0.23775773195876287,
            "f1-score": 0.2063758389261745,
            "confidence": {
                "accuracy": {
                    "lower": 0.22155427936272695,
                    "upper": 0.2530752130418673
                },
                "precision": {
                    "lower": 0.16624134256530043,
                    "upper": 0.19922084228637268
                },
                "recall": {
                    "lower": 0.21544226830544178,
                    "upper": 0.25902365369641617
                },
                "f1-score": {
                    "lower": 0.18824144684583005,
                    "upper": 0.22396735957428196
                }
            }
        },
        "ss": {
            "accuracy": 0.23749536865505744,
            "precision": 0.1807465618860511,
            "recall": 0.23711340206185566,
            "f1-score": 0.20512820512820512,
            "confidence": {
                "accuracy": {
                    "lower": 0.2226750648388292,
                    "upper": 0.25305668766209705
                },
                "precision": {
                    "lower": 0.16493274853801168,
                    "upper": 0.19775494772831875
                },
                "recall": {
                    "lower": 0.21714202388667717,
                    "upper": 0.2589725229394967
                },
                "f1-score": {
                    "lower": 0.1877531031842736,
                    "upper": 0.2234585497375288
                }
            }
        }
    }
}