{
    "accuracy": 0.3269974226804124,
    "precision": 0.3291566290953038,
    "recall": 0.32762741256726957,
    "f1-score": 0.26932943711450985,
    "confidence": {
        "accuracy": {
            "lower": 0.31539948453608246,
            "upper": 0.33892155283505154
        },
        "precision": {
            "lower": 0.31868979785709767,
            "upper": 0.33952336023109103
        },
        "recall": {
            "lower": 0.29345509465944913,
            "upper": 0.36238665008673193
        },
        "f1-score": {
            "lower": 0.25990729124097894,
            "upper": 0.27832077896399826
        }
    },
    "per_label": {
        "<": {
            "precision": 0.5392441860465116,
            "recall": 0.3305613305613306,
            "f1-score": 0.40986926901123183,
            "support": 3367.0
        },
        ">": {
            "precision": 0.4334637964774951,
            "recall": 0.322533673097925,
            "f1-score": 0.3698601544562722,
            "support": 2747.0
        },
        "=": {
            "precision": 0.014761904761904763,
            "recall": 0.32978723404255317,
            "f1-score": 0.028258887876025523,
            "support": 94.0
        }
    },
    "pre_type": {
        "ee": {
            "accuracy": 0.3240979381443299,
            "precision": 0.3318814815728124,
            "recall": 0.30870384078279595,
            "f1-score": 0.2730780237124844,
            "support": 1552,
            "confidence": {
                "accuracy": {
                    "lower": 0.30283505154639173,
                    "upper": 0.34859858247422676
                },
                "precision": {
                    "lower": 0.31290025669146976,
                    "upper": 0.35383955049396437
                },
                "recall": {
                    "lower": 0.26408846282716775,
                    "upper": 0.35881413876214796
                },
                "f1-score": {
                    "lower": 0.25417710471089805,
                    "upper": 0.29357849233849576
                }
            }
        },
        "es": {
            "accuracy": 0.31958762886597936,
            "precision": 0.32035338090383964,
            "recall": 0.21432796050378836,
            "f1-score": 0.2544420753375977,
            "support": 1552,
            "confidence": {
                "accuracy": {
                    "lower": 0.2963917525773196,
                    "upper": 0.34344394329896905
                },
                "precision": {
                    "lower": 0.3012375260270136,
                    "upper": 0.3390071757537171
                },
                "recall": {
                    "lower": 0.19831012189252326,
                    "upper": 0.2308528728260078
                },
                "f1-score": {
                    "lower": 0.23722842116636272,
                    "upper": 0.27113940855445495
                }
            }
        },
        "se": {
            "accuracy": 0.3479381443298969,
            "precision": 0.34264069892317073,
            "recall": 0.23329982844489452,
            "f1-score": 0.26917661009412286,
            "support": 1552,
            "confidence": {
                "accuracy": {
                    "lower": 0.3260148195876289,
                    "upper": 0.37115012886597937
                },
                "precision": {
                    "lower": 0.32381913555023933,
                    "upper": 0.3612525726458947
                },
                "recall": {
                    "lower": 0.2170883582504332,
                    "upper": 0.24984494547214947
                },
                "f1-score": {
                    "lower": 0.2524153015611859,
                    "upper": 0.2861599324676921
                }
            }
        },
        "ss": {
            "accuracy": 0.3163659793814433,
            "precision": 0.3243418999722863,
            "recall": 0.3374424250630441,
            "f1-score": 0.27100042575622413,
            "support": 1552,
            "confidence": {
                "accuracy": {
                    "lower": 0.29381443298969073,
                    "upper": 0.340222293814433
                },
                "precision": {
                    "lower": 0.30383929400620585,
                    "upper": 0.34628013657078305
                },
                "recall": {
                    "lower": 0.2883694147863041,
                    "upper": 0.384344758648222
                },
                "f1-score": {
                    "lower": 0.251940512319838,
                    "upper": 0.2911839296369471
                }
            }
        }
    }
}