{
    "accuracy": 0.3883845868840311,
    "precision": 0.37764636309875815,
    "recall": 0.5143363402061856,
    "f1-score": 0.4355179704016914,
    "confidence": {
        "accuracy": {
            "lower": 0.3793951463505002,
            "upper": 0.3968159503519822
        },
        "precision": {
            "lower": 0.36662234575305913,
            "upper": 0.38760327320048243
        },
        "recall": {
            "lower": 0.502017955684148,
            "upper": 0.5248421926091345
        },
        "f1-score": {
            "lower": 0.424307669436542,
            "upper": 0.44492479340374175
        }
    },
    "per_label": {
        "<": {
            "precision": 0.39493927125506073,
            "recall": 0.5794475794475794,
            "f1-score": 0.46972432887925847,
            "support": 3367.0
        },
        ">": {
            "precision": 0.37973514012935017,
            "recall": 0.4488532945030943,
            "f1-score": 0.4114114114114114,
            "support": 2747.0
        },
        "=": {
            "precision": 0.033582089552238806,
            "recall": 0.09574468085106383,
            "f1-score": 0.049723756906077346,
            "support": 94.0
        },
        "-": {
            "precision": 0.42716787697565145,
            "recall": 0.21795989537925023,
            "f1-score": 0.2886419396738346,
            "support": 4588.0
        }
    },
    "pre_type": {
        "ee": {
            "accuracy": 0.35939236754353465,
            "precision": 0.34720861900097943,
            "recall": 0.4568298969072165,
            "f1-score": 0.3945464663327768,
            "confidence": {
                "accuracy": {
                    "lower": 0.34308077065579845,
                    "upper": 0.3775565024082994
                },
                "precision": {
                    "lower": 0.3270337737711218,
                    "upper": 0.3673604663399171
                },
                "recall": {
                    "lower": 0.43306126206147844,
                    "upper": 0.48132707439098216
                },
                "f1-score": {
                    "lower": 0.3740586208573274,
                    "upper": 0.4150293093609086
                }
            }
        },
        "es": {
            "accuracy": 0.38569840681733975,
            "precision": 0.37643810400368155,
            "recall": 0.5270618556701031,
            "f1-score": 0.43919463087248317,
            "confidence": {
                "accuracy": {
                    "lower": 0.36569099666543164,
                    "upper": 0.40460355687291594
                },
                "precision": {
                    "lower": 0.3551057018943732,
                    "upper": 0.39736792396463366
                },
                "recall": {
                    "lower": 0.5012589296904374,
                    "upper": 0.5525010880381971
                },
                "f1-score": {
                    "lower": 0.4170214701601164,
                    "upper": 0.46252080656321043
                }
            }
        },
        "se": {
            "accuracy": 0.41459799925898483,
            "precision": 0.40924249642686994,
            "recall": 0.553479381443299,
            "f1-score": 0.4705560120514927,
            "confidence": {
                "accuracy": {
                    "lower": 0.39680437198962576,
                    "upper": 0.43350314931456096
                },
                "precision": {
                    "lower": 0.38862472588796126,
                    "upper": 0.4304829672944856
                },
                "recall": {
                    "lower": 0.5288985883604722,
                    "upper": 0.5791567673669025
                },
                "f1-score": {
                    "lower": 0.45020069022560677,
                    "upper": 0.49216135165255875
                }
            }
        },
        "ss": {
            "accuracy": 0.3938495739162653,
            "precision": 0.3769266697804764,
            "recall": 0.5199742268041238,
            "f1-score": 0.43704305442729485,
            "confidence": {
                "accuracy": {
                    "lower": 0.37458317895516857,
                    "upper": 0.41349573916265286
                },
                "precision": {
                    "lower": 0.35635812987022025,
                    "upper": 0.4000023452157599
                },
                "recall": {
                    "lower": 0.494141213635879,
                    "upper": 0.5458149084017687
                },
                "f1-score": {
                    "lower": 0.4150743463961819,
                    "upper": 0.45991207034372494
                }
            }
        }
    }
}