{
    "accuracy": 0.709729381443299,
    "precision": 0.5459266354054325,
    "recall": 0.6538983031713981,
    "f1-score": 0.5612813662766539,
    "confidence": {
        "accuracy": {
            "lower": 0.6984536082474226,
            "upper": 0.7205259342783505
        },
        "precision": {
            "lower": 0.5308124152135799,
            "upper": 0.5611334042888785
        },
        "recall": {
            "lower": 0.6205270946594225,
            "upper": 0.6871879298375432
        },
        "f1-score": {
            "lower": 0.540287500306339,
            "upper": 0.5813164252528763
        }
    },
    "per_label": {
        "<": {
            "precision": 0.742526790750141,
            "recall": 0.782001782001782,
            "f1-score": 0.7617532185737017,
            "support": 3367.0
        },
        ">": {
            "precision": 0.73862660944206,
            "recall": 0.6265016381507099,
            "f1-score": 0.6779594248571992,
            "support": 2747.0
        },
        "=": {
            "precision": 0.1566265060240964,
            "recall": 0.5531914893617021,
            "f1-score": 0.24413145539906103,
            "support": 94.0
        }
    },
    "pre_type": {
        "ee": {
            "accuracy": 0.6952319587628866,
            "precision": 0.5598253549137636,
            "recall": 0.6428679983411816,
            "f1-score": 0.5569443273048984,
            "support": 1552,
            "confidence": {
                "accuracy": {
                    "lower": 0.6720360824742269,
                    "upper": 0.7165109536082475
                },
                "precision": {
                    "lower": 0.5363274345495241,
                    "upper": 0.5824983322152246
                },
                "recall": {
                    "lower": 0.5902371215420429,
                    "upper": 0.6950077104111506
                },
                "f1-score": {
                    "lower": 0.5261116208868329,
                    "upper": 0.5861866123953876
                }
            }
        },
        "es": {
            "accuracy": 0.7242268041237113,
            "precision": 0.49412258694646255,
            "recall": 0.4629383429181715,
            "f1-score": 0.46408041770360614,
            "support": 1552,
            "confidence": {
                "accuracy": {
                    "lower": 0.7016752577319587,
                    "upper": 0.7467783505154639
                },
                "precision": {
                    "lower": 0.47824348458245086,
                    "upper": 0.5102694773281522
                },
                "recall": {
                    "lower": 0.448679283211393,
                    "upper": 0.47778002727173813
                },
                "f1-score": {
                    "lower": 0.44760471340497826,
                    "upper": 0.4802566989331212
                }
            }
        },
        "se": {
            "accuracy": 0.7332474226804123,
            "precision": 0.513273186669005,
            "recall": 0.40312174870326006,
            "f1-score": 0.398729637673182,
            "support": 1552,
            "confidence": {
                "accuracy": {
                    "lower": 0.7100515463917526,
                    "upper": 0.7545103092783505
                },
                "precision": {
                    "lower": 0.4891962896518482,
                    "upper": 0.535030573853582
                },
                "recall": {
                    "lower": 0.38967030202608094,
                    "upper": 0.41548524159379474
                },
                "f1-score": {
                    "lower": 0.37842429316776033,
                    "upper": 0.4169178319854264
                }
            }
        },
        "ss": {
            "accuracy": 0.6862113402061856,
            "precision": 0.5549754104677992,
            "recall": 0.6402268386275729,
            "f1-score": 0.5614590552120962,
            "support": 1552,
            "confidence": {
                "accuracy": {
                    "lower": 0.6610824742268041,
                    "upper": 0.7094072164948454
                },
                "precision": {
                    "lower": 0.5299511871108447,
                    "upper": 0.5796227882590229
                },
                "recall": {
                    "lower": 0.5903567016504604,
                    "upper": 0.6936398135826088
                },
                "f1-score": {
                    "lower": 0.5292744704089191,
                    "upper": 0.5919882949883223
                }
            }
        }
    }
}