{
    "accuracy": 0.7044136597938144,
    "precision": 0.5435828182109873,
    "recall": 0.6688946381725351,
    "f1-score": 0.5620428995915686,
    "confidence": {
        "accuracy": {
            "lower": 0.6921673646907217,
            "upper": 0.714892074742268
        },
        "precision": {
            "lower": 0.5283459325908434,
            "upper": 0.5578533695129114
        },
        "recall": {
            "lower": 0.6328537783858248,
            "upper": 0.7038794498127307
        },
        "f1-score": {
            "lower": 0.5422685440061004,
            "upper": 0.5805961546962138
        }
    },
    "per_label": {
        "<": {
            "precision": 0.7483852025836759,
            "recall": 0.7570537570537571,
            "f1-score": 0.7526945223682268,
            "support": 3367.0
        },
        ">": {
            "precision": 0.7226993865030675,
            "recall": 0.6432471787404441,
            "f1-score": 0.6806625577812019,
            "support": 2747.0
        },
        "=": {
            "precision": 0.15966386554621848,
            "recall": 0.6063829787234043,
            "f1-score": 0.25277161862527714,
            "support": 94.0
        }
    },
    "pre_type": {
        "ee": {
            "accuracy": 0.6726804123711341,
            "precision": 0.5430334591025687,
            "recall": 0.6519006351818514,
            "f1-score": 0.552436423163495,
            "support": 1552,
            "confidence": {
                "accuracy": {
                    "lower": 0.6494845360824743,
                    "upper": 0.6958923969072165
                },
                "precision": {
                    "lower": 0.5186844487275422,
                    "upper": 0.5669587871857437
                },
                "recall": {
                    "lower": 0.6053067372975176,
                    "upper": 0.7015188112592645
                },
                "f1-score": {
                    "lower": 0.5218569052474652,
                    "upper": 0.5833734438358241
                }
            }
        },
        "es": {
            "accuracy": 0.7235824742268041,
            "precision": 0.492181350539351,
            "recall": 0.46308493123083805,
            "f1-score": 0.4643857934180515,
            "support": 1552,
            "confidence": {
                "accuracy": {
                    "lower": 0.701659149484536,
                    "upper": 0.7461340206185567
                },
                "precision": {
                    "lower": 0.4758677988295666,
                    "upper": 0.5080966084191587
                },
                "recall": {
                    "lower": 0.4474008857364168,
                    "upper": 0.47731314559212346
                },
                "f1-score": {
                    "lower": 0.4475578158883377,
                    "upper": 0.47986498615196854
                }
            }
        },
        "se": {
            "accuracy": 0.7461340206185567,
            "precision": 0.5004195150131356,
            "recall": 0.4251392468201846,
            "f1-score": 0.43008496216166026,
            "support": 1552,
            "confidence": {
                "accuracy": {
                    "lower": 0.7248711340206185,
                    "upper": 0.7680412371134021
                },
                "precision": {
                    "lower": 0.4800987126338778,
                    "upper": 0.5202748775844372
                },
                "recall": {
                    "lower": 0.4112282971374841,
                    "upper": 0.441183142610259
                },
                "f1-score": {
                    "lower": 0.41174506408036476,
                    "upper": 0.4496943459761567
                }
            }
        },
        "ss": {
            "accuracy": 0.6752577319587629,
            "precision": 0.5531931140320863,
            "recall": 0.6454560719816297,
            "f1-score": 0.5505616109127671,
            "support": 1552,
            "confidence": {
                "accuracy": {
                    "lower": 0.6514175257731959,
                    "upper": 0.6984697164948453
                },
                "precision": {
                    "lower": 0.5302506861517909,
                    "upper": 0.578974589340217
                },
                "recall": {
                    "lower": 0.5938892086008968,
                    "upper": 0.6938638409663893
                },
                "f1-score": {
                    "lower": 0.5193967206080963,
                    "upper": 0.5824520488538047
                }
            }
        }
    }
}