{
    "accuracy": 0.5633333333333334,
    "precision": 0.1877777777777778,
    "recall": 0.3333333333333333,
    "f1-score": 0.240227434257285,
    "confidence": {
        "accuracy": {
            "lower": 0.551,
            "upper": 0.5753333333333334
        },
        "precision": {
            "lower": 0.18366666666666667,
            "upper": 0.1917777777777778
        },
        "recall": {
            "lower": 0.3333333333333333,
            "upper": 0.3333333333333333
        },
        "f1-score": {
            "lower": 0.23683644960240705,
            "upper": 0.24347580758922274
        }
    },
    "per_label": {
        "<": {
            "precision": 0.5633333333333334,
            "recall": 1.0,
            "f1-score": 0.720682302771855,
            "support": 3380.0
        },
        ">": {
            "precision": 0.0,
            "recall": 0.0,
            "f1-score": 0.0,
            "support": 2528.0
        },
        "=": {
            "precision": 0.0,
            "recall": 0.0,
            "f1-score": 0.0,
            "support": 92.0
        }
    },
    "pre_type": {
        "ee": {
            "accuracy": 0.46266666666666667,
            "precision": 0.15422222222222223,
            "recall": 0.3333333333333333,
            "f1-score": 0.21087815253722272,
            "support": 1500,
            "confidence": {
                "accuracy": {
                    "lower": 0.434,
                    "upper": 0.48733333333333334
                },
                "precision": {
                    "lower": 0.14466666666666667,
                    "upper": 0.16244444444444445
                },
                "recall": {
                    "lower": 0.3333333333333333,
                    "upper": 0.3333333333333333
                },
                "f1-score": {
                    "lower": 0.20176662017666203,
                    "upper": 0.21843717316599431
                }
            }
        },
        "es": {
            "accuracy": 0.2673333333333333,
            "precision": 0.0891111111111111,
            "recall": 0.3333333333333333,
            "f1-score": 0.1406277397860775,
            "support": 1500,
            "confidence": {
                "accuracy": {
                    "lower": 0.24466666666666667,
                    "upper": 0.28933333333333333
                },
                "precision": {
                    "lower": 0.08155555555555556,
                    "upper": 0.09644444444444444
                },
                "recall": {
                    "lower": 0.3333333333333333,
                    "upper": 0.3333333333333333
                },
                "f1-score": {
                    "lower": 0.1310480271380111,
                    "upper": 0.14960358497069975
                }
            }
        },
        "se": {
            "accuracy": 0.8746666666666667,
            "precision": 0.29155555555555557,
            "recall": 0.3333333333333333,
            "f1-score": 0.3110478899952584,
            "support": 1500,
            "confidence": {
                "accuracy": {
                    "lower": 0.8579833333333333,
                    "upper": 0.8913333333333333
                },
                "precision": {
                    "lower": 0.28599444444444444,
                    "upper": 0.2971111111111111
                },
                "recall": {
                    "lower": 0.3333333333333333,
                    "upper": 0.3333333333333333
                },
                "f1-score": {
                    "lower": 0.30785469198470694,
                    "upper": 0.3141816472799906
                }
            }
        },
        "ss": {
            "accuracy": 0.6486666666666666,
            "precision": 0.2162222222222222,
            "recall": 0.3333333333333333,
            "f1-score": 0.262299501280496,
            "support": 1500,
            "confidence": {
                "accuracy": {
                    "lower": 0.6233166666666666,
                    "upper": 0.67335
                },
                "precision": {
                    "lower": 0.2077722222222222,
                    "upper": 0.22445
                },
                "recall": {
                    "lower": 0.3333333333333333,
                    "upper": 0.3333333333333333
                },
                "f1-score": {
                    "lower": 0.25598483046190823,
                    "upper": 0.2682642587753327
                }
            }
        }
    }
}