{
    "accuracy": 0.5633333333333334,
    "precision": 0.5633333333333334,
    "recall": 0.5633333333333334,
    "f1-score": 0.5633333333333334,
    "confidence": {
        "accuracy": {
            "lower": 0.5514916666666667,
            "upper": 0.5756749999999999
        },
        "precision": {
            "lower": 0.5514916666666667,
            "upper": 0.5756749999999999
        },
        "recall": {
            "lower": 0.5514916666666667,
            "upper": 0.5756749999999999
        },
        "f1-score": {
            "lower": 0.5514916666666667,
            "upper": 0.5756749999999999
        }
    },
    "per_label": {
        "<": {
            "precision": 0.5633333333333334,
            "recall": 1.0,
            "f1-score": 0.720682302771855,
            "support": 3380.0
        },
        ">": {
            "precision": 0.0,
            "recall": 0.0,
            "f1-score": 0.0,
            "support": 2528.0
        },
        "=": {
            "precision": 0.0,
            "recall": 0.0,
            "f1-score": 0.0,
            "support": 92.0
        },
        "-": {
            "precision": 0.0,
            "recall": 0.0,
            "f1-score": 0.0,
            "support": 0.0
        }
    },
    "pre_type": {
        "ss": {
            "accuracy": 0.6486666666666666,
            "precision": 0.6486666666666666,
            "recall": 0.6486666666666666,
            "f1-score": 0.6486666666666666,
            "confidence": {
                "accuracy": {
                    "lower": 0.6246666666666667,
                    "upper": 0.6733333333333333
                },
                "precision": {
                    "lower": 0.6246666666666667,
                    "upper": 0.6733333333333333
                },
                "recall": {
                    "lower": 0.6246666666666667,
                    "upper": 0.6733333333333333
                },
                "f1-score": {
                    "lower": 0.6246666666666667,
                    "upper": 0.6733333333333333
                }
            }
        },
        "ee": {
            "accuracy": 0.46266666666666667,
            "precision": 0.46266666666666667,
            "recall": 0.46266666666666667,
            "f1-score": 0.46266666666666667,
            "confidence": {
                "accuracy": {
                    "lower": 0.43733333333333335,
                    "upper": 0.4887
                },
                "precision": {
                    "lower": 0.43733333333333335,
                    "upper": 0.4887
                },
                "recall": {
                    "lower": 0.43733333333333335,
                    "upper": 0.4887
                },
                "f1-score": {
                    "lower": 0.43733333333333335,
                    "upper": 0.4887
                }
            }
        },
        "se": {
            "accuracy": 0.8746666666666667,
            "precision": 0.8746666666666667,
            "recall": 0.8746666666666667,
            "f1-score": 0.8746666666666667,
            "confidence": {
                "accuracy": {
                    "lower": 0.8586666666666667,
                    "upper": 0.8906666666666667
                },
                "precision": {
                    "lower": 0.8586666666666667,
                    "upper": 0.8906666666666667
                },
                "recall": {
                    "lower": 0.8586666666666667,
                    "upper": 0.8906666666666667
                },
                "f1-score": {
                    "lower": 0.8586666666666666,
                    "upper": 0.8906666666666667
                }
            }
        },
        "es": {
            "accuracy": 0.2673333333333333,
            "precision": 0.2673333333333333,
            "recall": 0.2673333333333333,
            "f1-score": 0.2673333333333333,
            "confidence": {
                "accuracy": {
                    "lower": 0.24533333333333332,
                    "upper": 0.29068333333333335
                },
                "precision": {
                    "lower": 0.24533333333333332,
                    "upper": 0.29068333333333335
                },
                "recall": {
                    "lower": 0.24533333333333332,
                    "upper": 0.29068333333333335
                },
                "f1-score": {
                    "lower": 0.24533333333333332,
                    "upper": 0.29068333333333335
                }
            }
        }
    }
}