{
    "accuracy": 0.326,
    "precision": 0.3252653420319056,
    "recall": 0.33586643078355966,
    "f1-score": 0.26759776093861704,
    "confidence": {
        "accuracy": {
            "lower": 0.31466666666666665,
            "upper": 0.33866666666666667
        },
        "precision": {
            "lower": 0.31521109477540665,
            "upper": 0.336520976039464
        },
        "recall": {
            "lower": 0.30443979639847485,
            "upper": 0.3720682578818784
        },
        "f1-score": {
            "lower": 0.2586089326130021,
            "upper": 0.2777113256179024
        }
    },
    "per_label": {
        "<": {
            "precision": 0.5495098039215687,
            "recall": 0.33165680473372783,
            "f1-score": 0.4136531365313653,
            "support": 3380.0
        },
        ">": {
            "precision": 0.4098109351047522,
            "recall": 0.317246835443038,
            "f1-score": 0.3576365663322185,
            "support": 2528.0
        },
        "=": {
            "precision": 0.016475287069395907,
            "recall": 0.358695652173913,
            "f1-score": 0.031503579952267304,
            "support": 92.0
        }
    },
    "pre_type": {
        "ee": {
            "accuracy": 0.318,
            "precision": 0.31713937033639633,
            "recall": 0.3198779667499786,
            "f1-score": 0.26853672396455813,
            "support": 1500,
            "confidence": {
                "accuracy": {
                    "lower": 0.29533333333333334,
                    "upper": 0.34068333333333334
                },
                "precision": {
                    "lower": 0.2974888318267247,
                    "upper": 0.337747568902421
                },
                "recall": {
                    "lower": 0.2738694796033879,
                    "upper": 0.3708528945796856
                },
                "f1-score": {
                    "lower": 0.248934196264581,
                    "upper": 0.2881820734463107
                }
            }
        },
        "es": {
            "accuracy": 0.322,
            "precision": 0.32903625019336874,
            "recall": 0.221993545102969,
            "f1-score": 0.24625994155392458,
            "support": 1500,
            "confidence": {
                "accuracy": {
                    "lower": 0.2986666666666667,
                    "upper": 0.346
                },
                "precision": {
                    "lower": 0.31025477365562654,
                    "upper": 0.34780434714309283
                },
                "recall": {
                    "lower": 0.20365625494803508,
                    "upper": 0.24027799065938288
                },
                "f1-score": {
                    "lower": 0.22910665750888679,
                    "upper": 0.2637996065209767
                }
            }
        },
        "se": {
            "accuracy": 0.3333333333333333,
            "precision": 0.32741661642516096,
            "recall": 0.21361464279536413,
            "f1-score": 0.21966460123869969,
            "support": 1500,
            "confidence": {
                "accuracy": {
                    "lower": 0.3113166666666667,
                    "upper": 0.35733333333333334
                },
                "precision": {
                    "lower": 0.31346925954751925,
                    "upper": 0.3411799382536425
                },
                "recall": {
                    "lower": 0.18902607123575388,
                    "upper": 0.2375776654988683
                },
                "f1-score": {
                    "lower": 0.20264271625157781,
                    "upper": 0.2373825974315439
                }
            }
        },
        "ss": {
            "accuracy": 0.33066666666666666,
            "precision": 0.32275947424165835,
            "recall": 0.3460513003834868,
            "f1-score": 0.27149806532187026,
            "support": 1500,
            "confidence": {
                "accuracy": {
                    "lower": 0.308,
                    "upper": 0.35533333333333333
                },
                "precision": {
                    "lower": 0.3032107613977836,
                    "upper": 0.3433341207867521
                },
                "recall": {
                    "lower": 0.29415226292235463,
                    "upper": 0.39567467625322184
                },
                "f1-score": {
                    "lower": 0.25152108278886914,
                    "upper": 0.2922677432113378
                }
            }
        }
    }
}