{
    "accuracy": 0.246,
    "precision": 0.3290969899665552,
    "recall": 0.246,
    "f1-score": 0.2815450643776824,
    "confidence": {
        "accuracy": {
            "lower": 0.23533333333333334,
            "upper": 0.25666666666666665
        },
        "precision": {
            "lower": 0.31577777777777777,
            "upper": 0.34272555738015537
        },
        "recall": {
            "lower": 0.23533333333333334,
            "upper": 0.25666666666666665
        },
        "f1-score": {
            "lower": 0.26947126459766435,
            "upper": 0.2927546522037209
        }
    },
    "per_label": {
        "<": {
            "precision": 0.5471186440677966,
            "recall": 0.23875739644970415,
            "f1-score": 0.3324407826982492,
            "support": 3380.0
        },
        ">": {
            "precision": 0.42678923177938277,
            "recall": 0.25712025316455694,
            "f1-score": 0.3209084176746482,
            "support": 2528.0
        },
        "=": {
            "precision": 0.012777404169468728,
            "recall": 0.20652173913043478,
            "f1-score": 0.024065864471184292,
            "support": 92.0
        },
        "-": {
            "precision": 0.0,
            "recall": 0.0,
            "f1-score": 0.0,
            "support": 0.0
        }
    },
    "pre_type": {
        "ss": {
            "accuracy": 0.236,
            "precision": 0.31891891891891894,
            "recall": 0.236,
            "f1-score": 0.2712643678160919,
            "confidence": {
                "accuracy": {
                    "lower": 0.21598333333333333,
                    "upper": 0.25666666666666665
                },
                "precision": {
                    "lower": 0.29279168380556025,
                    "upper": 0.3444425802641469
                },
                "recall": {
                    "lower": 0.21598333333333333,
                    "upper": 0.25666666666666665
                },
                "f1-score": {
                    "lower": 0.24903968012152203,
                    "upper": 0.2932682055516937
                }
            }
        },
        "ee": {
            "accuracy": 0.246,
            "precision": 0.32683790965456155,
            "recall": 0.246,
            "f1-score": 0.2807151007987828,
            "confidence": {
                "accuracy": {
                    "lower": 0.22465,
                    "upper": 0.26735
                },
                "precision": {
                    "lower": 0.299991134751773,
                    "upper": 0.35455428399337446
                },
                "recall": {
                    "lower": 0.22465,
                    "upper": 0.26735
                },
                "f1-score": {
                    "lower": 0.2572065374276519,
                    "upper": 0.3032963255067968
                }
            }
        },
        "se": {
            "accuracy": 0.256,
            "precision": 0.3395225464190981,
            "recall": 0.256,
            "f1-score": 0.29190421892816426,
            "confidence": {
                "accuracy": {
                    "lower": 0.23465,
                    "upper": 0.27666666666666667
                },
                "precision": {
                    "lower": 0.3126564418131245,
                    "upper": 0.3661914621433182
                },
                "recall": {
                    "lower": 0.23465,
                    "upper": 0.27666666666666667
                },
                "f1-score": {
                    "lower": 0.26845241286863264,
                    "upper": 0.3148829798764823
                }
            }
        },
        "es": {
            "accuracy": 0.246,
            "precision": 0.3309417040358744,
            "recall": 0.246,
            "f1-score": 0.2822179732313575,
            "confidence": {
                "accuracy": {
                    "lower": 0.224,
                    "upper": 0.26535
                },
                "precision": {
                    "lower": 0.3029756118409364,
                    "upper": 0.35773891557155596
                },
                "recall": {
                    "lower": 0.224,
                    "upper": 0.26535
                },
                "f1-score": {
                    "lower": 0.25756980149574743,
                    "upper": 0.30399595268350005
                }
            }
        }
    }
}