{
    "accuracy": 0.6283333333333333,
    "precision": 0.46972850435262714,
    "recall": 0.537831368002614,
    "f1-score": 0.4668520869965205,
    "confidence": {
        "accuracy": {
            "lower": 0.6148291666666666,
            "upper": 0.6406708333333334
        },
        "precision": {
            "lower": 0.4586004569742885,
            "upper": 0.4805667408773505
        },
        "recall": {
            "lower": 0.5030866817349813,
            "upper": 0.5724704027892844
        },
        "f1-score": {
            "lower": 0.45170514008864115,
            "upper": 0.4814990248756062
        }
    },
    "per_label": {
        "<": {
            "precision": 0.6974957313602732,
            "recall": 0.7251479289940829,
            "f1-score": 0.7110530896431679,
            "support": 3380.0
        },
        ">": {
            "precision": 0.637537239324727,
            "recall": 0.5079113924050633,
            "f1-score": 0.5653896961690885,
            "support": 2528.0
        },
        "=": {
            "precision": 0.07415254237288135,
            "recall": 0.3804347826086957,
            "f1-score": 0.12411347517730496,
            "support": 92.0
        }
    },
    "pre_type": {
        "ee": {
            "accuracy": 0.466,
            "precision": 0.39587904828401105,
            "recall": 0.43293859099572013,
            "f1-score": 0.368547418985586,
            "support": 1500,
            "confidence": {
                "accuracy": {
                    "lower": 0.44133333333333336,
                    "upper": 0.49266666666666664
                },
                "precision": {
                    "lower": 0.3752672712697116,
                    "upper": 0.4178361368626039
                },
                "recall": {
                    "lower": 0.38669477594977847,
                    "upper": 0.4861016018639768
                },
                "f1-score": {
                    "lower": 0.34519596226462806,
                    "upper": 0.3935094672462323
                }
            }
        },
        "es": {
            "accuracy": 0.6486666666666666,
            "precision": 0.36791905681066434,
            "recall": 0.3679737568423496,
            "f1-score": 0.36794617665169665,
            "support": 1500,
            "confidence": {
                "accuracy": {
                    "lower": 0.6239833333333333,
                    "upper": 0.672
                },
                "precision": {
                    "lower": 0.3501890822032255,
                    "upper": 0.384923333146082
                },
                "recall": {
                    "lower": 0.35023810311501935,
                    "upper": 0.38557757232691847
                },
                "f1-score": {
                    "lower": 0.35032852005507853,
                    "upper": 0.38486435307283806
                }
            }
        },
        "se": {
            "accuracy": 0.8453333333333334,
            "precision": 0.3731503900995426,
            "recall": 0.35253416363950874,
            "f1-score": 0.354004945086539,
            "support": 1500,
            "confidence": {
                "accuracy": {
                    "lower": 0.8266666666666667,
                    "upper": 0.864
                },
                "precision": {
                    "lower": 0.34569547431871517,
                    "upper": 0.4045578126940299
                },
                "recall": {
                    "lower": 0.3390227888726341,
                    "upper": 0.36722754955020404
                },
                "f1-score": {
                    "lower": 0.33614718556769885,
                    "upper": 0.37316489627299454
                }
            }
        },
        "ss": {
            "accuracy": 0.5533333333333333,
            "precision": 0.41089228775594866,
            "recall": 0.4729845235006324,
            "f1-score": 0.4044074737250328,
            "support": 1500,
            "confidence": {
                "accuracy": {
                    "lower": 0.528,
                    "upper": 0.5786666666666667
                },
                "precision": {
                    "lower": 0.3898205478068188,
                    "upper": 0.4320398501765888
                },
                "recall": {
                    "lower": 0.4220897422114887,
                    "upper": 0.5269000083370161
                },
                "f1-score": {
                    "lower": 0.3793149289791322,
                    "upper": 0.4310962331650856
                }
            }
        }
    }
}