{
    "accuracy": 0.5653333333333334,
    "precision": 0.6279155868196964,
    "recall": 0.5653333333333334,
    "f1-score": 0.594983336256797,
    "confidence": {
        "accuracy": {
            "lower": 0.554,
            "upper": 0.5773333333333334
        },
        "precision": {
            "lower": 0.615710847690024,
            "upper": 0.6398712426324636
        },
        "recall": {
            "lower": 0.554,
            "upper": 0.5773333333333334
        },
        "f1-score": {
            "lower": 0.5837573523339464,
            "upper": 0.6071424606777175
        }
    },
    "per_label": {
        "<": {
            "precision": 0.6608308605341247,
            "recall": 0.6588757396449704,
            "f1-score": 0.6598518518518518,
            "support": 3380.0
        },
        ">": {
            "precision": 0.5966993295513151,
            "recall": 0.4576740506329114,
            "f1-score": 0.518021043205731,
            "support": 2528.0
        },
        "=": {
            "precision": 0.08602150537634409,
            "recall": 0.08695652173913043,
            "f1-score": 0.08648648648648649,
            "support": 92.0
        },
        "-": {
            "precision": 0.0,
            "recall": 0.0,
            "f1-score": 0.0,
            "support": 0.0
        }
    },
    "pre_type": {
        "ee": {
            "accuracy": 0.4533333333333333,
            "precision": 0.4956268221574344,
            "recall": 0.4533333333333333,
            "f1-score": 0.4735376044568245,
            "confidence": {
                "accuracy": {
                    "lower": 0.4279833333333333,
                    "upper": 0.4786666666666667
                },
                "precision": {
                    "lower": 0.4706282286945774,
                    "upper": 0.5233996506583746
                },
                "recall": {
                    "lower": 0.4279833333333333,
                    "upper": 0.4786666666666667
                },
                "f1-score": {
                    "lower": 0.4479385045422781,
                    "upper": 0.49948988489710494
                }
            }
        },
        "es": {
            "accuracy": 0.49666666666666665,
            "precision": 0.5534918276374443,
            "recall": 0.49666666666666665,
            "f1-score": 0.5235418130709769,
            "confidence": {
                "accuracy": {
                    "lower": 0.4706666666666667,
                    "upper": 0.5206666666666667
                },
                "precision": {
                    "lower": 0.5261180791213829,
                    "upper": 0.5783242017105732
                },
                "recall": {
                    "lower": 0.4706666666666667,
                    "upper": 0.5206666666666667
                },
                "f1-score": {
                    "lower": 0.49684575007030024,
                    "upper": 0.5472475187477739
                }
            }
        },
        "se": {
            "accuracy": 0.7686666666666667,
            "precision": 0.8342981186685963,
            "recall": 0.7686666666666667,
            "f1-score": 0.8001387925052047,
            "confidence": {
                "accuracy": {
                    "lower": 0.748,
                    "upper": 0.7893333333333333
                },
                "precision": {
                    "lower": 0.8158254408034266,
                    "upper": 0.8543524345283499
                },
                "recall": {
                    "lower": 0.748,
                    "upper": 0.7893333333333333
                },
                "f1-score": {
                    "lower": 0.780706613847057,
                    "upper": 0.8200362784098563
                }
            }
        },
        "ss": {
            "accuracy": 0.5426666666666666,
            "precision": 0.6251920122887865,
            "recall": 0.5426666666666666,
            "f1-score": 0.5810135617416132,
            "confidence": {
                "accuracy": {
                    "lower": 0.5179666666666667,
                    "upper": 0.5680166666666666
                },
                "precision": {
                    "lower": 0.5992179351128767,
                    "upper": 0.6527270463352078
                },
                "recall": {
                    "lower": 0.5179666666666667,
                    "upper": 0.5680166666666666
                },
                "f1-score": {
                    "lower": 0.5554765291607398,
                    "upper": 0.6072113220492776
                }
            }
        }
    }
}