{
    "accuracy": 0.5935,
    "precision": 0.45100272533386504,
    "recall": 0.5346751627463177,
    "f1-score": 0.44886825332103736,
    "confidence": {
        "accuracy": {
            "lower": 0.5809958333333333,
            "upper": 0.6058333333333333
        },
        "precision": {
            "lower": 0.44008782581081557,
            "upper": 0.4628519688217839
        },
        "recall": {
            "lower": 0.4997319454740817,
            "upper": 0.5703677578697289
        },
        "f1-score": {
            "lower": 0.43488183362304156,
            "upper": 0.464051034952561
        }
    },
    "per_label": {
        "<": {
            "precision": 0.6945076373090673,
            "recall": 0.6322485207100592,
            "f1-score": 0.6619172990552888,
            "support": 3380.0
        },
        ">": {
            "precision": 0.5913748932536294,
            "recall": 0.5478639240506329,
            "f1-score": 0.5687885010266941,
            "support": 2528.0
        },
        "=": {
            "precision": 0.06712564543889846,
            "recall": 0.42391304347826086,
            "f1-score": 0.11589895988112928,
            "support": 92.0
        }
    },
    "pre_type": {
        "ee": {
            "accuracy": 0.426,
            "precision": 0.36586932826903457,
            "recall": 0.42224938834996273,
            "f1-score": 0.3480295021344435,
            "support": 1500,
            "confidence": {
                "accuracy": {
                    "lower": 0.4013333333333333,
                    "upper": 0.4513333333333333
                },
                "precision": {
                    "lower": 0.3451599830227269,
                    "upper": 0.38847807646243276
                },
                "recall": {
                    "lower": 0.37087008568689084,
                    "upper": 0.4748239323603588
                },
                "f1-score": {
                    "lower": 0.32354287038078244,
                    "upper": 0.37279079627008277
                }
            }
        },
        "es": {
            "accuracy": 0.6573333333333333,
            "precision": 0.3486780635409554,
            "recall": 0.34551927732987825,
            "f1-score": 0.3441872137524311,
            "support": 1500,
            "confidence": {
                "accuracy": {
                    "lower": 0.63465,
                    "upper": 0.68135
                },
                "precision": {
                    "lower": 0.33138250683655446,
                    "upper": 0.3690070363330688
                },
                "recall": {
                    "lower": 0.33177374313252767,
                    "upper": 0.3614894650624034
                },
                "f1-score": {
                    "lower": 0.3290229894884121,
                    "upper": 0.36164854654200634
                }
            }
        },
        "se": {
            "accuracy": 0.786,
            "precision": 0.3345287484652026,
            "recall": 0.3344793288358416,
            "f1-score": 0.3344754777016233,
            "support": 1500,
            "confidence": {
                "accuracy": {
                    "lower": 0.7653333333333333,
                    "upper": 0.8073333333333333
                },
                "precision": {
                    "lower": 0.31743372272155423,
                    "upper": 0.35246099717396756
                },
                "recall": {
                    "lower": 0.31783656543139993,
                    "upper": 0.3525263821880701
                },
                "f1-score": {
                    "lower": 0.3173466758421021,
                    "upper": 0.35229641386877525
                }
            }
        },
        "ss": {
            "accuracy": 0.5046666666666667,
            "precision": 0.3879266207415075,
            "recall": 0.44892265317664126,
            "f1-score": 0.37166682389877875,
            "support": 1500,
            "confidence": {
                "accuracy": {
                    "lower": 0.478,
                    "upper": 0.53
                },
                "precision": {
                    "lower": 0.3665121929254163,
                    "upper": 0.4103594711859473
                },
                "recall": {
                    "lower": 0.39743285295329306,
                    "upper": 0.5021914318232834
                },
                "f1-score": {
                    "lower": 0.34730195660191576,
                    "upper": 0.396641907029501
                }
            }
        }
    }
}