{
    "<": {
        "precision": 0.43203230148048455,
        "recall": 0.38420107719928187,
        "f1-score": 0.40671523598352866,
        "support": 1671.0
    },
    ">": {
        "precision": 0.4233784746970777,
        "recall": 0.35547576301615796,
        "f1-score": 0.38646714378659724,
        "support": 1671.0
    },
    "=": {
        "precision": 0.13778162911611785,
        "recall": 0.2264957264957265,
        "f1-score": 0.1713362068965517,
        "support": 702.0
    },
    "-": {
        "precision": 0.0,
        "recall": 0.0,
        "f1-score": 0.0,
        "support": 0.0
    },
    "accuracy": 0.3449554896142433,
    "macro avg": {
        "precision": 0.24829810132342,
        "recall": 0.2415431416777916,
        "f1-score": 0.2411296466666694,
        "support": 4044.0
    },
    "weighted avg": {
        "precision": 0.37737737651637515,
        "recall": 0.3449554896142433,
        "f1-score": 0.35748906375797723,
        "support": 4044.0
    },
    "type": {},
    "ss": {
        "<": {
            "precision": 0.43203230148048455,
            "recall": 0.38420107719928187,
            "f1-score": 0.40671523598352866,
            "support": 1671.0
        },
        ">": {
            "precision": 0.4233784746970777,
            "recall": 0.35547576301615796,
            "f1-score": 0.38646714378659724,
            "support": 1671.0
        },
        "=": {
            "precision": 0.13778162911611785,
            "recall": 0.2264957264957265,
            "f1-score": 0.1713362068965517,
            "support": 702.0
        },
        "-": {
            "precision": 0.0,
            "recall": 0.0,
            "f1-score": 0.0,
            "support": 0.0
        },
        "accuracy": 0.3449554896142433,
        "macro avg": {
            "precision": 0.24829810132342,
            "recall": 0.2415431416777916,
            "f1-score": 0.2411296466666694,
            "support": 4044.0
        },
        "weighted avg": {
            "precision": 0.37737737651637515,
            "recall": 0.3449554896142433,
            "f1-score": 0.35748906375797723,
            "support": 4044.0
        }
    },
    "ee": {
        "<": {
            "precision": 0.0,
            "recall": 0.0,
            "f1-score": 0.0,
            "support": 0.0
        },
        ">": {
            "precision": 0.0,
            "recall": 0.0,
            "f1-score": 0.0,
            "support": 0.0
        },
        "=": {
            "precision": 0.0,
            "recall": 0.0,
            "f1-score": 0.0,
            "support": 0.0
        },
        "-": {
            "precision": 0.0,
            "recall": 0.0,
            "f1-score": 0.0,
            "support": 0.0
        },
        "accuracy": 0.0,
        "macro avg": {
            "precision": 0.0,
            "recall": 0.0,
            "f1-score": 0.0,
            "support": 0.0
        },
        "weighted avg": {
            "precision": 0.0,
            "recall": 0.0,
            "f1-score": 0.0,
            "support": 0.0
        }
    },
    "se": {
        "<": {
            "precision": 0.0,
            "recall": 0.0,
            "f1-score": 0.0,
            "support": 0.0
        },
        ">": {
            "precision": 0.0,
            "recall": 0.0,
            "f1-score": 0.0,
            "support": 0.0
        },
        "=": {
            "precision": 0.0,
            "recall": 0.0,
            "f1-score": 0.0,
            "support": 0.0
        },
        "-": {
            "precision": 0.0,
            "recall": 0.0,
            "f1-score": 0.0,
            "support": 0.0
        },
        "accuracy": 0.0,
        "macro avg": {
            "precision": 0.0,
            "recall": 0.0,
            "f1-score": 0.0,
            "support": 0.0
        },
        "weighted avg": {
            "precision": 0.0,
            "recall": 0.0,
            "f1-score": 0.0,
            "support": 0.0
        }
    },
    "es": {
        "<": {
            "precision": 0.0,
            "recall": 0.0,
            "f1-score": 0.0,
            "support": 0.0
        },
        ">": {
            "precision": 0.0,
            "recall": 0.0,
            "f1-score": 0.0,
            "support": 0.0
        },
        "=": {
            "precision": 0.0,
            "recall": 0.0,
            "f1-score": 0.0,
            "support": 0.0
        },
        "-": {
            "precision": 0.0,
            "recall": 0.0,
            "f1-score": 0.0,
            "support": 0.0
        },
        "accuracy": 0.0,
        "macro avg": {
            "precision": 0.0,
            "recall": 0.0,
            "f1-score": 0.0,
            "support": 0.0
        },
        "weighted avg": {
            "precision": 0.0,
            "recall": 0.0,
            "f1-score": 0.0,
            "support": 0.0
        }
    }
}