{
    "<": {
        "precision": 0.4980694980694981,
        "recall": 0.6175942549371634,
        "f1-score": 0.5514293347582153,
        "support": 1671.0
    },
    "=": {
        "precision": 0.2964824120603015,
        "recall": 0.16809116809116809,
        "f1-score": 0.21454545454545454,
        "support": 702.0
    },
    ">": {
        "precision": 0.5171537484116899,
        "recall": 0.48713345302214245,
        "f1-score": 0.5016949152542373,
        "support": 1671.0
    },
    "accuracy": 0.4856577645895153,
    "macro avg": {
        "precision": 0.4372352195138298,
        "recall": 0.4242729586834913,
        "f1-score": 0.4225565681859691,
        "support": 4044.0
    },
    "weighted avg": {
        "precision": 0.4709615969674572,
        "recall": 0.4856577645895153,
        "f1-score": 0.4723989937838075,
        "support": 4044.0
    }
}