{
    "<": {
        "precision": 0.4854063762909744,
        "recall": 0.646918013165769,
        "f1-score": 0.5546434068753207,
        "support": 1671.0
    },
    "=": {
        "precision": 0.2594594594594595,
        "recall": 0.20512820512820512,
        "f1-score": 0.22911694510739858,
        "support": 702.0
    },
    ">": {
        "precision": 0.5316957210776545,
        "recall": 0.40155595451825254,
        "f1-score": 0.45755199454483464,
        "support": 1671.0
    },
    "accuracy": 0.4688427299703264,
    "macro avg": {
        "precision": 0.4255205189426961,
        "recall": 0.4178673909374089,
        "f1-score": 0.41377078217585134,
        "support": 4044.0
    },
    "weighted avg": {
        "precision": 0.46531111405626097,
        "recall": 0.4688427299703264,
        "f1-score": 0.4580164716217788,
        "support": 4044.0
    }
}