{
    "<": {
        "precision": 0.4818577648766328,
        "recall": 0.39736684619988033,
        "f1-score": 0.43555264020990486,
        "support": 1671.0
    },
    ">": {
        "precision": 0.4680025856496445,
        "recall": 0.43327348892878514,
        "f1-score": 0.4499689247980112,
        "support": 1671.0
    },
    "=": {
        "precision": 0.22361359570661896,
        "recall": 0.3561253561253561,
        "f1-score": 0.27472527472527475,
        "support": 702.0
    },
    "-": {
        "precision": 0.0,
        "recall": 0.0,
        "f1-score": 0.0,
        "support": 0.0
    },
    "accuracy": 0.4050445103857567,
    "macro avg": {
        "precision": 0.29336848655822406,
        "recall": 0.2966914228135054,
        "f1-score": 0.2900617099332977,
        "support": 4044.0
    },
    "weighted avg": {
        "precision": 0.43130400344101283,
        "recall": 0.4050445103857567,
        "f1-score": 0.41359141394296994,
        "support": 4044.0
    },
    "type": {},
    "ss": {
        "<": {
            "precision": 0.4818577648766328,
            "recall": 0.39736684619988033,
            "f1-score": 0.43555264020990486,
            "support": 1671.0
        },
        ">": {
            "precision": 0.4680025856496445,
            "recall": 0.43327348892878514,
            "f1-score": 0.4499689247980112,
            "support": 1671.0
        },
        "=": {
            "precision": 0.22361359570661896,
            "recall": 0.3561253561253561,
            "f1-score": 0.27472527472527475,
            "support": 702.0
        },
        "-": {
            "precision": 0.0,
            "recall": 0.0,
            "f1-score": 0.0,
            "support": 0.0
        },
        "accuracy": 0.4050445103857567,
        "macro avg": {
            "precision": 0.29336848655822406,
            "recall": 0.2966914228135054,
            "f1-score": 0.2900617099332977,
            "support": 4044.0
        },
        "weighted avg": {
            "precision": 0.43130400344101283,
            "recall": 0.4050445103857567,
            "f1-score": 0.41359141394296994,
            "support": 4044.0
        }
    },
    "ee": {
        "<": {
            "precision": 0.0,
            "recall": 0.0,
            "f1-score": 0.0,
            "support": 0.0
        },
        ">": {
            "precision": 0.0,
            "recall": 0.0,
            "f1-score": 0.0,
            "support": 0.0
        },
        "=": {
            "precision": 0.0,
            "recall": 0.0,
            "f1-score": 0.0,
            "support": 0.0
        },
        "-": {
            "precision": 0.0,
            "recall": 0.0,
            "f1-score": 0.0,
            "support": 0.0
        },
        "accuracy": 0.0,
        "macro avg": {
            "precision": 0.0,
            "recall": 0.0,
            "f1-score": 0.0,
            "support": 0.0
        },
        "weighted avg": {
            "precision": 0.0,
            "recall": 0.0,
            "f1-score": 0.0,
            "support": 0.0
        }
    },
    "se": {
        "<": {
            "precision": 0.0,
            "recall": 0.0,
            "f1-score": 0.0,
            "support": 0.0
        },
        ">": {
            "precision": 0.0,
            "recall": 0.0,
            "f1-score": 0.0,
            "support": 0.0
        },
        "=": {
            "precision": 0.0,
            "recall": 0.0,
            "f1-score": 0.0,
            "support": 0.0
        },
        "-": {
            "precision": 0.0,
            "recall": 0.0,
            "f1-score": 0.0,
            "support": 0.0
        },
        "accuracy": 0.0,
        "macro avg": {
            "precision": 0.0,
            "recall": 0.0,
            "f1-score": 0.0,
            "support": 0.0
        },
        "weighted avg": {
            "precision": 0.0,
            "recall": 0.0,
            "f1-score": 0.0,
            "support": 0.0
        }
    },
    "es": {
        "<": {
            "precision": 0.0,
            "recall": 0.0,
            "f1-score": 0.0,
            "support": 0.0
        },
        ">": {
            "precision": 0.0,
            "recall": 0.0,
            "f1-score": 0.0,
            "support": 0.0
        },
        "=": {
            "precision": 0.0,
            "recall": 0.0,
            "f1-score": 0.0,
            "support": 0.0
        },
        "-": {
            "precision": 0.0,
            "recall": 0.0,
            "f1-score": 0.0,
            "support": 0.0
        },
        "accuracy": 0.0,
        "macro avg": {
            "precision": 0.0,
            "recall": 0.0,
            "f1-score": 0.0,
            "support": 0.0
        },
        "weighted avg": {
            "precision": 0.0,
            "recall": 0.0,
            "f1-score": 0.0,
            "support": 0.0
        }
    }
}