{
    "<": {
        "precision": 0.4685767097966728,
        "recall": 0.6068222621184919,
        "f1-score": 0.5288135593220339,
        "support": 1671.0
    },
    ">": {
        "precision": 0.461248654467169,
        "recall": 0.5128665469778576,
        "f1-score": 0.4856899971663361,
        "support": 1671.0
    },
    "=": {
        "precision": 0.13333333333333333,
        "recall": 0.002849002849002849,
        "f1-score": 0.005578800557880056,
        "support": 702.0
    },
    "-": {
        "precision": 0.0,
        "recall": 0.0,
        "f1-score": 0.0,
        "support": 0.0
    },
    "accuracy": 0.4631552917903066,
    "macro avg": {
        "precision": 0.2657896743992938,
        "recall": 0.2806344529863381,
        "f1-score": 0.2550205892615625,
        "support": 4044.0
    },
    "weighted avg": {
        "precision": 0.4073536557084272,
        "recall": 0.4631552917903066,
        "f1-score": 0.4201661129781647,
        "support": 4044.0
    },
    "type": {},
    "ss": {
        "<": {
            "precision": 0.4685767097966728,
            "recall": 0.6068222621184919,
            "f1-score": 0.5288135593220339,
            "support": 1671.0
        },
        ">": {
            "precision": 0.461248654467169,
            "recall": 0.5128665469778576,
            "f1-score": 0.4856899971663361,
            "support": 1671.0
        },
        "=": {
            "precision": 0.13333333333333333,
            "recall": 0.002849002849002849,
            "f1-score": 0.005578800557880056,
            "support": 702.0
        },
        "-": {
            "precision": 0.0,
            "recall": 0.0,
            "f1-score": 0.0,
            "support": 0.0
        },
        "accuracy": 0.4631552917903066,
        "macro avg": {
            "precision": 0.2657896743992938,
            "recall": 0.2806344529863381,
            "f1-score": 0.2550205892615625,
            "support": 4044.0
        },
        "weighted avg": {
            "precision": 0.4073536557084272,
            "recall": 0.4631552917903066,
            "f1-score": 0.4201661129781647,
            "support": 4044.0
        }
    },
    "ee": {
        "<": {
            "precision": 0.0,
            "recall": 0.0,
            "f1-score": 0.0,
            "support": 0.0
        },
        ">": {
            "precision": 0.0,
            "recall": 0.0,
            "f1-score": 0.0,
            "support": 0.0
        },
        "=": {
            "precision": 0.0,
            "recall": 0.0,
            "f1-score": 0.0,
            "support": 0.0
        },
        "-": {
            "precision": 0.0,
            "recall": 0.0,
            "f1-score": 0.0,
            "support": 0.0
        },
        "accuracy": 0.0,
        "macro avg": {
            "precision": 0.0,
            "recall": 0.0,
            "f1-score": 0.0,
            "support": 0.0
        },
        "weighted avg": {
            "precision": 0.0,
            "recall": 0.0,
            "f1-score": 0.0,
            "support": 0.0
        }
    },
    "se": {
        "<": {
            "precision": 0.0,
            "recall": 0.0,
            "f1-score": 0.0,
            "support": 0.0
        },
        ">": {
            "precision": 0.0,
            "recall": 0.0,
            "f1-score": 0.0,
            "support": 0.0
        },
        "=": {
            "precision": 0.0,
            "recall": 0.0,
            "f1-score": 0.0,
            "support": 0.0
        },
        "-": {
            "precision": 0.0,
            "recall": 0.0,
            "f1-score": 0.0,
            "support": 0.0
        },
        "accuracy": 0.0,
        "macro avg": {
            "precision": 0.0,
            "recall": 0.0,
            "f1-score": 0.0,
            "support": 0.0
        },
        "weighted avg": {
            "precision": 0.0,
            "recall": 0.0,
            "f1-score": 0.0,
            "support": 0.0
        }
    },
    "es": {
        "<": {
            "precision": 0.0,
            "recall": 0.0,
            "f1-score": 0.0,
            "support": 0.0
        },
        ">": {
            "precision": 0.0,
            "recall": 0.0,
            "f1-score": 0.0,
            "support": 0.0
        },
        "=": {
            "precision": 0.0,
            "recall": 0.0,
            "f1-score": 0.0,
            "support": 0.0
        },
        "-": {
            "precision": 0.0,
            "recall": 0.0,
            "f1-score": 0.0,
            "support": 0.0
        },
        "accuracy": 0.0,
        "macro avg": {
            "precision": 0.0,
            "recall": 0.0,
            "f1-score": 0.0,
            "support": 0.0
        },
        "weighted avg": {
            "precision": 0.0,
            "recall": 0.0,
            "f1-score": 0.0,
            "support": 0.0
        }
    }
}