{
    "<": {
        "precision": 0.5588025659301497,
        "recall": 0.46918013165769,
        "f1-score": 0.5100845803513337,
        "support": 1671.0
    },
    "=": {
        "precision": 0.25925925925925924,
        "recall": 0.029914529914529916,
        "f1-score": 0.05363984674329502,
        "support": 702.0
    },
    ">": {
        "precision": 0.484765625,
        "recall": 0.7426690604428486,
        "f1-score": 0.5866225478610257,
        "support": 1671.0
    },
    "accuracy": 0.5059347181008902,
    "macro avg": {
        "precision": 0.43427581672980303,
        "recall": 0.4139212406716895,
        "f1-score": 0.38344899165188484,
        "support": 4044.0
    },
    "weighted avg": {
        "precision": 0.476212276717181,
        "recall": 0.5059347181008902,
        "f1-score": 0.46247596035030814,
        "support": 4044.0
    }
}