{
    "<": {
        "precision": 0.426625386996904,
        "recall": 0.412327947336924,
        "f1-score": 0.41935483870967744,
        "support": 1671.0
    },
    ">": {
        "precision": 0.4094010614101592,
        "recall": 0.3231597845601436,
        "f1-score": 0.3612040133779264,
        "support": 1671.0
    },
    "=": {
        "precision": 0.13333333333333333,
        "recall": 0.21082621082621084,
        "f1-score": 0.16335540838852097,
        "support": 702.0
    },
    "-": {
        "precision": 0.0,
        "recall": 0.0,
        "f1-score": 0.0,
        "support": 0.0
    },
    "accuracy": 0.3405044510385757,
    "macro avg": {
        "precision": 0.24233994543509912,
        "recall": 0.23657848568081963,
        "f1-score": 0.2359785651190312,
        "support": 4044.0
    },
    "weighted avg": {
        "precision": 0.36859549834030725,
        "recall": 0.3405044510385757,
        "f1-score": 0.3508875713469653,
        "support": 4044.0
    },
    "type": {},
    "ss": {
        "<": {
            "precision": 0.426625386996904,
            "recall": 0.412327947336924,
            "f1-score": 0.41935483870967744,
            "support": 1671.0
        },
        ">": {
            "precision": 0.4094010614101592,
            "recall": 0.3231597845601436,
            "f1-score": 0.3612040133779264,
            "support": 1671.0
        },
        "=": {
            "precision": 0.13333333333333333,
            "recall": 0.21082621082621084,
            "f1-score": 0.16335540838852097,
            "support": 702.0
        },
        "-": {
            "precision": 0.0,
            "recall": 0.0,
            "f1-score": 0.0,
            "support": 0.0
        },
        "accuracy": 0.3405044510385757,
        "macro avg": {
            "precision": 0.24233994543509912,
            "recall": 0.23657848568081963,
            "f1-score": 0.2359785651190312,
            "support": 4044.0
        },
        "weighted avg": {
            "precision": 0.36859549834030725,
            "recall": 0.3405044510385757,
            "f1-score": 0.3508875713469653,
            "support": 4044.0
        }
    },
    "ee": {
        "<": {
            "precision": 0.0,
            "recall": 0.0,
            "f1-score": 0.0,
            "support": 0.0
        },
        ">": {
            "precision": 0.0,
            "recall": 0.0,
            "f1-score": 0.0,
            "support": 0.0
        },
        "=": {
            "precision": 0.0,
            "recall": 0.0,
            "f1-score": 0.0,
            "support": 0.0
        },
        "-": {
            "precision": 0.0,
            "recall": 0.0,
            "f1-score": 0.0,
            "support": 0.0
        },
        "accuracy": 0.0,
        "macro avg": {
            "precision": 0.0,
            "recall": 0.0,
            "f1-score": 0.0,
            "support": 0.0
        },
        "weighted avg": {
            "precision": 0.0,
            "recall": 0.0,
            "f1-score": 0.0,
            "support": 0.0
        }
    },
    "se": {
        "<": {
            "precision": 0.0,
            "recall": 0.0,
            "f1-score": 0.0,
            "support": 0.0
        },
        ">": {
            "precision": 0.0,
            "recall": 0.0,
            "f1-score": 0.0,
            "support": 0.0
        },
        "=": {
            "precision": 0.0,
            "recall": 0.0,
            "f1-score": 0.0,
            "support": 0.0
        },
        "-": {
            "precision": 0.0,
            "recall": 0.0,
            "f1-score": 0.0,
            "support": 0.0
        },
        "accuracy": 0.0,
        "macro avg": {
            "precision": 0.0,
            "recall": 0.0,
            "f1-score": 0.0,
            "support": 0.0
        },
        "weighted avg": {
            "precision": 0.0,
            "recall": 0.0,
            "f1-score": 0.0,
            "support": 0.0
        }
    },
    "es": {
        "<": {
            "precision": 0.0,
            "recall": 0.0,
            "f1-score": 0.0,
            "support": 0.0
        },
        ">": {
            "precision": 0.0,
            "recall": 0.0,
            "f1-score": 0.0,
            "support": 0.0
        },
        "=": {
            "precision": 0.0,
            "recall": 0.0,
            "f1-score": 0.0,
            "support": 0.0
        },
        "-": {
            "precision": 0.0,
            "recall": 0.0,
            "f1-score": 0.0,
            "support": 0.0
        },
        "accuracy": 0.0,
        "macro avg": {
            "precision": 0.0,
            "recall": 0.0,
            "f1-score": 0.0,
            "support": 0.0
        },
        "weighted avg": {
            "precision": 0.0,
            "recall": 0.0,
            "f1-score": 0.0,
            "support": 0.0
        }
    }
}