{
    "INCLUDES": {
        "precision": 0.38133333333333336,
        "recall": 1.0,
        "f1-score": 0.5521235521235521,
        "support": 572.0
    },
    "AFTER": {
        "precision": 0.0,
        "recall": 0.0,
        "f1-score": 0.0,
        "support": 188.0
    },
    "IS_INCLUDED": {
        "precision": 0.0,
        "recall": 0.0,
        "f1-score": 0.0,
        "support": 293.0
    },
    "SIMULTANEOUS": {
        "precision": 0.0,
        "recall": 0.0,
        "f1-score": 0.0,
        "support": 46.0
    },
    "BEFORE": {
        "precision": 0.0,
        "recall": 0.0,
        "f1-score": 0.0,
        "support": 401.0
    },
    "accuracy": 0.38133333333333336,
    "macro avg": {
        "precision": 0.07626666666666668,
        "recall": 0.2,
        "f1-score": 0.11042471042471043,
        "support": 1500.0
    },
    "weighted avg": {
        "precision": 0.1454151111111111,
        "recall": 0.38133333333333336,
        "f1-score": 0.21054311454311456,
        "support": 1500.0
    }
}