{
    "SIMULTANEOUS": {
        "precision": 0.021806853582554516,
        "recall": 0.15217391304347827,
        "f1-score": 0.03814713896457766,
        "support": 46.0
    },
    "BEFORE": {
        "precision": 0.26936026936026936,
        "recall": 0.19950124688279303,
        "f1-score": 0.22922636103151864,
        "support": 401.0
    },
    "IS_INCLUDED": {
        "precision": 0.2097902097902098,
        "recall": 0.20477815699658702,
        "f1-score": 0.20725388601036268,
        "support": 293.0
    },
    "AFTER": {
        "precision": 0.13712374581939799,
        "recall": 0.21808510638297873,
        "f1-score": 0.16837782340862423,
        "support": 188.0
    },
    "INCLUDES": {
        "precision": 0.3569023569023569,
        "recall": 0.1853146853146853,
        "f1-score": 0.24395857307249713,
        "support": 572.0
    },
    "accuracy": 0.196,
    "macro avg": {
        "precision": 0.19899668709095772,
        "recall": 0.19197062172410445,
        "f1-score": 0.17739275649751604,
        "support": 1500.0
    },
    "weighted avg": {
        "precision": 0.266941684739328,
        "recall": 0.196,
        "f1-score": 0.2170661749102237,
        "support": 1500.0
    }
}