{
    "AFTER": {
        "precision": 0.25,
        "recall": 0.13297872340425532,
        "f1-score": 0.1736111111111111,
        "support": 188.0
    },
    "BEFORE": {
        "precision": 0.2827181208053691,
        "recall": 0.8403990024937655,
        "f1-score": 0.42310106716886375,
        "support": 401.0
    },
    "INCLUDES": {
        "precision": 0.0,
        "recall": 0.0,
        "f1-score": 0.0,
        "support": 572.0
    },
    "SIMULTANEOUS": {
        "precision": 0.034482758620689655,
        "recall": 0.13043478260869565,
        "f1-score": 0.05454545454545454,
        "support": 46.0
    },
    "IS_INCLUDED": {
        "precision": 1.0,
        "recall": 0.0034129692832764505,
        "f1-score": 0.006802721088435374,
        "support": 293.0
    },
    "micro avg": {
        "precision": 0.2513623978201635,
        "recall": 0.246,
        "f1-score": 0.2486522911051213,
        "support": 1500.0
    },
    "macro avg": {
        "precision": 0.3134401758852118,
        "recall": 0.2214450955579986,
        "f1-score": 0.13161207078277298,
        "support": 1500.0
    },
    "weighted avg": {
        "precision": 0.30330411555966985,
        "recall": 0.246,
        "f1-score": 0.13786980334107046,
        "support": 1500.0
    }
}