{
    "IS_INCLUDED": {
        "precision": 0.0,
        "recall": 0.0,
        "f1-score": 0.0,
        "support": 293.0
    },
    "AFTER": {
        "precision": 0.16666666666666666,
        "recall": 0.4734042553191489,
        "f1-score": 0.24653739612188366,
        "support": 188.0
    },
    "BEFORE": {
        "precision": 0.2841981132075472,
        "recall": 0.600997506234414,
        "f1-score": 0.3859087269815853,
        "support": 401.0
    },
    "SIMULTANEOUS": {
        "precision": 0.021052631578947368,
        "recall": 0.043478260869565216,
        "f1-score": 0.028368794326241134,
        "support": 46.0
    },
    "INCLUDES": {
        "precision": 0.0,
        "recall": 0.0,
        "f1-score": 0.0,
        "support": 572.0
    },
    "micro avg": {
        "precision": 0.22477995937711578,
        "recall": 0.22133333333333333,
        "f1-score": 0.2230433322136379,
        "support": 1500.0
    },
    "macro avg": {
        "precision": 0.09438348229063223,
        "recall": 0.2235760044846256,
        "f1-score": 0.13216298348594202,
        "support": 1500.0
    },
    "weighted avg": {
        "precision": 0.09751013185479422,
        "recall": 0.22133333333333333,
        "f1-score": 0.13493559635302463,
        "support": 1500.0
    }
}