{
    "INCLUDES": {
        "precision": 0.3333333333333333,
        "recall": 0.006993006993006993,
        "f1-score": 0.0136986301369863,
        "support": 572.0
    },
    "IS_INCLUDED": {
        "precision": 0.25,
        "recall": 0.0034129692832764505,
        "f1-score": 0.006734006734006734,
        "support": 293.0
    },
    "AFTER": {
        "precision": 0.10357142857142858,
        "recall": 0.4627659574468085,
        "f1-score": 0.16926070038910507,
        "support": 188.0
    },
    "BEFORE": {
        "precision": 0.21322314049586777,
        "recall": 0.32169576059850374,
        "f1-score": 0.25646123260437376,
        "support": 401.0
    },
    "SIMULTANEOUS": {
        "precision": 0.10256410256410256,
        "recall": 0.08695652173913043,
        "f1-score": 0.09411764705882353,
        "support": 46.0
    },
    "accuracy": 0.15,
    "macro avg": {
        "precision": 0.20053840099294643,
        "recall": 0.17636484321214524,
        "f1-score": 0.10805444338465908,
        "support": 1500.0
    },
    "weighted avg": {
        "precision": 0.24907234886325796,
        "recall": 0.15,
        "f1-score": 0.09920003874908777,
        "support": 1500.0
    }
}