{
    "AFTER": {
        "precision": 0.17123287671232876,
        "recall": 0.13297872340425532,
        "f1-score": 0.1497005988023952,
        "support": 188.0
    },
    "IS_INCLUDED": {
        "precision": 0.0,
        "recall": 0.0,
        "f1-score": 0.0,
        "support": 293.0
    },
    "BEFORE": {
        "precision": 0.25758754863813227,
        "recall": 0.8254364089775561,
        "f1-score": 0.3926453143534994,
        "support": 401.0
    },
    "INCLUDES": {
        "precision": 0.0,
        "recall": 0.0,
        "f1-score": 0.0,
        "support": 572.0
    },
    "SIMULTANEOUS": {
        "precision": 0.0,
        "recall": 0.0,
        "f1-score": 0.0,
        "support": 46.0
    },
    "micro avg": {
        "precision": 0.24283765347885403,
        "recall": 0.23733333333333334,
        "f1-score": 0.24005394470667565,
        "support": 1500.0
    },
    "macro avg": {
        "precision": 0.08576408507009221,
        "recall": 0.1916830264763623,
        "f1-score": 0.10846918263117893,
        "support": 1500.0
    },
    "weighted avg": {
        "precision": 0.0903229252172059,
        "recall": 0.23733333333333334,
        "f1-score": 0.12372965575373572,
        "support": 1500.0
    }
}