{
    "BEFORE": {
        "precision": 0.3323529411764706,
        "recall": 0.5635910224438903,
        "f1-score": 0.4181313598519889,
        "support": 401.0
    },
    "IS_INCLUDED": {
        "precision": 0.0,
        "recall": 0.0,
        "f1-score": 0.0,
        "support": 293.0
    },
    "AFTER": {
        "precision": 0.15770171149144255,
        "recall": 0.6861702127659575,
        "f1-score": 0.25646123260437376,
        "support": 188.0
    },
    "INCLUDES": {
        "precision": 0.0,
        "recall": 0.0,
        "f1-score": 0.0,
        "support": 572.0
    },
    "SIMULTANEOUS": {
        "precision": 0.0,
        "recall": 0.0,
        "f1-score": 0.0,
        "support": 46.0
    },
    "accuracy": 0.23666666666666666,
    "macro avg": {
        "precision": 0.09801093053358263,
        "recall": 0.24995224704196956,
        "f1-score": 0.13491851849127254,
        "support": 1500.0
    },
    "weighted avg": {
        "precision": 0.10861430078143727,
        "recall": 0.23666666666666666,
        "f1-score": 0.14392359135351324,
        "support": 1500.0
    }
}