{
    "INCLUDES": {
        "precision": 0.0,
        "recall": 0.0,
        "f1-score": 0.0,
        "support": 572.0
    },
    "BEFORE": {
        "precision": 0.26298342541436465,
        "recall": 0.5935162094763092,
        "f1-score": 0.36447166921898927,
        "support": 401.0
    },
    "AFTER": {
        "precision": 0.1568627450980392,
        "recall": 0.3404255319148936,
        "f1-score": 0.21476510067114093,
        "support": 188.0
    },
    "IS_INCLUDED": {
        "precision": 0.0,
        "recall": 0.0,
        "f1-score": 0.0,
        "support": 293.0
    },
    "SIMULTANEOUS": {
        "precision": 0.05154639175257732,
        "recall": 0.10869565217391304,
        "f1-score": 0.06993006993006994,
        "support": 46.0
    },
    "micro avg": {
        "precision": 0.21773049645390072,
        "recall": 0.20466666666666666,
        "f1-score": 0.21099656357388316,
        "support": 1500.0
    },
    "macro avg": {
        "precision": 0.09427851245299623,
        "recall": 0.20852747871302318,
        "f1-score": 0.12983336796404002,
        "support": 1500.0
    },
    "weighted avg": {
        "precision": 0.09154512246014011,
        "recall": 0.20466666666666666,
        "f1-score": 0.12649717433318164,
        "support": 1500.0
    }
}