{
    "SIMULTANEOUS": {
        "precision": 0.0967741935483871,
        "recall": 0.06521739130434782,
        "f1-score": 0.07792207792207792,
        "support": 46.0
    },
    "AFTER": {
        "precision": 0.15288220551378445,
        "recall": 0.648936170212766,
        "f1-score": 0.24746450304259635,
        "support": 188.0
    },
    "INCLUDES": {
        "precision": 0.0,
        "recall": 0.0,
        "f1-score": 0.0,
        "support": 572.0
    },
    "IS_INCLUDED": {
        "precision": 0.0,
        "recall": 0.0,
        "f1-score": 0.0,
        "support": 293.0
    },
    "BEFORE": {
        "precision": 0.29750778816199375,
        "recall": 0.4763092269326683,
        "f1-score": 0.36625119846596355,
        "support": 401.0
    },
    "micro avg": {
        "precision": 0.21481985044187626,
        "recall": 0.21066666666666667,
        "f1-score": 0.21272298889262875,
        "support": 1500.0
    },
    "macro avg": {
        "precision": 0.10943283744483305,
        "recall": 0.2380925576899564,
        "f1-score": 0.13832755588612758,
        "support": 1500.0
    },
    "weighted avg": {
        "precision": 0.10166272706185119,
        "recall": 0.21066666666666667,
        "f1-score": 0.13131631516085004,
        "support": 1500.0
    }
}