{
    "SIMULTANEOUS": {
        "precision": 0.031496062992125984,
        "recall": 0.08695652173913043,
        "f1-score": 0.046242774566473986,
        "support": 46.0
    },
    "BEFORE": {
        "precision": 0.20297951582867785,
        "recall": 0.2718204488778055,
        "f1-score": 0.232409381663113,
        "support": 401.0
    },
    "IS_INCLUDED": {
        "precision": 0.05555555555555555,
        "recall": 0.0034129692832764505,
        "f1-score": 0.006430868167202572,
        "support": 293.0
    },
    "AFTER": {
        "precision": 0.10285006195786865,
        "recall": 0.44148936170212766,
        "f1-score": 0.16683417085427135,
        "support": 188.0
    },
    "INCLUDES": {
        "precision": 0.36363636363636365,
        "recall": 0.006993006993006993,
        "f1-score": 0.0137221269296741,
        "support": 572.0
    },
    "accuracy": 0.134,
    "macro avg": {
        "precision": 0.15130351199411834,
        "recall": 0.1621344617190694,
        "f1-score": 0.093127864436147,
        "support": 1500.0
    },
    "weighted avg": {
        "precision": 0.21763812944719643,
        "recall": 0.134,
        "f1-score": 0.09094763651622204,
        "support": 1500.0
    }
}