{
    "IS_INCLUDED": {
        "precision": 0.0,
        "recall": 0.0,
        "f1-score": 0.0,
        "support": 293.0
    },
    "INCLUDES": {
        "precision": 0.0,
        "recall": 0.0,
        "f1-score": 0.0,
        "support": 572.0
    },
    "SIMULTANEOUS": {
        "precision": 0.06432748538011696,
        "recall": 0.2391304347826087,
        "f1-score": 0.10138248847926268,
        "support": 46.0
    },
    "AFTER": {
        "precision": 0.1568627450980392,
        "recall": 0.3404255319148936,
        "f1-score": 0.21476510067114093,
        "support": 188.0
    },
    "BEFORE": {
        "precision": 0.26298342541436465,
        "recall": 0.5935162094763092,
        "f1-score": 0.36447166921898927,
        "support": 401.0
    },
    "micro avg": {
        "precision": 0.21091644204851753,
        "recall": 0.20866666666666667,
        "f1-score": 0.20978552278820375,
        "support": 1500.0
    },
    "macro avg": {
        "precision": 0.09683473117850416,
        "recall": 0.23461443523476228,
        "f1-score": 0.13612385167387858,
        "support": 1500.0
    },
    "weighted avg": {
        "precision": 0.09193707599805133,
        "recall": 0.20866666666666667,
        "f1-score": 0.12746171516869018,
        "support": 1500.0
    }
}