{
    "BEFORE": {
        "precision": 0.2704460966542751,
        "recall": 0.7256857855361596,
        "f1-score": 0.3940419769803656,
        "support": 401.0
    },
    "INCLUDES": {
        "precision": 0.0,
        "recall": 0.0,
        "f1-score": 0.0,
        "support": 572.0
    },
    "IS_INCLUDED": {
        "precision": 0.0,
        "recall": 0.0,
        "f1-score": 0.0,
        "support": 293.0
    },
    "SIMULTANEOUS": {
        "precision": 0.07894736842105263,
        "recall": 0.13043478260869565,
        "f1-score": 0.09836065573770492,
        "support": 46.0
    },
    "AFTER": {
        "precision": 0.2323529411764706,
        "recall": 0.42021276595744683,
        "f1-score": 0.29924242424242425,
        "support": 188.0
    },
    "micro avg": {
        "precision": 0.2520107238605898,
        "recall": 0.25066666666666665,
        "f1-score": 0.25133689839572193,
        "support": 1500.0
    },
    "macro avg": {
        "precision": 0.11634928125035966,
        "recall": 0.2552666668204604,
        "f1-score": 0.15832901139209893,
        "support": 1500.0
    },
    "weighted avg": {
        "precision": 0.10384187776460614,
        "recall": 0.25066666666666665,
        "f1-score": 0.1458619991270912,
        "support": 1500.0
    }
}