{
    "IS_INCLUDED": {
        "precision": 0.0,
        "recall": 0.0,
        "f1-score": 0.0,
        "support": 293.0
    },
    "BEFORE": {
        "precision": 0.293598233995585,
        "recall": 0.6633416458852868,
        "f1-score": 0.4070390206579954,
        "support": 401.0
    },
    "INCLUDES": {
        "precision": 0.0,
        "recall": 0.0,
        "f1-score": 0.0,
        "support": 572.0
    },
    "AFTER": {
        "precision": 0.14846416382252559,
        "recall": 0.4627659574468085,
        "f1-score": 0.2248062015503876,
        "support": 188.0
    },
    "SIMULTANEOUS": {
        "precision": 0.25,
        "recall": 0.021739130434782608,
        "f1-score": 0.04,
        "support": 46.0
    },
    "micro avg": {
        "precision": 0.23663101604278075,
        "recall": 0.236,
        "f1-score": 0.2363150867823765,
        "support": 1500.0
    },
    "macro avg": {
        "precision": 0.13841247956362213,
        "recall": 0.22956934675337556,
        "f1-score": 0.1343690444416766,
        "support": 1500.0
    },
    "weighted avg": {
        "precision": 0.1047627697539096,
        "recall": 0.236,
        "f1-score": 0.13821747545021934,
        "support": 1500.0
    }
}