{
    "-": {
        "precision": 0.0,
        "recall": 0.0,
        "f1-score": 0.0,
        "support": 0.0
    },
    "<": {
        "precision": 0.7554045707226683,
        "recall": 0.6127254509018036,
        "f1-score": 0.6766251728907331,
        "support": 1996.0
    },
    "=": {
        "precision": 0.1705263157894737,
        "recall": 0.32793522267206476,
        "f1-score": 0.22437673130193905,
        "support": 247.0
    },
    ">": {
        "precision": 0.6033312769895126,
        "recall": 0.6639511201629328,
        "f1-score": 0.632191338073691,
        "support": 1473.0
    },
    "accuracy": 0.6141011840688912,
    "macro avg": {
        "precision": 0.38231554087541364,
        "recall": 0.4011529484342003,
        "f1-score": 0.3832983105665908,
        "support": 3716.0
    },
    "weighted avg": {
        "precision": 0.6562471728116249,
        "recall": 0.6141011840688912,
        "f1-score": 0.6289512213950562,
        "support": 3716.0
    }
}