{
    "-": {
        "precision": 0.0,
        "recall": 0.0,
        "f1-score": 0.0,
        "support": 0.0
    },
    "<": {
        "precision": 0.7702917771883289,
        "recall": 0.7274549098196392,
        "f1-score": 0.7482607575367174,
        "support": 1996.0
    },
    "=": {
        "precision": 0.21339950372208435,
        "recall": 0.3481781376518219,
        "f1-score": 0.26461538461538464,
        "support": 247.0
    },
    ">": {
        "precision": 0.6863157894736842,
        "recall": 0.6639511201629328,
        "f1-score": 0.6749482401656315,
        "support": 1473.0
    },
    "accuracy": 0.6770721205597416,
    "macro avg": {
        "precision": 0.41750176759602436,
        "recall": 0.43489604190859843,
        "f1-score": 0.42195609557943337,
        "support": 3716.0
    },
    "weighted avg": {
        "precision": 0.6999879501027976,
        "recall": 0.6770721205597416,
        "f1-score": 0.6870525376230524,
        "support": 3716.0
    }
}