{
    "<": {
        "precision": 0.7648780487804878,
        "recall": 0.7855711422845691,
        "f1-score": 0.7750865051903114,
        "support": 1996.0
    },
    "=": {
        "precision": 0.4642857142857143,
        "recall": 0.15789473684210525,
        "f1-score": 0.23564954682779457,
        "support": 247.0
    },
    ">": {
        "precision": 0.6833122629582806,
        "recall": 0.7338764426340801,
        "f1-score": 0.7076923076923077,
        "support": 1473.0
    },
    "accuracy": 0.7233584499461787,
    "macro avg": {
        "precision": 0.6374920086748276,
        "recall": 0.5591141072535848,
        "f1-score": 0.5728094532368045,
        "support": 3716.0
    },
    "weighted avg": {
        "precision": 0.7125656943304554,
        "recall": 0.7233584499461787,
        "f1-score": 0.7125158427494876,
        "support": 3716.0
    }
}