{
    "<": {
        "precision": 0.7453416149068323,
        "recall": 0.7214428857715431,
        "f1-score": 0.7331975560081466,
        "support": 1996.0
    },
    "=": {
        "precision": 0.19444444444444445,
        "recall": 0.2550607287449393,
        "f1-score": 0.22066549912434325,
        "support": 247.0
    },
    ">": {
        "precision": 0.6589041095890411,
        "recall": 0.6530889341479973,
        "f1-score": 0.6559836345039209,
        "support": 1473.0
    },
    "accuracy": 0.6633476856835306,
    "macro avg": {
        "precision": 0.5328967229801059,
        "recall": 0.5431975162214933,
        "f1-score": 0.5366155632121369,
        "support": 3716.0
    },
    "weighted avg": {
        "precision": 0.6744605475125062,
        "recall": 0.6633476856835306,
        "f1-score": 0.6685227647201961,
        "support": 3716.0
    }
}