{
    "<": {
        "precision": 0.7554045707226683,
        "recall": 0.6127254509018036,
        "f1-score": 0.6766251728907331,
        "support": 1996.0
    },
    ">": {
        "precision": 0.6033312769895126,
        "recall": 0.6639511201629328,
        "f1-score": 0.632191338073691,
        "support": 1473.0
    },
    "=": {
        "precision": 0.1705263157894737,
        "recall": 0.32793522267206476,
        "f1-score": 0.22437673130193905,
        "support": 247.0
    },
    "-": {
        "precision": 0.0,
        "recall": 0.0,
        "f1-score": 0.0,
        "support": 0.0
    },
    "accuracy": 0.6141011840688912,
    "macro avg": {
        "precision": 0.38231554087541364,
        "recall": 0.40115294843420035,
        "f1-score": 0.3832983105665908,
        "support": 3716.0
    },
    "weighted avg": {
        "precision": 0.6562471728116248,
        "recall": 0.6141011840688912,
        "f1-score": 0.6289512213950562,
        "support": 3716.0
    },
    "type": {},
    "ss": {
        "<": {
            "precision": 0.6875,
            "recall": 0.46261682242990654,
            "f1-score": 0.553072625698324,
            "support": 428.0
        },
        ">": {
            "precision": 0.5796019900497512,
            "recall": 0.6036269430051814,
            "f1-score": 0.5913705583756346,
            "support": 386.0
        },
        "=": {
            "precision": 0.1799163179916318,
            "recall": 0.3739130434782609,
            "f1-score": 0.24293785310734464,
            "support": 115.0
        },
        "-": {
            "precision": 0.0,
            "recall": 0.0,
            "f1-score": 0.0,
            "support": 0.0
        },
        "accuracy": 0.5102260495156081,
        "macro avg": {
            "precision": 0.3617545770103458,
            "recall": 0.3600392022283372,
            "f1-score": 0.34684525929532584,
            "support": 929.0
        },
        "weighted avg": {
            "precision": 0.5798350320002601,
            "recall": 0.5102260495156081,
            "f1-score": 0.530594157631025,
            "support": 929.0
        }
    },
    "ee": {
        "<": {
            "precision": 0.7196029776674938,
            "recall": 0.562015503875969,
            "f1-score": 0.6311207834602829,
            "support": 516.0
        },
        ">": {
            "precision": 0.4965986394557823,
            "recall": 0.4899328859060403,
            "f1-score": 0.49324324324324326,
            "support": 298.0
        },
        "=": {
            "precision": 0.16379310344827586,
            "recall": 0.33043478260869563,
            "f1-score": 0.21902017291066284,
            "support": 115.0
        },
        "-": {
            "precision": 0.0,
            "recall": 0.0,
            "f1-score": 0.0,
            "support": 0.0
        },
        "accuracy": 0.5102260495156081,
        "macro avg": {
            "precision": 0.344998680142888,
            "recall": 0.3455957930976762,
            "f1-score": 0.3358460499035473,
            "support": 929.0
        },
        "weighted avg": {
            "precision": 0.5792655951892376,
            "recall": 0.5102260495156081,
            "f1-score": 0.5358795808791375,
            "support": 929.0
        }
    },
    "se": {
        "<": {
            "precision": 0.8307291666666666,
            "recall": 0.8836565096952909,
            "f1-score": 0.8563758389261745,
            "support": 722.0
        },
        ">": {
            "precision": 0.4591194968553459,
            "recall": 0.3686868686868687,
            "f1-score": 0.40896358543417366,
            "support": 198.0
        },
        "=": {
            "precision": 0.0,
            "recall": 0.0,
            "f1-score": 0.0,
            "support": 9.0
        },
        "-": {
            "precision": 0.0,
            "recall": 0.0,
            "f1-score": 0.0,
            "support": 0.0
        },
        "accuracy": 0.7653390742734123,
        "macro avg": {
            "precision": 0.32246216588050314,
            "recall": 0.3130858445955399,
            "f1-score": 0.31633485609008705,
            "support": 929.0
        },
        "weighted avg": {
            "precision": 0.7434791374711428,
            "recall": 0.7653390742734123,
            "f1-score": 0.7527213623473245,
            "support": 929.0
        }
    },
    "es": {
        "<": {
            "precision": 0.60625,
            "recall": 0.29393939393939394,
            "f1-score": 0.39591836734693875,
            "support": 330.0
        },
        ">": {
            "precision": 0.6866840731070496,
            "recall": 0.8900169204737732,
            "f1-score": 0.7752394988946205,
            "support": 591.0
        },
        "=": {
            "precision": 0.0,
            "recall": 0.0,
            "f1-score": 0.0,
            "support": 8.0
        },
        "-": {
            "precision": 0.0,
            "recall": 0.0,
            "f1-score": 0.0,
            "support": 0.0
        },
        "accuracy": 0.6706135629709364,
        "macro avg": {
            "precision": 0.3232335182767624,
            "recall": 0.2959890786032918,
            "f1-score": 0.29278946656038984,
            "support": 929.0
        },
        "weighted avg": {
            "precision": 0.6521989098022242,
            "recall": 0.6706135629709364,
            "f1-score": 0.6338208881283213,
            "support": 929.0
        }
    }
}