{
    "<": {
        "precision": 0.7702917771883289,
        "recall": 0.7274549098196392,
        "f1-score": 0.7482607575367174,
        "support": 1996.0
    },
    ">": {
        "precision": 0.6863157894736842,
        "recall": 0.6639511201629328,
        "f1-score": 0.6749482401656315,
        "support": 1473.0
    },
    "=": {
        "precision": 0.21339950372208435,
        "recall": 0.3481781376518219,
        "f1-score": 0.26461538461538464,
        "support": 247.0
    },
    "-": {
        "precision": 0.0,
        "recall": 0.0,
        "f1-score": 0.0,
        "support": 0.0
    },
    "accuracy": 0.6770721205597416,
    "macro avg": {
        "precision": 0.41750176759602436,
        "recall": 0.43489604190859843,
        "f1-score": 0.4219560955794334,
        "support": 3716.0
    },
    "weighted avg": {
        "precision": 0.6999879501027976,
        "recall": 0.6770721205597416,
        "f1-score": 0.6870525376230525,
        "support": 3716.0
    },
    "type": {},
    "ss": {
        "<": {
            "precision": 0.7044198895027625,
            "recall": 0.5957943925233645,
            "f1-score": 0.6455696202531646,
            "support": 428.0
        },
        ">": {
            "precision": 0.6713483146067416,
            "recall": 0.6191709844559585,
            "f1-score": 0.6442048517520216,
            "support": 386.0
        },
        "=": {
            "precision": 0.20853080568720378,
            "recall": 0.3826086956521739,
            "f1-score": 0.26993865030674846,
            "support": 115.0
        },
        "-": {
            "precision": 0.0,
            "recall": 0.0,
            "f1-score": 0.0,
            "support": 0.0
        },
        "accuracy": 0.5791173304628633,
        "macro avg": {
            "precision": 0.39607475244917695,
            "recall": 0.39939351815787427,
            "f1-score": 0.3899282805779836,
            "support": 929.0
        },
        "weighted avg": {
            "precision": 0.6292930083954931,
            "recall": 0.5791173304628633,
            "f1-score": 0.5985035683852645,
            "support": 929.0
        }
    },
    "ee": {
        "<": {
            "precision": 0.7435387673956262,
            "recall": 0.7248062015503876,
            "f1-score": 0.7340529931305201,
            "support": 516.0
        },
        ">": {
            "precision": 0.6025641025641025,
            "recall": 0.47315436241610737,
            "f1-score": 0.5300751879699248,
            "support": 298.0
        },
        "=": {
            "precision": 0.21875,
            "recall": 0.3652173913043478,
            "f1-score": 0.2736156351791531,
            "support": 115.0
        },
        "-": {
            "precision": 0.0,
            "recall": 0.0,
            "f1-score": 0.0,
            "support": 0.0
        },
        "accuracy": 0.5995694294940797,
        "macro avg": {
            "precision": 0.3912132174899322,
            "recall": 0.39079448881771073,
            "f1-score": 0.3844359540698995,
            "support": 929.0
        },
        "weighted avg": {
            "precision": 0.6333545280304044,
            "recall": 0.5995694294940797,
            "f1-score": 0.6116249176706012,
            "support": 929.0
        }
    },
    "se": {
        "<": {
            "precision": 0.8345679012345679,
            "recall": 0.9362880886426593,
            "f1-score": 0.8825065274151436,
            "support": 722.0
        },
        ">": {
            "precision": 0.5882352941176471,
            "recall": 0.35353535353535354,
            "f1-score": 0.4416403785488959,
            "support": 198.0
        },
        "=": {
            "precision": 0.0,
            "recall": 0.0,
            "f1-score": 0.0,
            "support": 9.0
        },
        "-": {
            "precision": 0.0,
            "recall": 0.0,
            "f1-score": 0.0,
            "support": 0.0
        },
        "accuracy": 0.8030139935414424,
        "macro avg": {
            "precision": 0.3557007988380537,
            "recall": 0.3224558605445032,
            "f1-score": 0.33103672649100985,
            "support": 929.0
        },
        "weighted avg": {
            "precision": 0.7739812840975804,
            "recall": 0.8030139935414424,
            "f1-score": 0.7799940879939882,
            "support": 929.0
        }
    },
    "es": {
        "<": {
            "precision": 0.7,
            "recall": 0.44545454545454544,
            "f1-score": 0.5444444444444444,
            "support": 330.0
        },
        ">": {
            "precision": 0.7374301675977654,
            "recall": 0.8934010152284264,
            "f1-score": 0.8079571537872992,
            "support": 591.0
        },
        "=": {
            "precision": 0.0,
            "recall": 0.0,
            "f1-score": 0.0,
            "support": 8.0
        },
        "-": {
            "precision": 0.0,
            "recall": 0.0,
            "f1-score": 0.0,
            "support": 0.0
        },
        "accuracy": 0.7265877287405813,
        "macro avg": {
            "precision": 0.35935754189944136,
            "recall": 0.33471389017074293,
            "f1-score": 0.3381003995579359,
            "support": 929.0
        },
        "weighted avg": {
            "precision": 0.7177838848765116,
            "recall": 0.7265877287405813,
            "f1-score": 0.7073943429009263,
            "support": 929.0
        }
    }
}