{
    "<": {
        "precision": 0.7494866529774127,
        "recall": 0.7314629258517034,
        "f1-score": 0.7403651115618661,
        "support": 1996.0
    },
    ">": {
        "precision": 0.6671087533156499,
        "recall": 0.6829599456890699,
        "f1-score": 0.6749412948674941,
        "support": 1473.0
    },
    "=": {
        "precision": 0.19455252918287938,
        "recall": 0.20242914979757085,
        "f1-score": 0.1984126984126984,
        "support": 247.0
    },
    "-": {
        "precision": 0.0,
        "recall": 0.0,
        "f1-score": 0.0,
        "support": 0.0
    },
    "accuracy": 0.6770721205597416,
    "macro avg": {
        "precision": 0.4027869838689855,
        "recall": 0.40421300533458604,
        "f1-score": 0.4034297762105146,
        "support": 3716.0
    },
    "weighted avg": {
        "precision": 0.679946455243552,
        "recall": 0.6770721205597416,
        "f1-score": 0.6784082956203552,
        "support": 3716.0
    },
    "type": {},
    "ss": {
        "<": {
            "precision": 0.6566125290023201,
            "recall": 0.6612149532710281,
            "f1-score": 0.6589057043073341,
            "support": 428.0
        },
        ">": {
            "precision": 0.6470588235294118,
            "recall": 0.6269430051813472,
            "f1-score": 0.6368421052631579,
            "support": 386.0
        },
        "=": {
            "precision": 0.20161290322580644,
            "recall": 0.21739130434782608,
            "f1-score": 0.20920502092050208,
            "support": 115.0
        },
        "-": {
            "precision": 0.0,
            "recall": 0.0,
            "f1-score": 0.0,
            "support": 0.0
        },
        "accuracy": 0.5920344456404736,
        "macro avg": {
            "precision": 0.3763210639393846,
            "recall": 0.37638731570005035,
            "f1-score": 0.3762382076227485,
            "support": 929.0
        },
        "weighted avg": {
            "precision": 0.5963190012554507,
            "recall": 0.5920344456404736,
            "f1-score": 0.5940702599364646,
            "support": 929.0
        }
    },
    "ee": {
        "<": {
            "precision": 0.728,
            "recall": 0.7054263565891473,
            "f1-score": 0.7165354330708661,
            "support": 516.0
        },
        ">": {
            "precision": 0.5878378378378378,
            "recall": 0.5838926174496645,
            "f1-score": 0.5858585858585859,
            "support": 298.0
        },
        "=": {
            "precision": 0.18796992481203006,
            "recall": 0.21739130434782608,
            "f1-score": 0.20161290322580644,
            "support": 115.0
        },
        "-": {
            "precision": 0.0,
            "recall": 0.0,
            "f1-score": 0.0,
            "support": 0.0
        },
        "accuracy": 0.6060279870828849,
        "macro avg": {
            "precision": 0.375951940662467,
            "recall": 0.3766775695966595,
            "f1-score": 0.3760017305388146,
            "support": 929.0
        },
        "weighted avg": {
            "precision": 0.6161896846383844,
            "recall": 0.6060279870828849,
            "f1-score": 0.6108758083115103,
            "support": 929.0
        }
    },
    "se": {
        "<": {
            "precision": 0.840153452685422,
            "recall": 0.909972299168975,
            "f1-score": 0.8736702127659575,
            "support": 722.0
        },
        ">": {
            "precision": 0.54421768707483,
            "recall": 0.40404040404040403,
            "f1-score": 0.463768115942029,
            "support": 198.0
        },
        "=": {
            "precision": 0.0,
            "recall": 0.0,
            "f1-score": 0.0,
            "support": 9.0
        },
        "-": {
            "precision": 0.0,
            "recall": 0.0,
            "f1-score": 0.0,
            "support": 0.0
        },
        "accuracy": 0.7933261571582346,
        "macro avg": {
            "precision": 0.346092784940063,
            "recall": 0.3285031758023448,
            "f1-score": 0.33435958217699663,
            "support": 929.0
        },
        "weighted avg": {
            "precision": 0.7689406834011745,
            "recall": 0.7933261571582346,
            "f1-score": 0.7778428208541907,
            "support": 929.0
        }
    },
    "es": {
        "<": {
            "precision": 0.6638297872340425,
            "recall": 0.4727272727272727,
            "f1-score": 0.552212389380531,
            "support": 330.0
        },
        ">": {
            "precision": 0.7380607814761215,
            "recall": 0.8629441624365483,
            "f1-score": 0.7956318252730109,
            "support": 591.0
        },
        "=": {
            "precision": 0.0,
            "recall": 0.0,
            "f1-score": 0.0,
            "support": 8.0
        },
        "-": {
            "precision": 0.0,
            "recall": 0.0,
            "f1-score": 0.0,
            "support": 0.0
        },
        "accuracy": 0.7168998923573735,
        "macro avg": {
            "precision": 0.35047264217754104,
            "recall": 0.33391785879095526,
            "f1-score": 0.33696105366338547,
            "support": 929.0
        },
        "weighted avg": {
            "precision": 0.7053366540792484,
            "recall": 0.7168998923573735,
            "f1-score": 0.7023126988502957,
            "support": 929.0
        }
    }
}