{
    "-": {
        "precision": 0.0,
        "recall": 0.0,
        "f1-score": 0.0,
        "support": 0.0
    },
    "<": {
        "precision": 0.7913365029054411,
        "recall": 0.750501002004008,
        "f1-score": 0.7703779892003085,
        "support": 1996.0
    },
    "=": {
        "precision": 0.4429530201342282,
        "recall": 0.26720647773279355,
        "f1-score": 0.3333333333333333,
        "support": 247.0
    },
    ">": {
        "precision": 0.6710526315789473,
        "recall": 0.7617107942973523,
        "f1-score": 0.7135135135135136,
        "support": 1473.0
    },
    "accuracy": 0.7228202368137783,
    "macro avg": {
        "precision": 0.47633553865465417,
        "recall": 0.44485456850853844,
        "f1-score": 0.45430620901178886,
        "support": 3716.0
    },
    "weighted avg": {
        "precision": 0.7204998875371916,
        "recall": 0.7228202368137783,
        "f1-score": 0.7187871919221084,
        "support": 3716.0
    }
}