{
    "-": {
        "precision": 0.0,
        "recall": 0.0,
        "f1-score": 0.0,
        "support": 0.0
    },
    "<": {
        "precision": 0.7494866529774127,
        "recall": 0.7314629258517034,
        "f1-score": 0.7403651115618661,
        "support": 1996.0
    },
    "=": {
        "precision": 0.19455252918287938,
        "recall": 0.20242914979757085,
        "f1-score": 0.1984126984126984,
        "support": 247.0
    },
    ">": {
        "precision": 0.6671087533156499,
        "recall": 0.6829599456890699,
        "f1-score": 0.6749412948674941,
        "support": 1473.0
    },
    "accuracy": 0.6770721205597416,
    "macro avg": {
        "precision": 0.4027869838689855,
        "recall": 0.40421300533458604,
        "f1-score": 0.4034297762105147,
        "support": 3716.0
    },
    "weighted avg": {
        "precision": 0.679946455243552,
        "recall": 0.6770721205597416,
        "f1-score": 0.6784082956203553,
        "support": 3716.0
    }
}