{
    "<": {
        "precision": 0.7453416149068323,
        "recall": 0.7214428857715431,
        "f1-score": 0.7331975560081466,
        "support": 1996.0
    },
    ">": {
        "precision": 0.6589041095890411,
        "recall": 0.6530889341479973,
        "f1-score": 0.6559836345039209,
        "support": 1473.0
    },
    "=": {
        "precision": 0.19444444444444445,
        "recall": 0.2550607287449393,
        "f1-score": 0.22066549912434325,
        "support": 247.0
    },
    "-": {
        "precision": 0.0,
        "recall": 0.0,
        "f1-score": 0.0,
        "support": 0.0
    },
    "accuracy": 0.6633476856835306,
    "macro avg": {
        "precision": 0.3996725422350795,
        "recall": 0.40739813716611994,
        "f1-score": 0.40246167240910274,
        "support": 3716.0
    },
    "weighted avg": {
        "precision": 0.6744605475125062,
        "recall": 0.6633476856835306,
        "f1-score": 0.6685227647201961,
        "support": 3716.0
    },
    "type": {},
    "ss": {
        "<": {
            "precision": 0.6632911392405063,
            "recall": 0.6121495327102804,
            "f1-score": 0.6366950182260024,
            "support": 428.0
        },
        ">": {
            "precision": 0.6143250688705234,
            "recall": 0.5777202072538861,
            "f1-score": 0.595460614152203,
            "support": 386.0
        },
        "=": {
            "precision": 0.17543859649122806,
            "recall": 0.2608695652173913,
            "f1-score": 0.2097902097902098,
            "support": 115.0
        },
        "-": {
            "precision": 0.0,
            "recall": 0.0,
            "f1-score": 0.0,
            "support": 0.0
        },
        "accuracy": 0.5543595263724435,
        "macro avg": {
            "precision": 0.3632637011505645,
            "recall": 0.36268482629538945,
            "f1-score": 0.3604864605421038,
            "support": 929.0
        },
        "weighted avg": {
            "precision": 0.5825549222555975,
            "recall": 0.5543595263724435,
            "f1-score": 0.5667159730778832,
            "support": 929.0
        }
    },
    "ee": {
        "<": {
            "precision": 0.7106299212598425,
            "recall": 0.6996124031007752,
            "f1-score": 0.705078125,
            "support": 516.0
        },
        ">": {
            "precision": 0.5719557195571956,
            "recall": 0.5201342281879194,
            "f1-score": 0.5448154657293497,
            "support": 298.0
        },
        "=": {
            "precision": 0.22,
            "recall": 0.28695652173913044,
            "f1-score": 0.2490566037735849,
            "support": 115.0
        },
        "-": {
            "precision": 0.0,
            "recall": 0.0,
            "f1-score": 0.0,
            "support": 0.0
        },
        "accuracy": 0.5909580193756727,
        "macro avg": {
            "precision": 0.37564641020425954,
            "recall": 0.37667578825695625,
            "f1-score": 0.3747375486257336,
            "support": 929.0
        },
        "weighted avg": {
            "precision": 0.6054121031196157,
            "recall": 0.5909580193756727,
            "f1-score": 0.5972194087419896,
            "support": 929.0
        }
    },
    "se": {
        "<": {
            "precision": 0.8379052369077307,
            "recall": 0.9307479224376731,
            "f1-score": 0.8818897637795275,
            "support": 722.0
        },
        ">": {
            "precision": 0.5793650793650794,
            "recall": 0.3686868686868687,
            "f1-score": 0.4506172839506173,
            "support": 198.0
        },
        "=": {
            "precision": 0.0,
            "recall": 0.0,
            "f1-score": 0.0,
            "support": 9.0
        },
        "-": {
            "precision": 0.0,
            "recall": 0.0,
            "f1-score": 0.0,
            "support": 0.0
        },
        "accuracy": 0.8019375672766416,
        "macro avg": {
            "precision": 0.3543175790682025,
            "recall": 0.32485869778113546,
            "f1-score": 0.3331267619325362,
            "support": 929.0
        },
        "weighted avg": {
            "precision": 0.7746844636831723,
            "recall": 0.8019375672766416,
            "f1-score": 0.7814280211744253,
            "support": 929.0
        }
    },
    "es": {
        "<": {
            "precision": 0.6387665198237885,
            "recall": 0.4393939393939394,
            "f1-score": 0.5206463195691203,
            "support": 330.0
        },
        ">": {
            "precision": 0.73,
            "recall": 0.8646362098138748,
            "f1-score": 0.7916343919442292,
            "support": 591.0
        },
        "=": {
            "precision": 0.0,
            "recall": 0.0,
            "f1-score": 0.0,
            "support": 8.0
        },
        "-": {
            "precision": 0.0,
            "recall": 0.0,
            "f1-score": 0.0,
            "support": 0.0
        },
        "accuracy": 0.7061356297093649,
        "macro avg": {
            "precision": 0.3421916299559471,
            "recall": 0.32600753730195353,
            "f1-score": 0.32807017787833737,
            "support": 929.0
        },
        "weighted avg": {
            "precision": 0.6913056528975783,
            "recall": 0.7061356297093649,
            "f1-score": 0.6885567396090949,
            "support": 929.0
        }
    }
}