{
    "<": {
        "precision": 0.5967741935483871,
        "recall": 0.27805611222444887,
        "f1-score": 0.3793574846206425,
        "support": 1996.0
    },
    ">": {
        "precision": 0.44651162790697674,
        "recall": 0.45621181262729127,
        "f1-score": 0.4513096037609134,
        "support": 1473.0
    },
    "=": {
        "precision": 0.0728643216080402,
        "recall": 0.23481781376518218,
        "f1-score": 0.1112176414189837,
        "support": 247.0
    },
    "-": {
        "precision": 0.0,
        "recall": 0.0,
        "f1-score": 0.0,
        "support": 0.0
    },
    "accuracy": 0.3458019375672766,
    "macro avg": {
        "precision": 0.279037535765851,
        "recall": 0.24227143465423057,
        "f1-score": 0.2354711824501349,
        "support": 3716.0
    },
    "weighted avg": {
        "precision": 0.5023870844097803,
        "recall": 0.3458019375672766,
        "f1-score": 0.39005579738243185,
        "support": 3716.0
    },
    "type": {},
    "ss": {
        "<": {
            "precision": 0.48188405797101447,
            "recall": 0.3107476635514019,
            "f1-score": 0.3778409090909091,
            "support": 428.0
        },
        ">": {
            "precision": 0.4509283819628647,
            "recall": 0.44041450777202074,
            "f1-score": 0.4456094364351245,
            "support": 386.0
        },
        "=": {
            "precision": 0.10869565217391304,
            "recall": 0.2608695652173913,
            "f1-score": 0.1534526854219949,
            "support": 115.0
        },
        "-": {
            "precision": 0.0,
            "recall": 0.0,
            "f1-score": 0.0,
            "support": 0.0
        },
        "accuracy": 0.35844994617868675,
        "macro avg": {
            "precision": 0.26037702302694804,
            "recall": 0.2530079341352035,
            "f1-score": 0.2442257577370071,
            "support": 929.0
        },
        "weighted avg": {
            "precision": 0.4228253307311733,
            "recall": 0.35844994617868675,
            "f1-score": 0.3782219702673806,
            "support": 929.0
        }
    },
    "ee": {
        "<": {
            "precision": 0.5714285714285714,
            "recall": 0.29457364341085274,
            "f1-score": 0.3887468030690537,
            "support": 516.0
        },
        ">": {
            "precision": 0.37585421412300685,
            "recall": 0.5536912751677853,
            "f1-score": 0.44776119402985076,
            "support": 298.0
        },
        "=": {
            "precision": 0.11607142857142858,
            "recall": 0.22608695652173913,
            "f1-score": 0.15339233038348082,
            "support": 115.0
        },
        "-": {
            "precision": 0.0,
            "recall": 0.0,
            "f1-score": 0.0,
            "support": 0.0
        },
        "accuracy": 0.36921420882669537,
        "macro avg": {
            "precision": 0.2658385535307517,
            "recall": 0.2685879687750943,
            "f1-score": 0.2474750818705963,
            "support": 929.0
        },
        "weighted avg": {
            "precision": 0.4523249870306923,
            "recall": 0.36921420882669537,
            "f1-score": 0.378542846284852,
            "support": 929.0
        }
    },
    "se": {
        "<": {
            "precision": 0.8380566801619433,
            "recall": 0.2867036011080332,
            "f1-score": 0.42724458204334365,
            "support": 722.0
        },
        ">": {
            "precision": 0.2671232876712329,
            "recall": 0.3939393939393939,
            "f1-score": 0.3183673469387755,
            "support": 198.0
        },
        "=": {
            "precision": 0.006493506493506494,
            "recall": 0.1111111111111111,
            "f1-score": 0.012269938650306749,
            "support": 9.0
        },
        "-": {
            "precision": 0.0,
            "recall": 0.0,
            "f1-score": 0.0,
            "support": 0.0
        },
        "accuracy": 0.3078579117330463,
        "macro avg": {
            "precision": 0.2779183685816707,
            "recall": 0.19793852653963456,
            "f1-score": 0.18947046690810648,
            "support": 929.0
        },
        "weighted avg": {
            "precision": 0.7083162277656284,
            "recall": 0.3078579117330463,
            "f1-score": 0.40001910912489175,
            "support": 929.0
        }
    },
    "es": {
        "<": {
            "precision": 0.44680851063829785,
            "recall": 0.19090909090909092,
            "f1-score": 0.267515923566879,
            "support": 330.0
        },
        ">": {
            "precision": 0.6523929471032746,
            "recall": 0.43824027072758037,
            "f1-score": 0.5242914979757085,
            "support": 591.0
        },
        "=": {
            "precision": 0.007042253521126761,
            "recall": 0.125,
            "f1-score": 0.013333333333333334,
            "support": 8.0
        },
        "-": {
            "precision": 0.0,
            "recall": 0.0,
            "f1-score": 0.0,
            "support": 0.0
        },
        "accuracy": 0.34768568353067814,
        "macro avg": {
            "precision": 0.2765609278156748,
            "recall": 0.1885373404091678,
            "f1-score": 0.20128518871898018,
            "support": 929.0
        },
        "weighted avg": {
            "precision": 0.5738077268857293,
            "recall": 0.34768568353067814,
            "f1-score": 0.4286794367571372,
            "support": 929.0
        }
    }
}