{
    "-": {
        "precision": 0.0,
        "recall": 0.0,
        "f1-score": 0.0,
        "support": 0.0
    },
    "<": {
        "precision": 0.6161680458306811,
        "recall": 0.4849699398797595,
        "f1-score": 0.5427530137370339,
        "support": 1996.0
    },
    "=": {
        "precision": 0.0742296918767507,
        "recall": 0.2145748987854251,
        "f1-score": 0.11030176899063475,
        "support": 247.0
    },
    ">": {
        "precision": 0.4899497487437186,
        "recall": 0.3971486761710794,
        "f1-score": 0.43869516310461193,
        "support": 1473.0
    },
    "accuracy": 0.43218514531754576,
    "macro avg": {
        "precision": 0.29508687161278757,
        "recall": 0.274173378709066,
        "f1-score": 0.27293748645807014,
        "support": 3716.0
    },
    "weighted avg": {
        "precision": 0.530113598835063,
        "recall": 0.43218514531754576,
        "f1-score": 0.4727603680336114,
        "support": 3716.0
    }
}