{
    "-": {
        "precision": 0.0,
        "recall": 0.0,
        "f1-score": 0.0,
        "support": 0.0
    },
    "<": {
        "precision": 0.823240589198036,
        "recall": 0.7560120240480962,
        "f1-score": 0.7881953512666493,
        "support": 1996.0
    },
    "=": {
        "precision": 0.35545023696682465,
        "recall": 0.30364372469635625,
        "f1-score": 0.32751091703056767,
        "support": 247.0
    },
    ">": {
        "precision": 0.6910179640718563,
        "recall": 0.7834351663272233,
        "f1-score": 0.7343302577155584,
        "support": 1473.0
    },
    "accuracy": 0.7368137782561894,
    "macro avg": {
        "precision": 0.4674271975591792,
        "recall": 0.46077272876791897,
        "f1-score": 0.46250913150319384,
        "support": 3716.0
    },
    "weighted avg": {
        "precision": 0.7397346301528337,
        "recall": 0.7368137782561894,
        "f1-score": 0.7362221709498923,
        "support": 3716.0
    }
}