{
    "<": {
        "precision": 0.7202485263660985,
        "recall": 0.6968249075215783,
        "f1-score": 0.70834312573443,
        "support": 6488.0
    },
    ">": {
        "precision": 0.6631964526701368,
        "recall": 0.6471030850263356,
        "f1-score": 0.6550509378272874,
        "support": 5316.0
    },
    "=": {
        "precision": 0.14664804469273743,
        "recall": 0.28,
        "f1-score": 0.1924839596700275,
        "support": 375.0
    },
    "-": {
        "precision": 0.019230769230769232,
        "recall": 0.018867924528301886,
        "f1-score": 0.01904761904761905,
        "support": 53.0
    },
    "accuracy": 0.6594996729888816,
    "macro avg": {
        "precision": 0.38733094823993547,
        "recall": 0.41069897926905397,
        "f1-score": 0.39373141056984096,
        "support": 12232.0
    },
    "weighted avg": {
        "precision": 0.6748313463854398,
        "recall": 0.6594996729888816,
        "f1-score": 0.6663809674575398,
        "support": 12232.0
    },
    "type": {},
    "ss": {
        "<": {
            "precision": 0.6891002194586686,
            "recall": 0.626746506986028,
            "f1-score": 0.6564459930313589,
            "support": 1503.0
        },
        ">": {
            "precision": 0.6698412698412698,
            "recall": 0.6107091172214182,
            "f1-score": 0.6389099167297502,
            "support": 1382.0
        },
        "=": {
            "precision": 0.15081206496519722,
            "recall": 0.37572254335260113,
            "f1-score": 0.2152317880794702,
            "support": 173.0
        },
        "-": {
            "precision": 0.0,
            "recall": 0.0,
            "f1-score": 0.0,
            "support": 0.0
        },
        "accuracy": 0.605297580117724,
        "macro avg": {
            "precision": 0.3774383885662839,
            "recall": 0.4032945418900118,
            "f1-score": 0.3776469244601448,
            "support": 3058.0
        },
        "weighted avg": {
            "precision": 0.6499440000019598,
            "recall": 0.605297580117724,
            "f1-score": 0.6235601477385204,
            "support": 3058.0
        }
    },
    "ee": {
        "<": {
            "precision": 0.7199259716224553,
            "recall": 0.6988023952095809,
            "f1-score": 0.7092069279854147,
            "support": 1670.0
        },
        ">": {
            "precision": 0.634083044982699,
            "recall": 0.6057851239669422,
            "f1-score": 0.6196111580726965,
            "support": 1210.0
        },
        "=": {
            "precision": 0.1423487544483986,
            "recall": 0.2247191011235955,
            "f1-score": 0.17429193899782136,
            "support": 178.0
        },
        "-": {
            "precision": 0.0,
            "recall": 0.0,
            "f1-score": 0.0,
            "support": 0.0
        },
        "accuracy": 0.6344015696533682,
        "macro avg": {
            "precision": 0.3740894427633882,
            "recall": 0.3823266550750296,
            "f1-score": 0.3757775062639832,
            "support": 3058.0
        },
        "weighted avg": {
            "precision": 0.6523397434043104,
            "recall": 0.6344015696533682,
            "f1-score": 0.6426190438669775,
            "support": 3058.0
        }
    },
    "se": {
        "<": {
            "precision": 0.7335811648079306,
            "recall": 0.8956127080181543,
            "f1-score": 0.8065395095367848,
            "support": 1983.0
        },
        ">": {
            "precision": 0.6611570247933884,
            "recall": 0.3875968992248062,
            "f1-score": 0.48869883934025654,
            "support": 1032.0
        },
        "=": {
            "precision": 0.0,
            "recall": 0.0,
            "f1-score": 0.0,
            "support": 11.0
        },
        "-": {
            "precision": 0.0,
            "recall": 0.0,
            "f1-score": 0.0,
            "support": 32.0
        },
        "accuracy": 0.7115761935905821,
        "macro avg": {
            "precision": 0.3486845474003297,
            "recall": 0.32080240181074016,
            "f1-score": 0.32380958721926034,
            "support": 3058.0
        },
        "weighted avg": {
            "precision": 0.6988245583390789,
            "recall": 0.7115761935905821,
            "f1-score": 0.687934941010657,
            "support": 3058.0
        }
    },
    "es": {
        "<": {
            "precision": 0.7327188940092166,
            "recall": 0.4774774774774775,
            "f1-score": 0.5781818181818181,
            "support": 1332.0
        },
        ">": {
            "precision": 0.6754385964912281,
            "recall": 0.8646572104018913,
            "f1-score": 0.7584240539139451,
            "support": 1692.0
        },
        "=": {
            "precision": 0.0,
            "recall": 0.0,
            "f1-score": 0.0,
            "support": 13.0
        },
        "-": {
            "precision": 0.05,
            "recall": 0.047619047619047616,
            "f1-score": 0.04878048780487805,
            "support": 21.0
        },
        "accuracy": 0.6867233485938522,
        "macro avg": {
            "precision": 0.3645393726251112,
            "recall": 0.3474384338746041,
            "f1-score": 0.3463465899751603,
            "support": 3058.0
        },
        "weighted avg": {
            "precision": 0.6932222603281344,
            "recall": 0.6867233485938522,
            "f1-score": 0.6718168970845255,
            "support": 3058.0
        }
    }
}