{
    "<": {
        "precision": 0.7678185745140389,
        "recall": 0.7124248496993988,
        "f1-score": 0.739085239085239,
        "support": 1996.0
    },
    ">": {
        "precision": 0.6462799495586381,
        "recall": 0.6958587915818059,
        "f1-score": 0.6701536449820202,
        "support": 1473.0
    },
    "=": {
        "precision": 0.2454212454212454,
        "recall": 0.27125506072874495,
        "f1-score": 0.25769230769230766,
        "support": 247.0
    },
    "-": {
        "precision": 0.0,
        "recall": 0.0,
        "f1-score": 0.0,
        "support": 0.0
    },
    "accuracy": 0.6765339074273412,
    "macro avg": {
        "precision": 0.4148799423734806,
        "recall": 0.41988467550248737,
        "f1-score": 0.4167327979398917,
        "support": 3716.0
    },
    "weighted avg": {
        "precision": 0.684918000013171,
        "recall": 0.6765339074273412,
        "f1-score": 0.6797633090077108,
        "support": 3716.0
    },
    "type": {},
    "ss": {
        "<": {
            "precision": 0.7110481586402266,
            "recall": 0.5864485981308412,
            "f1-score": 0.6427656850192062,
            "support": 428.0
        },
        ">": {
            "precision": 0.6213592233009708,
            "recall": 0.6632124352331606,
            "f1-score": 0.6416040100250626,
            "support": 386.0
        },
        "=": {
            "precision": 0.23170731707317074,
            "recall": 0.33043478260869563,
            "f1-score": 0.2724014336917563,
            "support": 115.0
        },
        "-": {
            "precision": 0.0,
            "recall": 0.0,
            "f1-score": 0.0,
            "support": 0.0
        },
        "accuracy": 0.5866523143164694,
        "macro avg": {
            "precision": 0.39102867475359204,
            "recall": 0.39502395399317436,
            "f1-score": 0.3891927821840062,
            "support": 929.0
        },
        "weighted avg": {
            "precision": 0.6144452244947324,
            "recall": 0.5866523143164694,
            "f1-score": 0.5964359805516107,
            "support": 929.0
        }
    },
    "ee": {
        "<": {
            "precision": 0.7445544554455445,
            "recall": 0.7286821705426356,
            "f1-score": 0.7365328109696376,
            "support": 516.0
        },
        ">": {
            "precision": 0.5457413249211357,
            "recall": 0.5805369127516778,
            "f1-score": 0.5626016260162602,
            "support": 298.0
        },
        "=": {
            "precision": 0.27102803738317754,
            "recall": 0.25217391304347825,
            "f1-score": 0.26126126126126126,
            "support": 115.0
        },
        "-": {
            "precision": 0.0,
            "recall": 0.0,
            "f1-score": 0.0,
            "support": 0.0
        },
        "accuracy": 0.6221743810548978,
        "macro avg": {
            "precision": 0.3903309544374644,
            "recall": 0.3903482490844479,
            "f1-score": 0.39009892456178974,
            "support": 929.0
        },
        "weighted avg": {
            "precision": 0.6221627967012539,
            "recall": 0.6221743810548978,
            "f1-score": 0.6219066308484645,
            "support": 929.0
        }
    },
    "se": {
        "<": {
            "precision": 0.8278061224489796,
            "recall": 0.8988919667590027,
            "f1-score": 0.8618857901726428,
            "support": 722.0
        },
        ">": {
            "precision": 0.5,
            "recall": 0.35858585858585856,
            "f1-score": 0.4176470588235294,
            "support": 198.0
        },
        "=": {
            "precision": 0.0,
            "recall": 0.0,
            "f1-score": 0.0,
            "support": 9.0
        },
        "-": {
            "precision": 0.0,
            "recall": 0.0,
            "f1-score": 0.0,
            "support": 0.0
        },
        "accuracy": 0.77502691065662,
        "macro avg": {
            "precision": 0.3319515306122449,
            "recall": 0.3143694563362153,
            "f1-score": 0.31988321224904304,
            "support": 929.0
        },
        "weighted avg": {
            "precision": 0.7499203664242877,
            "recall": 0.77502691065662,
            "f1-score": 0.7588543144797707,
            "support": 929.0
        }
    },
    "es": {
        "<": {
            "precision": 0.6952380952380952,
            "recall": 0.44242424242424244,
            "f1-score": 0.5407407407407407,
            "support": 330.0
        },
        ">": {
            "precision": 0.7342657342657343,
            "recall": 0.8883248730964467,
            "f1-score": 0.8039816232771823,
            "support": 591.0
        },
        "=": {
            "precision": 0.0,
            "recall": 0.0,
            "f1-score": 0.0,
            "support": 8.0
        },
        "-": {
            "precision": 0.0,
            "recall": 0.0,
            "f1-score": 0.0,
            "support": 0.0
        },
        "accuracy": 0.7222820236813778,
        "macro avg": {
            "precision": 0.3573759573759574,
            "recall": 0.3326872788801723,
            "f1-score": 0.3361805910044807,
            "support": 929.0
        },
        "weighted avg": {
            "precision": 0.714079246910248,
            "recall": 0.7222820236813778,
            "f1-score": 0.7035496058140572,
            "support": 929.0
        }
    }
}