{
    "-": {
        "precision": 0.0,
        "recall": 0.0,
        "f1-score": 0.0,
        "support": 0.0
    },
    "<": {
        "precision": 0.5956989247311828,
        "recall": 0.2775551102204409,
        "f1-score": 0.37867395762132605,
        "support": 1996.0
    },
    "=": {
        "precision": 0.07277289836888332,
        "recall": 0.23481781376518218,
        "f1-score": 0.1111111111111111,
        "support": 247.0
    },
    ">": {
        "precision": 0.44717607973421925,
        "recall": 0.45689069925322473,
        "f1-score": 0.4519811954331766,
        "support": 1473.0
    },
    "accuracy": 0.3458019375672766,
    "macro avg": {
        "precision": 0.27891197570857135,
        "recall": 0.24231590580971196,
        "f1-score": 0.23544156604140343,
        "support": 3716.0
    },
    "weighted avg": {
        "precision": 0.5020668259174005,
        "recall": 0.3458019375672766,
        "f1-score": 0.3899477838346826,
        "support": 3716.0
    }
}