{
    "IS_INCLUDED": {
        "precision": 0.0,
        "recall": 0.0,
        "f1-score": 0.0,
        "support": 176.0
    },
    "INCLUDES": {
        "precision": 0.0,
        "recall": 0.0,
        "f1-score": 0.0,
        "support": 88.0
    },
    "BEFORE": {
        "precision": 0.05161290322580645,
        "recall": 0.048484848484848485,
        "f1-score": 0.05,
        "support": 330.0
    },
    "SIMULTANEOUS": {
        "precision": 0.6666666666666666,
        "recall": 0.01818181818181818,
        "f1-score": 0.035398230088495575,
        "support": 110.0
    },
    "AFTER": {
        "precision": 0.08809135399673736,
        "recall": 0.2727272727272727,
        "f1-score": 0.13316892725030827,
        "support": 198.0
    },
    "IAFTER": {
        "precision": 0.0,
        "recall": 0.0,
        "f1-score": 0.0,
        "support": 9.0
    },
    "BEGINS": {
        "precision": 0.0,
        "recall": 0.0,
        "f1-score": 0.0,
        "support": 2.0
    },
    "ENDS": {
        "precision": 0.0,
        "recall": 0.0,
        "f1-score": 0.0,
        "support": 3.0
    },
    "ENDED_BY": {
        "precision": 0.0,
        "recall": 0.0,
        "f1-score": 0.0,
        "support": 2.0
    },
    "BEGUN_BY": {
        "precision": 0.0,
        "recall": 0.0,
        "f1-score": 0.0,
        "support": 3.0
    },
    "IBEFORE": {
        "precision": 0.0,
        "recall": 0.0,
        "f1-score": 0.0,
        "support": 8.0
    },
    "micro avg": {
        "precision": 0.07775377969762419,
        "recall": 0.077502691065662,
        "f1-score": 0.07762803234501348,
        "support": 929.0
    },
    "macro avg": {
        "precision": 0.07330644762629186,
        "recall": 0.030853994490358125,
        "f1-score": 0.019869741576254894,
        "support": 929.0
    },
    "weighted avg": {
        "precision": 0.11604701774941167,
        "recall": 0.077502691065662,
        "f1-score": 0.050335040802255704,
        "support": 929.0
    }
}