{
    "IS_INCLUDED": {
        "precision": 0.532258064516129,
        "recall": 0.11262798634812286,
        "f1-score": 0.18591549295774648,
        "support": 293.0
    },
    "INCLUDES": {
        "precision": 0.6050955414012739,
        "recall": 0.1660839160839161,
        "f1-score": 0.2606310013717421,
        "support": 572.0
    },
    "AFTER": {
        "precision": 0.2344632768361582,
        "recall": 0.44148936170212766,
        "f1-score": 0.3062730627306273,
        "support": 188.0
    },
    "BEFORE": {
        "precision": 0.35843373493975905,
        "recall": 0.5935162094763092,
        "f1-score": 0.4469483568075117,
        "support": 401.0
    },
    "SIMULTANEOUS": {
        "precision": 0.07984790874524715,
        "recall": 0.45652173913043476,
        "f1-score": 0.13592233009708737,
        "support": 46.0
    },
    "accuracy": 0.31333333333333335,
    "macro avg": {
        "precision": 0.3620197052877135,
        "recall": 0.3540478425481821,
        "f1-score": 0.267138048792943,
        "support": 1500.0
    },
    "weighted avg": {
        "precision": 0.46236686009538464,
        "recall": 0.31333333333333335,
        "f1-score": 0.2977414841859282,
        "support": 1500.0
    },
    "e-e": {
        "IS_INCLUDED": {
            "precision": 0.532258064516129,
            "recall": 0.11262798634812286,
            "f1-score": 0.18591549295774648,
            "support": 293.0
        },
        "INCLUDES": {
            "precision": 0.6050955414012739,
            "recall": 0.1660839160839161,
            "f1-score": 0.2606310013717421,
            "support": 572.0
        },
        "AFTER": {
            "precision": 0.2344632768361582,
            "recall": 0.44148936170212766,
            "f1-score": 0.3062730627306273,
            "support": 188.0
        },
        "BEFORE": {
            "precision": 0.35843373493975905,
            "recall": 0.5935162094763092,
            "f1-score": 0.4469483568075117,
            "support": 401.0
        },
        "SIMULTANEOUS": {
            "precision": 0.07984790874524715,
            "recall": 0.45652173913043476,
            "f1-score": 0.13592233009708737,
            "support": 46.0
        },
        "accuracy": 0.31333333333333335,
        "macro avg": {
            "precision": 0.3620197052877135,
            "recall": 0.3540478425481821,
            "f1-score": 0.267138048792943,
            "support": 1500.0
        },
        "weighted avg": {
            "precision": 0.46236686009538464,
            "recall": 0.31333333333333335,
            "f1-score": 0.2977414841859282,
            "support": 1500.0
        },
        "support": 1500
    }
}