{
    "accuracy": 0.4132047477744807,
    "precision": 0.4132047477744807,
    "recall": 0.4132047477744807,
    "f1-score": 0.4132047477744807,
    "confidence": {
        "accuracy": {
            "lower": 0.3981206726013848,
            "upper": 0.4277942631058358
        },
        "precision": {
            "lower": 0.3981206726013848,
            "upper": 0.4277942631058358
        },
        "recall": {
            "lower": 0.3981206726013848,
            "upper": 0.4277942631058358
        },
        "f1-score": {
            "lower": 0.3981206726013848,
            "upper": 0.42779426310583574
        }
    },
    "per_label": {
        "<": {
            "precision": 0.4132047477744807,
            "recall": 1.0,
            "f1-score": 0.5847769028871391,
            "support": 1671.0
        },
        ">": {
            "precision": 0.0,
            "recall": 0.0,
            "f1-score": 0.0,
            "support": 1671.0
        },
        "=": {
            "precision": 0.0,
            "recall": 0.0,
            "f1-score": 0.0,
            "support": 702.0
        },
        "-": {
            "precision": 0.0,
            "recall": 0.0,
            "f1-score": 0.0,
            "support": 0.0
        }
    },
    "pre_type": {
        "ss": {
            "accuracy": 0.4132047477744807,
            "precision": 0.4132047477744807,
            "recall": 0.4132047477744807,
            "f1-score": 0.4132047477744807,
            "confidence": {
                "accuracy": {
                    "lower": 0.3971253709198813,
                    "upper": 0.42828882294757664
                },
                "precision": {
                    "lower": 0.3971253709198813,
                    "upper": 0.42828882294757664
                },
                "recall": {
                    "lower": 0.3971253709198813,
                    "upper": 0.42828882294757664
                },
                "f1-score": {
                    "lower": 0.39712537091988137,
                    "upper": 0.42828882294757664
                }
            }
        }
    }
}