{
    "accuracy": 0.4132047477744807,
    "precision": 0.1377349159248269,
    "recall": 0.3333333333333333,
    "f1-score": 0.19492563429571305,
    "confidence": {
        "accuracy": {
            "lower": 0.39836177052423344,
            "upper": 0.42828882294757664
        },
        "precision": {
            "lower": 0.13278725684141116,
            "upper": 0.14276294098252554
        },
        "recall": {
            "lower": 0.3333333333333333,
            "upper": 0.3333333333333333
        },
        "f1-score": {
            "lower": 0.18991831639892823,
            "upper": 0.19990766389658357
        }
    },
    "per_label": {
        "<": {
            "precision": 0.4132047477744807,
            "recall": 1.0,
            "f1-score": 0.5847769028871391,
            "support": 1671.0
        },
        ">": {
            "precision": 0.0,
            "recall": 0.0,
            "f1-score": 0.0,
            "support": 1671.0
        },
        "=": {
            "precision": 0.0,
            "recall": 0.0,
            "f1-score": 0.0,
            "support": 702.0
        }
    },
    "pre_type": {
        "ss": {
            "accuracy": 0.4132047477744807,
            "precision": 0.1377349159248269,
            "recall": 0.3333333333333333,
            "f1-score": 0.19492563429571305,
            "support": 4044,
            "confidence": {
                "accuracy": {
                    "lower": 0.3973788328387735,
                    "upper": 0.4280415430267062
                },
                "precision": {
                    "lower": 0.13245961094625783,
                    "upper": 0.14268051434223541
                },
                "recall": {
                    "lower": 0.3333333333333333,
                    "upper": 0.3333333333333333
                },
                "f1-score": {
                    "lower": 0.1895829646670206,
                    "upper": 0.19982683982683982
                }
            }
        }
    }
}