{
    "accuracy": 0.32987141444114737,
    "precision": 0.3296636415367485,
    "recall": 0.33109129937376497,
    "f1-score": 0.31905283068438267,
    "confidence": {
        "accuracy": {
            "lower": 0.3155291790306627,
            "upper": 0.3447143916913947
        },
        "precision": {
            "lower": 0.3160503716584487,
            "upper": 0.34446852752376017
        },
        "recall": {
            "lower": 0.31525725781481306,
            "upper": 0.34798231933210083
        },
        "f1-score": {
            "lower": 0.3054587963675295,
            "upper": 0.3343681340928263
        }
    },
    "per_label": {
        "<": {
            "precision": 0.4044943820224719,
            "recall": 0.34470377019748655,
            "f1-score": 0.3722132471728595,
            "support": 1671.0
        },
        ">": {
            "precision": 0.40877055599060297,
            "recall": 0.3123877917414722,
            "f1-score": 0.3541383989145183,
            "support": 1671.0
        },
        "=": {
            "precision": 0.1757259865971705,
            "recall": 0.33618233618233617,
            "f1-score": 0.23080684596577017,
            "support": 702.0
        }
    },
    "pre_type": {
        "ss": {
            "accuracy": 0.32987141444114737,
            "precision": 0.3296636415367485,
            "recall": 0.33109129937376497,
            "f1-score": 0.31905283068438267,
            "support": 4044,
            "confidence": {
                "accuracy": {
                    "lower": 0.3162648367952522,
                    "upper": 0.3449554896142433
                },
                "precision": {
                    "lower": 0.31597629430098434,
                    "upper": 0.34374768105687664
                },
                "recall": {
                    "lower": 0.3158051858105741,
                    "upper": 0.34653862403517083
                },
                "f1-score": {
                    "lower": 0.30510544234930775,
                    "upper": 0.33309389931990835
                }
            }
        }
    }
}