{
    "<": {
        "precision": 0.4188880426504189,
        "recall": 0.3291442250149611,
        "f1-score": 0.36863270777479895,
        "support": 1671.0
    },
    "=": {
        "precision": 0.170083523158694,
        "recall": 0.3190883190883191,
        "f1-score": 0.2218920257553244,
        "support": 702.0
    },
    ">": {
        "precision": 0.41654879773691655,
        "recall": 0.35248354278874927,
        "f1-score": 0.38184764991896275,
        "support": 1671.0
    },
    "accuracy": 0.33704253214638974,
    "macro avg": {
        "precision": 0.33517345451534314,
        "recall": 0.3335720289640098,
        "f1-score": 0.324124127816362,
        "support": 4044.0
    },
    "weighted avg": {
        "precision": 0.3747313534976856,
        "recall": 0.33704253214638974,
        "f1-score": 0.3486203955950825,
        "support": 4044.0
    }
}