{
    "<": {
        "precision": 0.43782117163412126,
        "recall": 0.5098743267504489,
        "f1-score": 0.4711086535803152,
        "support": 1671.0
    },
    ">": {
        "precision": 0.4358338499690019,
        "recall": 0.42070616397366845,
        "f1-score": 0.428136419001218,
        "support": 1671.0
    },
    "=": {
        "precision": 0.15257731958762888,
        "recall": 0.10541310541310542,
        "f1-score": 0.12468407750631845,
        "support": 702.0
    },
    "-": {
        "precision": 0.0,
        "recall": 0.0,
        "f1-score": 0.0,
        "support": 0.0
    },
    "accuracy": 0.40281899109792285,
    "macro avg": {
        "precision": 0.256558085297688,
        "recall": 0.25899839903430566,
        "f1-score": 0.2559822875219629,
        "support": 4044.0
    },
    "weighted avg": {
        "precision": 0.38748437671843083,
        "recall": 0.40281899109792285,
        "f1-score": 0.3932163053148312,
        "support": 4044.0
    },
    "type": {},
    "ss": {
        "<": {
            "precision": 0.43782117163412126,
            "recall": 0.5098743267504489,
            "f1-score": 0.4711086535803152,
            "support": 1671.0
        },
        ">": {
            "precision": 0.4358338499690019,
            "recall": 0.42070616397366845,
            "f1-score": 0.428136419001218,
            "support": 1671.0
        },
        "=": {
            "precision": 0.15257731958762888,
            "recall": 0.10541310541310542,
            "f1-score": 0.12468407750631845,
            "support": 702.0
        },
        "-": {
            "precision": 0.0,
            "recall": 0.0,
            "f1-score": 0.0,
            "support": 0.0
        },
        "accuracy": 0.40281899109792285,
        "macro avg": {
            "precision": 0.256558085297688,
            "recall": 0.25899839903430566,
            "f1-score": 0.2559822875219629,
            "support": 4044.0
        },
        "weighted avg": {
            "precision": 0.38748437671843083,
            "recall": 0.40281899109792285,
            "f1-score": 0.3932163053148312,
            "support": 4044.0
        }
    },
    "ee": {
        "<": {
            "precision": 0.0,
            "recall": 0.0,
            "f1-score": 0.0,
            "support": 0.0
        },
        ">": {
            "precision": 0.0,
            "recall": 0.0,
            "f1-score": 0.0,
            "support": 0.0
        },
        "=": {
            "precision": 0.0,
            "recall": 0.0,
            "f1-score": 0.0,
            "support": 0.0
        },
        "-": {
            "precision": 0.0,
            "recall": 0.0,
            "f1-score": 0.0,
            "support": 0.0
        },
        "accuracy": 0.0,
        "macro avg": {
            "precision": 0.0,
            "recall": 0.0,
            "f1-score": 0.0,
            "support": 0.0
        },
        "weighted avg": {
            "precision": 0.0,
            "recall": 0.0,
            "f1-score": 0.0,
            "support": 0.0
        }
    },
    "se": {
        "<": {
            "precision": 0.0,
            "recall": 0.0,
            "f1-score": 0.0,
            "support": 0.0
        },
        ">": {
            "precision": 0.0,
            "recall": 0.0,
            "f1-score": 0.0,
            "support": 0.0
        },
        "=": {
            "precision": 0.0,
            "recall": 0.0,
            "f1-score": 0.0,
            "support": 0.0
        },
        "-": {
            "precision": 0.0,
            "recall": 0.0,
            "f1-score": 0.0,
            "support": 0.0
        },
        "accuracy": 0.0,
        "macro avg": {
            "precision": 0.0,
            "recall": 0.0,
            "f1-score": 0.0,
            "support": 0.0
        },
        "weighted avg": {
            "precision": 0.0,
            "recall": 0.0,
            "f1-score": 0.0,
            "support": 0.0
        }
    },
    "es": {
        "<": {
            "precision": 0.0,
            "recall": 0.0,
            "f1-score": 0.0,
            "support": 0.0
        },
        ">": {
            "precision": 0.0,
            "recall": 0.0,
            "f1-score": 0.0,
            "support": 0.0
        },
        "=": {
            "precision": 0.0,
            "recall": 0.0,
            "f1-score": 0.0,
            "support": 0.0
        },
        "-": {
            "precision": 0.0,
            "recall": 0.0,
            "f1-score": 0.0,
            "support": 0.0
        },
        "accuracy": 0.0,
        "macro avg": {
            "precision": 0.0,
            "recall": 0.0,
            "f1-score": 0.0,
            "support": 0.0
        },
        "weighted avg": {
            "precision": 0.0,
            "recall": 0.0,
            "f1-score": 0.0,
            "support": 0.0
        }
    }
}