{
    "accuracy": 0.4908506429277943,
    "precision": 0.457043197200044,
    "recall": 0.43176629651794224,
    "f1-score": 0.41972501415549335,
    "confidence": {
        "accuracy": {
            "lower": 0.4755192878338279,
            "upper": 0.506429277942631
        },
        "precision": {
            "lower": 0.4405469480664443,
            "upper": 0.474926545969072
        },
        "recall": {
            "lower": 0.41861870926820327,
            "upper": 0.44571027646393097
        },
        "f1-score": {
            "lower": 0.40520090645147705,
            "upper": 0.43573856333186356
        }
    },
    "per_label": {
        "<": {
            "precision": 0.4869431643625192,
            "recall": 0.7588270496708558,
            "f1-score": 0.5932163742690059,
            "support": 1671.0
        },
        "=": {
            "precision": 0.26104417670682734,
            "recall": 0.18518518518518517,
            "f1-score": 0.21666666666666667,
            "support": 702.0
        },
        ">": {
            "precision": 0.6231422505307855,
            "recall": 0.35128665469778575,
            "f1-score": 0.4492920015308075,
            "support": 1671.0
        }
    },
    "pre_type": {
        "ss": {
            "accuracy": 0.4908506429277943,
            "precision": 0.457043197200044,
            "recall": 0.43176629651794224,
            "f1-score": 0.41972501415549335,
            "support": 4044,
            "confidence": {
                "accuracy": {
                    "lower": 0.47477744807121663,
                    "upper": 0.5071711177052424
                },
                "precision": {
                    "lower": 0.4386133259351089,
                    "upper": 0.475603459540874
                },
                "recall": {
                    "lower": 0.417145233270422,
                    "upper": 0.446672752345787
                },
                "f1-score": {
                    "lower": 0.4031868584745045,
                    "upper": 0.4352138558156656
                }
            }
        }
    }
}