{
    "<": {
        "precision": 0.4640171858216971,
        "recall": 0.5170556552962298,
        "f1-score": 0.48910274554203226,
        "support": 1671.0
    },
    ">": {
        "precision": 0.494949494949495,
        "recall": 0.1172950329144225,
        "f1-score": 0.18964683115626513,
        "support": 1671.0
    },
    "=": {
        "precision": 0.18309070548712206,
        "recall": 0.4658119658119658,
        "f1-score": 0.2628617363344051,
        "support": 702.0
    },
    "-": {
        "precision": 0.0,
        "recall": 0.0,
        "f1-score": 0.0,
        "support": 0.0
    },
    "accuracy": 0.34297725024727993,
    "macro avg": {
        "precision": 0.2855143465645785,
        "recall": 0.2750406635056545,
        "f1-score": 0.23540282825817563,
        "support": 4044.0
    },
    "weighted avg": {
        "precision": 0.4280323933779974,
        "recall": 0.34297725024727993,
        "f1-score": 0.3260928490528209,
        "support": 4044.0
    },
    "type": {},
    "ss": {
        "<": {
            "precision": 0.4640171858216971,
            "recall": 0.5170556552962298,
            "f1-score": 0.48910274554203226,
            "support": 1671.0
        },
        ">": {
            "precision": 0.494949494949495,
            "recall": 0.1172950329144225,
            "f1-score": 0.18964683115626513,
            "support": 1671.0
        },
        "=": {
            "precision": 0.18309070548712206,
            "recall": 0.4658119658119658,
            "f1-score": 0.2628617363344051,
            "support": 702.0
        },
        "-": {
            "precision": 0.0,
            "recall": 0.0,
            "f1-score": 0.0,
            "support": 0.0
        },
        "accuracy": 0.34297725024727993,
        "macro avg": {
            "precision": 0.2855143465645785,
            "recall": 0.2750406635056545,
            "f1-score": 0.23540282825817563,
            "support": 4044.0
        },
        "weighted avg": {
            "precision": 0.4280323933779974,
            "recall": 0.34297725024727993,
            "f1-score": 0.3260928490528209,
            "support": 4044.0
        }
    },
    "ee": {
        "<": {
            "precision": 0.0,
            "recall": 0.0,
            "f1-score": 0.0,
            "support": 0.0
        },
        ">": {
            "precision": 0.0,
            "recall": 0.0,
            "f1-score": 0.0,
            "support": 0.0
        },
        "=": {
            "precision": 0.0,
            "recall": 0.0,
            "f1-score": 0.0,
            "support": 0.0
        },
        "-": {
            "precision": 0.0,
            "recall": 0.0,
            "f1-score": 0.0,
            "support": 0.0
        },
        "accuracy": 0.0,
        "macro avg": {
            "precision": 0.0,
            "recall": 0.0,
            "f1-score": 0.0,
            "support": 0.0
        },
        "weighted avg": {
            "precision": 0.0,
            "recall": 0.0,
            "f1-score": 0.0,
            "support": 0.0
        }
    },
    "se": {
        "<": {
            "precision": 0.0,
            "recall": 0.0,
            "f1-score": 0.0,
            "support": 0.0
        },
        ">": {
            "precision": 0.0,
            "recall": 0.0,
            "f1-score": 0.0,
            "support": 0.0
        },
        "=": {
            "precision": 0.0,
            "recall": 0.0,
            "f1-score": 0.0,
            "support": 0.0
        },
        "-": {
            "precision": 0.0,
            "recall": 0.0,
            "f1-score": 0.0,
            "support": 0.0
        },
        "accuracy": 0.0,
        "macro avg": {
            "precision": 0.0,
            "recall": 0.0,
            "f1-score": 0.0,
            "support": 0.0
        },
        "weighted avg": {
            "precision": 0.0,
            "recall": 0.0,
            "f1-score": 0.0,
            "support": 0.0
        }
    },
    "es": {
        "<": {
            "precision": 0.0,
            "recall": 0.0,
            "f1-score": 0.0,
            "support": 0.0
        },
        ">": {
            "precision": 0.0,
            "recall": 0.0,
            "f1-score": 0.0,
            "support": 0.0
        },
        "=": {
            "precision": 0.0,
            "recall": 0.0,
            "f1-score": 0.0,
            "support": 0.0
        },
        "-": {
            "precision": 0.0,
            "recall": 0.0,
            "f1-score": 0.0,
            "support": 0.0
        },
        "accuracy": 0.0,
        "macro avg": {
            "precision": 0.0,
            "recall": 0.0,
            "f1-score": 0.0,
            "support": 0.0
        },
        "weighted avg": {
            "precision": 0.0,
            "recall": 0.0,
            "f1-score": 0.0,
            "support": 0.0
        }
    }
}