{
    "<": {
        "precision": 0.43753213367609256,
        "recall": 0.509275882704967,
        "f1-score": 0.4706858407079646,
        "support": 1671.0
    },
    ">": {
        "precision": 0.43564356435643564,
        "recall": 0.4213046080191502,
        "f1-score": 0.42835412229996955,
        "support": 1671.0
    },
    "=": {
        "precision": 0.15113871635610765,
        "recall": 0.10398860398860399,
        "f1-score": 0.12320675105485232,
        "support": 702.0
    },
    "-": {
        "precision": 0.0,
        "recall": 0.0,
        "f1-score": 0.0,
        "support": 0.0
    },
    "accuracy": 0.4025717111770524,
    "macro avg": {
        "precision": 0.25607860359715895,
        "recall": 0.2586422736781803,
        "f1-score": 0.2555616785156966,
        "support": 4044.0
    },
    "weighted avg": {
        "precision": 0.38703659008267616,
        "recall": 0.4025717111770524,
        "f1-score": 0.3928751032212572,
        "support": 4044.0
    },
    "confidence": {
        "accuracy": {
            "lower": 0.3869930761622156,
            "upper": 0.41740850642927796
        },
        "macro avg": {
            "precision": {
                "lower": 0.24398082165283366,
                "upper": 0.266894362277947
            },
            "recall": {
                "lower": 0.24797594244382784,
                "upper": 0.2683272759619553
            },
            "f1-score": {
                "lower": 0.2444668193077719,
                "upper": 0.2656839797145209
            }
        },
        "weighted avg": {
            "precision": {
                "lower": 0.3709560384147817,
                "upper": 0.40355133805227866
            },
            "recall": {
                "lower": 0.3869930761622156,
                "upper": 0.41740850642927796
            },
            "f1-score": {
                "lower": 0.3771829389317717,
                "upper": 0.40837919678133633
            }
        }
    },
    "type": {},
    "ss": {
        "<": {
            "precision": 0.43753213367609256,
            "recall": 0.509275882704967,
            "f1-score": 0.4706858407079646,
            "support": 1671.0
        },
        ">": {
            "precision": 0.43564356435643564,
            "recall": 0.4213046080191502,
            "f1-score": 0.42835412229996955,
            "support": 1671.0
        },
        "=": {
            "precision": 0.15113871635610765,
            "recall": 0.10398860398860399,
            "f1-score": 0.12320675105485232,
            "support": 702.0
        },
        "-": {
            "precision": 0.0,
            "recall": 0.0,
            "f1-score": 0.0,
            "support": 0.0
        },
        "accuracy": 0.4025717111770524,
        "macro avg": {
            "precision": 0.25607860359715895,
            "recall": 0.2586422736781803,
            "f1-score": 0.2555616785156966,
            "support": 4044.0
        },
        "weighted avg": {
            "precision": 0.38703659008267616,
            "recall": 0.4025717111770524,
            "f1-score": 0.3928751032212572,
            "support": 4044.0
        }
    },
    "ee": {
        "<": {
            "precision": 0.0,
            "recall": 0.0,
            "f1-score": 0.0,
            "support": 0.0
        },
        ">": {
            "precision": 0.0,
            "recall": 0.0,
            "f1-score": 0.0,
            "support": 0.0
        },
        "=": {
            "precision": 0.0,
            "recall": 0.0,
            "f1-score": 0.0,
            "support": 0.0
        },
        "-": {
            "precision": 0.0,
            "recall": 0.0,
            "f1-score": 0.0,
            "support": 0.0
        },
        "accuracy": 0.0,
        "macro avg": {
            "precision": 0.0,
            "recall": 0.0,
            "f1-score": 0.0,
            "support": 0.0
        },
        "weighted avg": {
            "precision": 0.0,
            "recall": 0.0,
            "f1-score": 0.0,
            "support": 0.0
        }
    },
    "se": {
        "<": {
            "precision": 0.0,
            "recall": 0.0,
            "f1-score": 0.0,
            "support": 0.0
        },
        ">": {
            "precision": 0.0,
            "recall": 0.0,
            "f1-score": 0.0,
            "support": 0.0
        },
        "=": {
            "precision": 0.0,
            "recall": 0.0,
            "f1-score": 0.0,
            "support": 0.0
        },
        "-": {
            "precision": 0.0,
            "recall": 0.0,
            "f1-score": 0.0,
            "support": 0.0
        },
        "accuracy": 0.0,
        "macro avg": {
            "precision": 0.0,
            "recall": 0.0,
            "f1-score": 0.0,
            "support": 0.0
        },
        "weighted avg": {
            "precision": 0.0,
            "recall": 0.0,
            "f1-score": 0.0,
            "support": 0.0
        }
    },
    "es": {
        "<": {
            "precision": 0.0,
            "recall": 0.0,
            "f1-score": 0.0,
            "support": 0.0
        },
        ">": {
            "precision": 0.0,
            "recall": 0.0,
            "f1-score": 0.0,
            "support": 0.0
        },
        "=": {
            "precision": 0.0,
            "recall": 0.0,
            "f1-score": 0.0,
            "support": 0.0
        },
        "-": {
            "precision": 0.0,
            "recall": 0.0,
            "f1-score": 0.0,
            "support": 0.0
        },
        "accuracy": 0.0,
        "macro avg": {
            "precision": 0.0,
            "recall": 0.0,
            "f1-score": 0.0,
            "support": 0.0
        },
        "weighted avg": {
            "precision": 0.0,
            "recall": 0.0,
            "f1-score": 0.0,
            "support": 0.0
        }
    }
}