{
    "accuracy": 0.41839762611275966,
    "precision": 0.44200626959247646,
    "recall": 0.41839762611275966,
    "f1-score": 0.4298780487804878,
    "confidence": {
        "accuracy": {
            "lower": 0.40231824925816023,
            "upper": 0.43299950544015825
        },
        "precision": {
            "lower": 0.4256412037193027,
            "upper": 0.45710104847086935
        },
        "recall": {
            "lower": 0.40231824925816023,
            "upper": 0.43299950544015825
        },
        "f1-score": {
            "lower": 0.41364869825817324,
            "upper": 0.444757011978677
        }
    },
    "per_label": {
        "<": {
            "precision": 0.4519543973941368,
            "recall": 0.6642728904847397,
            "f1-score": 0.5379210079961231,
            "support": 1671.0
        },
        ">": {
            "precision": 0.5014272121788773,
            "recall": 0.31538001196888094,
            "f1-score": 0.3872152828802351,
            "support": 1671.0
        },
        "=": {
            "precision": 0.17133956386292834,
            "recall": 0.07834757834757834,
            "f1-score": 0.10752688172043011,
            "support": 702.0
        },
        "-": {
            "precision": 0.0,
            "recall": 0.0,
            "f1-score": 0.0,
            "support": 0.0
        }
    },
    "pre_type": {
        "ss": {
            "accuracy": 0.41839762611275966,
            "precision": 0.44200626959247646,
            "recall": 0.41839762611275966,
            "f1-score": 0.4298780487804878,
            "confidence": {
                "accuracy": {
                    "lower": 0.4030662710187933,
                    "upper": 0.43298714144411476
                },
                "precision": {
                    "lower": 0.42684194772137296,
                    "upper": 0.45765900810483856
                },
                "recall": {
                    "lower": 0.4030662710187933,
                    "upper": 0.43298714144411476
                },
                "f1-score": {
                    "lower": 0.41479981447304604,
                    "upper": 0.44484099986474
                }
            }
        }
    }
}