{
    "accuracy": 0.49851632047477745,
    "precision": 0.45583863824461984,
    "recall": 0.42941429207138365,
    "f1-score": 0.418176480600215,
    "confidence": {
        "accuracy": {
            "lower": 0.48417408506429277,
            "upper": 0.514101137487636
        },
        "precision": {
            "lower": 0.43746603142422424,
            "upper": 0.47573487134162407
        },
        "recall": {
            "lower": 0.41669676544415607,
            "upper": 0.4431333765978947
        },
        "f1-score": {
            "lower": 0.40293161582008885,
            "upper": 0.43427061039575615
        }
    },
    "per_label": {
        "<": {
            "precision": 0.4851063829787234,
            "recall": 0.7504488330341114,
            "f1-score": 0.5892857142857143,
            "support": 1671.0
        },
        ">": {
            "precision": 0.5946188340807175,
            "recall": 0.39676840215439857,
            "f1-score": 0.47595118449389806,
            "support": 1671.0
        },
        "=": {
            "precision": 0.2877906976744186,
            "recall": 0.14102564102564102,
            "f1-score": 0.18929254302103252,
            "support": 702.0
        }
    },
    "pre_type": {
        "ss": {
            "accuracy": 0.49851632047477745,
            "precision": 0.45583863824461984,
            "recall": 0.42941429207138365,
            "f1-score": 0.418176480600215,
            "support": 4044,
            "confidence": {
                "accuracy": {
                    "lower": 0.48416172106824923,
                    "upper": 0.5148429772502472
                },
                "precision": {
                    "lower": 0.4355218925687762,
                    "upper": 0.4754455566536422
                },
                "recall": {
                    "lower": 0.41629841115085053,
                    "upper": 0.44270650269429623
                },
                "f1-score": {
                    "lower": 0.4025809313921606,
                    "upper": 0.433576172180062
                }
            }
        }
    }
}