{
    "<": {
        "precision": 0.4409810935104752,
        "recall": 0.5164572112507481,
        "f1-score": 0.4757442116868798,
        "support": 1671.0
    },
    ">": {
        "precision": 0.44885679903730447,
        "recall": 0.4464392579293836,
        "f1-score": 0.44764476447644763,
        "support": 1671.0
    },
    "=": {
        "precision": 0.21411764705882352,
        "recall": 0.12962962962962962,
        "f1-score": 0.16149068322981366,
        "support": 702.0
    },
    "-": {
        "precision": 0.0,
        "recall": 0.0,
        "f1-score": 0.0,
        "support": 0.0
    },
    "accuracy": 0.42037586547972305,
    "macro avg": {
        "precision": 0.2759888849016508,
        "recall": 0.2731315247024403,
        "f1-score": 0.2712199148482853,
        "support": 4044.0
    },
    "weighted avg": {
        "precision": 0.40485403231519135,
        "recall": 0.42037586547972305,
        "f1-score": 0.4095819581593099,
        "support": 4044.0
    },
    "type": {},
    "ss": {
        "<": {
            "precision": 0.4409810935104752,
            "recall": 0.5164572112507481,
            "f1-score": 0.4757442116868798,
            "support": 1671.0
        },
        ">": {
            "precision": 0.44885679903730447,
            "recall": 0.4464392579293836,
            "f1-score": 0.44764476447644763,
            "support": 1671.0
        },
        "=": {
            "precision": 0.21411764705882352,
            "recall": 0.12962962962962962,
            "f1-score": 0.16149068322981366,
            "support": 702.0
        },
        "-": {
            "precision": 0.0,
            "recall": 0.0,
            "f1-score": 0.0,
            "support": 0.0
        },
        "accuracy": 0.42037586547972305,
        "macro avg": {
            "precision": 0.2759888849016508,
            "recall": 0.2731315247024403,
            "f1-score": 0.2712199148482853,
            "support": 4044.0
        },
        "weighted avg": {
            "precision": 0.40485403231519135,
            "recall": 0.42037586547972305,
            "f1-score": 0.4095819581593099,
            "support": 4044.0
        }
    },
    "ee": {
        "<": {
            "precision": 0.0,
            "recall": 0.0,
            "f1-score": 0.0,
            "support": 0.0
        },
        ">": {
            "precision": 0.0,
            "recall": 0.0,
            "f1-score": 0.0,
            "support": 0.0
        },
        "=": {
            "precision": 0.0,
            "recall": 0.0,
            "f1-score": 0.0,
            "support": 0.0
        },
        "-": {
            "precision": 0.0,
            "recall": 0.0,
            "f1-score": 0.0,
            "support": 0.0
        },
        "accuracy": 0.0,
        "macro avg": {
            "precision": 0.0,
            "recall": 0.0,
            "f1-score": 0.0,
            "support": 0.0
        },
        "weighted avg": {
            "precision": 0.0,
            "recall": 0.0,
            "f1-score": 0.0,
            "support": 0.0
        }
    },
    "se": {
        "<": {
            "precision": 0.0,
            "recall": 0.0,
            "f1-score": 0.0,
            "support": 0.0
        },
        ">": {
            "precision": 0.0,
            "recall": 0.0,
            "f1-score": 0.0,
            "support": 0.0
        },
        "=": {
            "precision": 0.0,
            "recall": 0.0,
            "f1-score": 0.0,
            "support": 0.0
        },
        "-": {
            "precision": 0.0,
            "recall": 0.0,
            "f1-score": 0.0,
            "support": 0.0
        },
        "accuracy": 0.0,
        "macro avg": {
            "precision": 0.0,
            "recall": 0.0,
            "f1-score": 0.0,
            "support": 0.0
        },
        "weighted avg": {
            "precision": 0.0,
            "recall": 0.0,
            "f1-score": 0.0,
            "support": 0.0
        }
    },
    "es": {
        "<": {
            "precision": 0.0,
            "recall": 0.0,
            "f1-score": 0.0,
            "support": 0.0
        },
        ">": {
            "precision": 0.0,
            "recall": 0.0,
            "f1-score": 0.0,
            "support": 0.0
        },
        "=": {
            "precision": 0.0,
            "recall": 0.0,
            "f1-score": 0.0,
            "support": 0.0
        },
        "-": {
            "precision": 0.0,
            "recall": 0.0,
            "f1-score": 0.0,
            "support": 0.0
        },
        "accuracy": 0.0,
        "macro avg": {
            "precision": 0.0,
            "recall": 0.0,
            "f1-score": 0.0,
            "support": 0.0
        },
        "weighted avg": {
            "precision": 0.0,
            "recall": 0.0,
            "f1-score": 0.0,
            "support": 0.0
        }
    }
}