{
    "<": {
        "precision": 0.4659386375455018,
        "recall": 0.5362058647516457,
        "f1-score": 0.4986087924318308,
        "support": 1671.0
    },
    ">": {
        "precision": 0.47092605886575734,
        "recall": 0.39257929383602636,
        "f1-score": 0.4281984334203655,
        "support": 1671.0
    },
    "=": {
        "precision": 0.1978021978021978,
        "recall": 0.20512820512820512,
        "f1-score": 0.2013986013986014,
        "support": 702.0
    },
    "-": {
        "precision": 0.0,
        "recall": 0.0,
        "f1-score": 0.0,
        "support": 0.0
    },
    "accuracy": 0.41938674579624136,
    "macro avg": {
        "precision": 0.28366672355336425,
        "recall": 0.2834783409289693,
        "f1-score": 0.28205145681269944,
        "support": 4044.0
    },
    "weighted avg": {
        "precision": 0.42145352387743745,
        "recall": 0.41938674579624136,
        "f1-score": 0.4179220308063399,
        "support": 4044.0
    },
    "type": {},
    "ss": {
        "<": {
            "precision": 0.4659386375455018,
            "recall": 0.5362058647516457,
            "f1-score": 0.4986087924318308,
            "support": 1671.0
        },
        ">": {
            "precision": 0.47092605886575734,
            "recall": 0.39257929383602636,
            "f1-score": 0.4281984334203655,
            "support": 1671.0
        },
        "=": {
            "precision": 0.1978021978021978,
            "recall": 0.20512820512820512,
            "f1-score": 0.2013986013986014,
            "support": 702.0
        },
        "-": {
            "precision": 0.0,
            "recall": 0.0,
            "f1-score": 0.0,
            "support": 0.0
        },
        "accuracy": 0.41938674579624136,
        "macro avg": {
            "precision": 0.28366672355336425,
            "recall": 0.2834783409289693,
            "f1-score": 0.28205145681269944,
            "support": 4044.0
        },
        "weighted avg": {
            "precision": 0.42145352387743745,
            "recall": 0.41938674579624136,
            "f1-score": 0.4179220308063399,
            "support": 4044.0
        }
    },
    "ee": {
        "<": {
            "precision": 0.0,
            "recall": 0.0,
            "f1-score": 0.0,
            "support": 0.0
        },
        ">": {
            "precision": 0.0,
            "recall": 0.0,
            "f1-score": 0.0,
            "support": 0.0
        },
        "=": {
            "precision": 0.0,
            "recall": 0.0,
            "f1-score": 0.0,
            "support": 0.0
        },
        "-": {
            "precision": 0.0,
            "recall": 0.0,
            "f1-score": 0.0,
            "support": 0.0
        },
        "accuracy": 0.0,
        "macro avg": {
            "precision": 0.0,
            "recall": 0.0,
            "f1-score": 0.0,
            "support": 0.0
        },
        "weighted avg": {
            "precision": 0.0,
            "recall": 0.0,
            "f1-score": 0.0,
            "support": 0.0
        }
    },
    "se": {
        "<": {
            "precision": 0.0,
            "recall": 0.0,
            "f1-score": 0.0,
            "support": 0.0
        },
        ">": {
            "precision": 0.0,
            "recall": 0.0,
            "f1-score": 0.0,
            "support": 0.0
        },
        "=": {
            "precision": 0.0,
            "recall": 0.0,
            "f1-score": 0.0,
            "support": 0.0
        },
        "-": {
            "precision": 0.0,
            "recall": 0.0,
            "f1-score": 0.0,
            "support": 0.0
        },
        "accuracy": 0.0,
        "macro avg": {
            "precision": 0.0,
            "recall": 0.0,
            "f1-score": 0.0,
            "support": 0.0
        },
        "weighted avg": {
            "precision": 0.0,
            "recall": 0.0,
            "f1-score": 0.0,
            "support": 0.0
        }
    },
    "es": {
        "<": {
            "precision": 0.0,
            "recall": 0.0,
            "f1-score": 0.0,
            "support": 0.0
        },
        ">": {
            "precision": 0.0,
            "recall": 0.0,
            "f1-score": 0.0,
            "support": 0.0
        },
        "=": {
            "precision": 0.0,
            "recall": 0.0,
            "f1-score": 0.0,
            "support": 0.0
        },
        "-": {
            "precision": 0.0,
            "recall": 0.0,
            "f1-score": 0.0,
            "support": 0.0
        },
        "accuracy": 0.0,
        "macro avg": {
            "precision": 0.0,
            "recall": 0.0,
            "f1-score": 0.0,
            "support": 0.0
        },
        "weighted avg": {
            "precision": 0.0,
            "recall": 0.0,
            "f1-score": 0.0,
            "support": 0.0
        }
    }
}