{
    "<": {
        "precision": 0.43745203376822717,
        "recall": 0.34111310592459604,
        "f1-score": 0.3833221250840619,
        "support": 1671.0
    },
    ">": {
        "precision": 0.4130019120458891,
        "recall": 0.3877917414721723,
        "f1-score": 0.4,
        "support": 1671.0
    },
    "=": {
        "precision": 0.17150170648464164,
        "recall": 0.2863247863247863,
        "f1-score": 0.21451440768409819,
        "support": 702.0
    },
    "-": {
        "precision": 0.0,
        "recall": 0.0,
        "f1-score": 0.0,
        "support": 0.0
    },
    "accuracy": 0.3508902077151335,
    "macro avg": {
        "precision": 0.25548891307468946,
        "recall": 0.2538074084303886,
        "f1-score": 0.24945913319204,
        "support": 4044.0
    },
    "weighted avg": {
        "precision": 0.38118267591681676,
        "recall": 0.3508902077151335,
        "f1-score": 0.36091008536342833,
        "support": 4044.0
    },
    "type": {},
    "ss": {
        "<": {
            "precision": 0.43745203376822717,
            "recall": 0.34111310592459604,
            "f1-score": 0.3833221250840619,
            "support": 1671.0
        },
        ">": {
            "precision": 0.4130019120458891,
            "recall": 0.3877917414721723,
            "f1-score": 0.4,
            "support": 1671.0
        },
        "=": {
            "precision": 0.17150170648464164,
            "recall": 0.2863247863247863,
            "f1-score": 0.21451440768409819,
            "support": 702.0
        },
        "-": {
            "precision": 0.0,
            "recall": 0.0,
            "f1-score": 0.0,
            "support": 0.0
        },
        "accuracy": 0.3508902077151335,
        "macro avg": {
            "precision": 0.25548891307468946,
            "recall": 0.2538074084303886,
            "f1-score": 0.24945913319204,
            "support": 4044.0
        },
        "weighted avg": {
            "precision": 0.38118267591681676,
            "recall": 0.3508902077151335,
            "f1-score": 0.36091008536342833,
            "support": 4044.0
        }
    },
    "ee": {
        "<": {
            "precision": 0.0,
            "recall": 0.0,
            "f1-score": 0.0,
            "support": 0.0
        },
        ">": {
            "precision": 0.0,
            "recall": 0.0,
            "f1-score": 0.0,
            "support": 0.0
        },
        "=": {
            "precision": 0.0,
            "recall": 0.0,
            "f1-score": 0.0,
            "support": 0.0
        },
        "-": {
            "precision": 0.0,
            "recall": 0.0,
            "f1-score": 0.0,
            "support": 0.0
        },
        "accuracy": 0.0,
        "macro avg": {
            "precision": 0.0,
            "recall": 0.0,
            "f1-score": 0.0,
            "support": 0.0
        },
        "weighted avg": {
            "precision": 0.0,
            "recall": 0.0,
            "f1-score": 0.0,
            "support": 0.0
        }
    },
    "se": {
        "<": {
            "precision": 0.0,
            "recall": 0.0,
            "f1-score": 0.0,
            "support": 0.0
        },
        ">": {
            "precision": 0.0,
            "recall": 0.0,
            "f1-score": 0.0,
            "support": 0.0
        },
        "=": {
            "precision": 0.0,
            "recall": 0.0,
            "f1-score": 0.0,
            "support": 0.0
        },
        "-": {
            "precision": 0.0,
            "recall": 0.0,
            "f1-score": 0.0,
            "support": 0.0
        },
        "accuracy": 0.0,
        "macro avg": {
            "precision": 0.0,
            "recall": 0.0,
            "f1-score": 0.0,
            "support": 0.0
        },
        "weighted avg": {
            "precision": 0.0,
            "recall": 0.0,
            "f1-score": 0.0,
            "support": 0.0
        }
    },
    "es": {
        "<": {
            "precision": 0.0,
            "recall": 0.0,
            "f1-score": 0.0,
            "support": 0.0
        },
        ">": {
            "precision": 0.0,
            "recall": 0.0,
            "f1-score": 0.0,
            "support": 0.0
        },
        "=": {
            "precision": 0.0,
            "recall": 0.0,
            "f1-score": 0.0,
            "support": 0.0
        },
        "-": {
            "precision": 0.0,
            "recall": 0.0,
            "f1-score": 0.0,
            "support": 0.0
        },
        "accuracy": 0.0,
        "macro avg": {
            "precision": 0.0,
            "recall": 0.0,
            "f1-score": 0.0,
            "support": 0.0
        },
        "weighted avg": {
            "precision": 0.0,
            "recall": 0.0,
            "f1-score": 0.0,
            "support": 0.0
        }
    }
}