{
    "<": {
        "precision": 0.46866952789699573,
        "recall": 0.3267504488330341,
        "f1-score": 0.385049365303244,
        "support": 1671.0
    },
    ">": {
        "precision": 0.5777777777777777,
        "recall": 0.15559545182525433,
        "f1-score": 0.24516737388024518,
        "support": 1671.0
    },
    "=": {
        "precision": 0.18937834499794154,
        "recall": 0.6552706552706553,
        "f1-score": 0.29383583519642287,
        "support": 702.0
    },
    "-": {
        "precision": 0.0,
        "recall": 0.0,
        "f1-score": 0.0,
        "support": 0.0
    },
    "accuracy": 0.31305637982195844,
    "macro avg": {
        "precision": 0.30895641266817875,
        "recall": 0.28440413898223593,
        "f1-score": 0.23101314359497802,
        "support": 4044.0
    },
    "weighted avg": {
        "precision": 0.46527127744092517,
        "recall": 0.31305637982195844,
        "f1-score": 0.31141565961510864,
        "support": 4044.0
    },
    "type": {},
    "ss": {
        "<": {
            "precision": 0.46866952789699573,
            "recall": 0.3267504488330341,
            "f1-score": 0.385049365303244,
            "support": 1671.0
        },
        ">": {
            "precision": 0.5777777777777777,
            "recall": 0.15559545182525433,
            "f1-score": 0.24516737388024518,
            "support": 1671.0
        },
        "=": {
            "precision": 0.18937834499794154,
            "recall": 0.6552706552706553,
            "f1-score": 0.29383583519642287,
            "support": 702.0
        },
        "-": {
            "precision": 0.0,
            "recall": 0.0,
            "f1-score": 0.0,
            "support": 0.0
        },
        "accuracy": 0.31305637982195844,
        "macro avg": {
            "precision": 0.30895641266817875,
            "recall": 0.28440413898223593,
            "f1-score": 0.23101314359497802,
            "support": 4044.0
        },
        "weighted avg": {
            "precision": 0.46527127744092517,
            "recall": 0.31305637982195844,
            "f1-score": 0.31141565961510864,
            "support": 4044.0
        }
    },
    "ee": {
        "<": {
            "precision": 0.0,
            "recall": 0.0,
            "f1-score": 0.0,
            "support": 0.0
        },
        ">": {
            "precision": 0.0,
            "recall": 0.0,
            "f1-score": 0.0,
            "support": 0.0
        },
        "=": {
            "precision": 0.0,
            "recall": 0.0,
            "f1-score": 0.0,
            "support": 0.0
        },
        "-": {
            "precision": 0.0,
            "recall": 0.0,
            "f1-score": 0.0,
            "support": 0.0
        },
        "accuracy": 0.0,
        "macro avg": {
            "precision": 0.0,
            "recall": 0.0,
            "f1-score": 0.0,
            "support": 0.0
        },
        "weighted avg": {
            "precision": 0.0,
            "recall": 0.0,
            "f1-score": 0.0,
            "support": 0.0
        }
    },
    "se": {
        "<": {
            "precision": 0.0,
            "recall": 0.0,
            "f1-score": 0.0,
            "support": 0.0
        },
        ">": {
            "precision": 0.0,
            "recall": 0.0,
            "f1-score": 0.0,
            "support": 0.0
        },
        "=": {
            "precision": 0.0,
            "recall": 0.0,
            "f1-score": 0.0,
            "support": 0.0
        },
        "-": {
            "precision": 0.0,
            "recall": 0.0,
            "f1-score": 0.0,
            "support": 0.0
        },
        "accuracy": 0.0,
        "macro avg": {
            "precision": 0.0,
            "recall": 0.0,
            "f1-score": 0.0,
            "support": 0.0
        },
        "weighted avg": {
            "precision": 0.0,
            "recall": 0.0,
            "f1-score": 0.0,
            "support": 0.0
        }
    },
    "es": {
        "<": {
            "precision": 0.0,
            "recall": 0.0,
            "f1-score": 0.0,
            "support": 0.0
        },
        ">": {
            "precision": 0.0,
            "recall": 0.0,
            "f1-score": 0.0,
            "support": 0.0
        },
        "=": {
            "precision": 0.0,
            "recall": 0.0,
            "f1-score": 0.0,
            "support": 0.0
        },
        "-": {
            "precision": 0.0,
            "recall": 0.0,
            "f1-score": 0.0,
            "support": 0.0
        },
        "accuracy": 0.0,
        "macro avg": {
            "precision": 0.0,
            "recall": 0.0,
            "f1-score": 0.0,
            "support": 0.0
        },
        "weighted avg": {
            "precision": 0.0,
            "recall": 0.0,
            "f1-score": 0.0,
            "support": 0.0
        }
    }
}