{
    "<": {
        "precision": 0.4361283061339336,
        "recall": 0.4637941352483543,
        "f1-score": 0.4495359628770302,
        "support": 1671.0
    },
    ">": {
        "precision": 0.4331826985151711,
        "recall": 0.40155595451825254,
        "f1-score": 0.41677018633540375,
        "support": 1671.0
    },
    "=": {
        "precision": 0.18802228412256267,
        "recall": 0.19230769230769232,
        "f1-score": 0.19014084507042253,
        "support": 702.0
    },
    "-": {
        "precision": 0.0,
        "recall": 0.0,
        "f1-score": 0.0,
        "support": 0.0
    },
    "accuracy": 0.3909495548961424,
    "macro avg": {
        "precision": 0.26433332219291683,
        "recall": 0.2644144455185748,
        "f1-score": 0.2641117485707141,
        "support": 4044.0
    },
    "weighted avg": {
        "precision": 0.3918423175624859,
        "recall": 0.3909495548961424,
        "f1-score": 0.39096845909332684,
        "support": 4044.0
    },
    "confidence": {
        "accuracy": {
            "lower": 0.37611275964391694,
            "upper": 0.40603363006923837
        },
        "macro avg": {
            "precision": {
                "lower": 0.25387753853058886,
                "upper": 0.27556313877390987
            },
            "recall": {
                "lower": 0.25383094714443327,
                "upper": 0.2758888718586705
            },
            "f1-score": {
                "lower": 0.25355750317218173,
                "upper": 0.27544371131135037
            }
        },
        "weighted avg": {
            "precision": {
                "lower": 0.3768642684000176,
                "upper": 0.4073882881522805
            },
            "recall": {
                "lower": 0.37611275964391694,
                "upper": 0.40603363006923837
            },
            "f1-score": {
                "lower": 0.3761293184002759,
                "upper": 0.4060216938312761
            }
        }
    },
    "type": {},
    "ss": {
        "<": {
            "precision": 0.4361283061339336,
            "recall": 0.4637941352483543,
            "f1-score": 0.4495359628770302,
            "support": 1671.0
        },
        ">": {
            "precision": 0.4331826985151711,
            "recall": 0.40155595451825254,
            "f1-score": 0.41677018633540375,
            "support": 1671.0
        },
        "=": {
            "precision": 0.18802228412256267,
            "recall": 0.19230769230769232,
            "f1-score": 0.19014084507042253,
            "support": 702.0
        },
        "-": {
            "precision": 0.0,
            "recall": 0.0,
            "f1-score": 0.0,
            "support": 0.0
        },
        "accuracy": 0.3909495548961424,
        "macro avg": {
            "precision": 0.26433332219291683,
            "recall": 0.2644144455185748,
            "f1-score": 0.2641117485707141,
            "support": 4044.0
        },
        "weighted avg": {
            "precision": 0.3918423175624859,
            "recall": 0.3909495548961424,
            "f1-score": 0.39096845909332684,
            "support": 4044.0
        }
    },
    "ee": {
        "<": {
            "precision": 0.0,
            "recall": 0.0,
            "f1-score": 0.0,
            "support": 0.0
        },
        ">": {
            "precision": 0.0,
            "recall": 0.0,
            "f1-score": 0.0,
            "support": 0.0
        },
        "=": {
            "precision": 0.0,
            "recall": 0.0,
            "f1-score": 0.0,
            "support": 0.0
        },
        "-": {
            "precision": 0.0,
            "recall": 0.0,
            "f1-score": 0.0,
            "support": 0.0
        },
        "accuracy": 0.0,
        "macro avg": {
            "precision": 0.0,
            "recall": 0.0,
            "f1-score": 0.0,
            "support": 0.0
        },
        "weighted avg": {
            "precision": 0.0,
            "recall": 0.0,
            "f1-score": 0.0,
            "support": 0.0
        }
    },
    "se": {
        "<": {
            "precision": 0.0,
            "recall": 0.0,
            "f1-score": 0.0,
            "support": 0.0
        },
        ">": {
            "precision": 0.0,
            "recall": 0.0,
            "f1-score": 0.0,
            "support": 0.0
        },
        "=": {
            "precision": 0.0,
            "recall": 0.0,
            "f1-score": 0.0,
            "support": 0.0
        },
        "-": {
            "precision": 0.0,
            "recall": 0.0,
            "f1-score": 0.0,
            "support": 0.0
        },
        "accuracy": 0.0,
        "macro avg": {
            "precision": 0.0,
            "recall": 0.0,
            "f1-score": 0.0,
            "support": 0.0
        },
        "weighted avg": {
            "precision": 0.0,
            "recall": 0.0,
            "f1-score": 0.0,
            "support": 0.0
        }
    },
    "es": {
        "<": {
            "precision": 0.0,
            "recall": 0.0,
            "f1-score": 0.0,
            "support": 0.0
        },
        ">": {
            "precision": 0.0,
            "recall": 0.0,
            "f1-score": 0.0,
            "support": 0.0
        },
        "=": {
            "precision": 0.0,
            "recall": 0.0,
            "f1-score": 0.0,
            "support": 0.0
        },
        "-": {
            "precision": 0.0,
            "recall": 0.0,
            "f1-score": 0.0,
            "support": 0.0
        },
        "accuracy": 0.0,
        "macro avg": {
            "precision": 0.0,
            "recall": 0.0,
            "f1-score": 0.0,
            "support": 0.0
        },
        "weighted avg": {
            "precision": 0.0,
            "recall": 0.0,
            "f1-score": 0.0,
            "support": 0.0
        }
    }
}