{
    "<": {
        "precision": 0.4306071871127633,
        "recall": 0.41591861160981447,
        "f1-score": 0.4231354642313546,
        "support": 1671.0
    },
    ">": {
        "precision": 0.44532488114104596,
        "recall": 0.33632555356074206,
        "f1-score": 0.3832253665189226,
        "support": 1671.0
    },
    "=": {
        "precision": 0.1780821917808219,
        "recall": 0.2962962962962963,
        "f1-score": 0.22245989304812835,
        "support": 702.0
    },
    "-": {
        "precision": 0.0,
        "recall": 0.0,
        "f1-score": 0.0,
        "support": 0.0
    },
    "accuracy": 0.3622650840751731,
    "macro avg": {
        "precision": 0.2635035650086578,
        "recall": 0.2621351153667132,
        "f1-score": 0.2572051809496014,
        "support": 4044.0
    },
    "weighted avg": {
        "precision": 0.39285266683537395,
        "recall": 0.3622650840751731,
        "f1-score": 0.3718090487397377,
        "support": 4044.0
    },
    "type": {},
    "ss": {
        "<": {
            "precision": 0.4306071871127633,
            "recall": 0.41591861160981447,
            "f1-score": 0.4231354642313546,
            "support": 1671.0
        },
        ">": {
            "precision": 0.44532488114104596,
            "recall": 0.33632555356074206,
            "f1-score": 0.3832253665189226,
            "support": 1671.0
        },
        "=": {
            "precision": 0.1780821917808219,
            "recall": 0.2962962962962963,
            "f1-score": 0.22245989304812835,
            "support": 702.0
        },
        "-": {
            "precision": 0.0,
            "recall": 0.0,
            "f1-score": 0.0,
            "support": 0.0
        },
        "accuracy": 0.3622650840751731,
        "macro avg": {
            "precision": 0.2635035650086578,
            "recall": 0.2621351153667132,
            "f1-score": 0.2572051809496014,
            "support": 4044.0
        },
        "weighted avg": {
            "precision": 0.39285266683537395,
            "recall": 0.3622650840751731,
            "f1-score": 0.3718090487397377,
            "support": 4044.0
        }
    },
    "ee": {
        "<": {
            "precision": 0.0,
            "recall": 0.0,
            "f1-score": 0.0,
            "support": 0.0
        },
        ">": {
            "precision": 0.0,
            "recall": 0.0,
            "f1-score": 0.0,
            "support": 0.0
        },
        "=": {
            "precision": 0.0,
            "recall": 0.0,
            "f1-score": 0.0,
            "support": 0.0
        },
        "-": {
            "precision": 0.0,
            "recall": 0.0,
            "f1-score": 0.0,
            "support": 0.0
        },
        "accuracy": 0.0,
        "macro avg": {
            "precision": 0.0,
            "recall": 0.0,
            "f1-score": 0.0,
            "support": 0.0
        },
        "weighted avg": {
            "precision": 0.0,
            "recall": 0.0,
            "f1-score": 0.0,
            "support": 0.0
        }
    },
    "se": {
        "<": {
            "precision": 0.0,
            "recall": 0.0,
            "f1-score": 0.0,
            "support": 0.0
        },
        ">": {
            "precision": 0.0,
            "recall": 0.0,
            "f1-score": 0.0,
            "support": 0.0
        },
        "=": {
            "precision": 0.0,
            "recall": 0.0,
            "f1-score": 0.0,
            "support": 0.0
        },
        "-": {
            "precision": 0.0,
            "recall": 0.0,
            "f1-score": 0.0,
            "support": 0.0
        },
        "accuracy": 0.0,
        "macro avg": {
            "precision": 0.0,
            "recall": 0.0,
            "f1-score": 0.0,
            "support": 0.0
        },
        "weighted avg": {
            "precision": 0.0,
            "recall": 0.0,
            "f1-score": 0.0,
            "support": 0.0
        }
    },
    "es": {
        "<": {
            "precision": 0.0,
            "recall": 0.0,
            "f1-score": 0.0,
            "support": 0.0
        },
        ">": {
            "precision": 0.0,
            "recall": 0.0,
            "f1-score": 0.0,
            "support": 0.0
        },
        "=": {
            "precision": 0.0,
            "recall": 0.0,
            "f1-score": 0.0,
            "support": 0.0
        },
        "-": {
            "precision": 0.0,
            "recall": 0.0,
            "f1-score": 0.0,
            "support": 0.0
        },
        "accuracy": 0.0,
        "macro avg": {
            "precision": 0.0,
            "recall": 0.0,
            "f1-score": 0.0,
            "support": 0.0
        },
        "weighted avg": {
            "precision": 0.0,
            "recall": 0.0,
            "f1-score": 0.0,
            "support": 0.0
        }
    }
}