{
    "<": {
        "precision": 0.41684389621437684,
        "recall": 0.5864751645721125,
        "f1-score": 0.48731974142217804,
        "support": 1671.0
    },
    ">": {
        "precision": 0.4766355140186916,
        "recall": 0.03052064631956912,
        "f1-score": 0.05736782902137233,
        "support": 1671.0
    },
    "=": {
        "precision": 0.15510718789407313,
        "recall": 0.3504273504273504,
        "f1-score": 0.21503496503496503,
        "support": 702.0
    },
    "-": {
        "precision": 0.0,
        "recall": 0.0,
        "f1-score": 0.0,
        "support": 0.0
    },
    "accuracy": 0.3157764589515331,
    "macro avg": {
        "precision": 0.2621466495317854,
        "recall": 0.24185579032975799,
        "f1-score": 0.18993063386962883,
        "support": 4044.0
    },
    "weighted avg": {
        "precision": 0.396115069337561,
        "recall": 0.3157764589515331,
        "f1-score": 0.26239551821605295,
        "support": 4044.0
    },
    "type": {},
    "ss": {
        "<": {
            "precision": 0.41684389621437684,
            "recall": 0.5864751645721125,
            "f1-score": 0.48731974142217804,
            "support": 1671.0
        },
        ">": {
            "precision": 0.4766355140186916,
            "recall": 0.03052064631956912,
            "f1-score": 0.05736782902137233,
            "support": 1671.0
        },
        "=": {
            "precision": 0.15510718789407313,
            "recall": 0.3504273504273504,
            "f1-score": 0.21503496503496503,
            "support": 702.0
        },
        "-": {
            "precision": 0.0,
            "recall": 0.0,
            "f1-score": 0.0,
            "support": 0.0
        },
        "accuracy": 0.3157764589515331,
        "macro avg": {
            "precision": 0.2621466495317854,
            "recall": 0.24185579032975799,
            "f1-score": 0.18993063386962883,
            "support": 4044.0
        },
        "weighted avg": {
            "precision": 0.396115069337561,
            "recall": 0.3157764589515331,
            "f1-score": 0.26239551821605295,
            "support": 4044.0
        }
    },
    "ee": {
        "<": {
            "precision": 0.0,
            "recall": 0.0,
            "f1-score": 0.0,
            "support": 0.0
        },
        ">": {
            "precision": 0.0,
            "recall": 0.0,
            "f1-score": 0.0,
            "support": 0.0
        },
        "=": {
            "precision": 0.0,
            "recall": 0.0,
            "f1-score": 0.0,
            "support": 0.0
        },
        "-": {
            "precision": 0.0,
            "recall": 0.0,
            "f1-score": 0.0,
            "support": 0.0
        },
        "accuracy": 0.0,
        "macro avg": {
            "precision": 0.0,
            "recall": 0.0,
            "f1-score": 0.0,
            "support": 0.0
        },
        "weighted avg": {
            "precision": 0.0,
            "recall": 0.0,
            "f1-score": 0.0,
            "support": 0.0
        }
    },
    "se": {
        "<": {
            "precision": 0.0,
            "recall": 0.0,
            "f1-score": 0.0,
            "support": 0.0
        },
        ">": {
            "precision": 0.0,
            "recall": 0.0,
            "f1-score": 0.0,
            "support": 0.0
        },
        "=": {
            "precision": 0.0,
            "recall": 0.0,
            "f1-score": 0.0,
            "support": 0.0
        },
        "-": {
            "precision": 0.0,
            "recall": 0.0,
            "f1-score": 0.0,
            "support": 0.0
        },
        "accuracy": 0.0,
        "macro avg": {
            "precision": 0.0,
            "recall": 0.0,
            "f1-score": 0.0,
            "support": 0.0
        },
        "weighted avg": {
            "precision": 0.0,
            "recall": 0.0,
            "f1-score": 0.0,
            "support": 0.0
        }
    },
    "es": {
        "<": {
            "precision": 0.0,
            "recall": 0.0,
            "f1-score": 0.0,
            "support": 0.0
        },
        ">": {
            "precision": 0.0,
            "recall": 0.0,
            "f1-score": 0.0,
            "support": 0.0
        },
        "=": {
            "precision": 0.0,
            "recall": 0.0,
            "f1-score": 0.0,
            "support": 0.0
        },
        "-": {
            "precision": 0.0,
            "recall": 0.0,
            "f1-score": 0.0,
            "support": 0.0
        },
        "accuracy": 0.0,
        "macro avg": {
            "precision": 0.0,
            "recall": 0.0,
            "f1-score": 0.0,
            "support": 0.0
        },
        "weighted avg": {
            "precision": 0.0,
            "recall": 0.0,
            "f1-score": 0.0,
            "support": 0.0
        }
    }
}