{
    "<": {
        "precision": 0.42592592592592593,
        "recall": 0.5643327348892878,
        "f1-score": 0.4854568854568855,
        "support": 1671.0
    },
    ">": {
        "precision": 0.4959481361426256,
        "recall": 0.18312387791741472,
        "f1-score": 0.2674825174825175,
        "support": 1671.0
    },
    "=": {
        "precision": 0.1393239901071723,
        "recall": 0.24074074074074073,
        "f1-score": 0.17650130548302873,
        "support": 702.0
    },
    "-": {
        "precision": 0.0,
        "recall": 0.0,
        "f1-score": 0.0,
        "support": 0.0
    },
    "accuracy": 0.3506429277942631,
    "macro avg": {
        "precision": 0.26529951304393096,
        "recall": 0.2470493383868608,
        "f1-score": 0.2323601771056079,
        "support": 4044.0
    },
    "weighted avg": {
        "precision": 0.40510806102170743,
        "recall": 0.3506429277942631,
        "f1-score": 0.3417570867361099,
        "support": 4044.0
    },
    "type": {},
    "ss": {
        "<": {
            "precision": 0.42592592592592593,
            "recall": 0.5643327348892878,
            "f1-score": 0.4854568854568855,
            "support": 1671.0
        },
        ">": {
            "precision": 0.4959481361426256,
            "recall": 0.18312387791741472,
            "f1-score": 0.2674825174825175,
            "support": 1671.0
        },
        "=": {
            "precision": 0.1393239901071723,
            "recall": 0.24074074074074073,
            "f1-score": 0.17650130548302873,
            "support": 702.0
        },
        "-": {
            "precision": 0.0,
            "recall": 0.0,
            "f1-score": 0.0,
            "support": 0.0
        },
        "accuracy": 0.3506429277942631,
        "macro avg": {
            "precision": 0.26529951304393096,
            "recall": 0.2470493383868608,
            "f1-score": 0.2323601771056079,
            "support": 4044.0
        },
        "weighted avg": {
            "precision": 0.40510806102170743,
            "recall": 0.3506429277942631,
            "f1-score": 0.3417570867361099,
            "support": 4044.0
        }
    },
    "ee": {
        "<": {
            "precision": 0.0,
            "recall": 0.0,
            "f1-score": 0.0,
            "support": 0.0
        },
        ">": {
            "precision": 0.0,
            "recall": 0.0,
            "f1-score": 0.0,
            "support": 0.0
        },
        "=": {
            "precision": 0.0,
            "recall": 0.0,
            "f1-score": 0.0,
            "support": 0.0
        },
        "-": {
            "precision": 0.0,
            "recall": 0.0,
            "f1-score": 0.0,
            "support": 0.0
        },
        "accuracy": 0.0,
        "macro avg": {
            "precision": 0.0,
            "recall": 0.0,
            "f1-score": 0.0,
            "support": 0.0
        },
        "weighted avg": {
            "precision": 0.0,
            "recall": 0.0,
            "f1-score": 0.0,
            "support": 0.0
        }
    },
    "se": {
        "<": {
            "precision": 0.0,
            "recall": 0.0,
            "f1-score": 0.0,
            "support": 0.0
        },
        ">": {
            "precision": 0.0,
            "recall": 0.0,
            "f1-score": 0.0,
            "support": 0.0
        },
        "=": {
            "precision": 0.0,
            "recall": 0.0,
            "f1-score": 0.0,
            "support": 0.0
        },
        "-": {
            "precision": 0.0,
            "recall": 0.0,
            "f1-score": 0.0,
            "support": 0.0
        },
        "accuracy": 0.0,
        "macro avg": {
            "precision": 0.0,
            "recall": 0.0,
            "f1-score": 0.0,
            "support": 0.0
        },
        "weighted avg": {
            "precision": 0.0,
            "recall": 0.0,
            "f1-score": 0.0,
            "support": 0.0
        }
    },
    "es": {
        "<": {
            "precision": 0.0,
            "recall": 0.0,
            "f1-score": 0.0,
            "support": 0.0
        },
        ">": {
            "precision": 0.0,
            "recall": 0.0,
            "f1-score": 0.0,
            "support": 0.0
        },
        "=": {
            "precision": 0.0,
            "recall": 0.0,
            "f1-score": 0.0,
            "support": 0.0
        },
        "-": {
            "precision": 0.0,
            "recall": 0.0,
            "f1-score": 0.0,
            "support": 0.0
        },
        "accuracy": 0.0,
        "macro avg": {
            "precision": 0.0,
            "recall": 0.0,
            "f1-score": 0.0,
            "support": 0.0
        },
        "weighted avg": {
            "precision": 0.0,
            "recall": 0.0,
            "f1-score": 0.0,
            "support": 0.0
        }
    }
}