{
    "<": {
        "precision": 0.440920716112532,
        "recall": 0.5158587672052664,
        "f1-score": 0.47545504688361834,
        "support": 1671.0
    },
    ">": {
        "precision": 0.44885679903730447,
        "recall": 0.4464392579293836,
        "f1-score": 0.44764476447644763,
        "support": 1671.0
    },
    "=": {
        "precision": 0.2154566744730679,
        "recall": 0.13105413105413105,
        "f1-score": 0.1629760850310009,
        "support": 702.0
    },
    "-": {
        "precision": 0.0,
        "recall": 0.0,
        "f1-score": 0.0,
        "support": 0.0
    },
    "accuracy": 0.42037586547972305,
    "macro avg": {
        "precision": 0.2763085474057261,
        "recall": 0.2733380390471953,
        "f1-score": 0.2715189740977667,
        "support": 4044.0
    },
    "weighted avg": {
        "precision": 0.40506152653201544,
        "recall": 0.42037586547972305,
        "f1-score": 0.4097203255376936,
        "support": 4044.0
    },
    "confidence": {
        "accuracy": {
            "lower": 0.4052917903066271,
            "upper": 0.43570722057368944
        },
        "macro avg": {
            "precision": {
                "lower": 0.2632316182000781,
                "upper": 0.2899015997776084
            },
            "recall": {
                "lower": 0.26235444689587417,
                "upper": 0.28460430550250215
            },
            "f1-score": {
                "lower": 0.2596483176071942,
                "upper": 0.28370144507599976
            }
        },
        "weighted avg": {
            "precision": {
                "lower": 0.3903080505494198,
                "upper": 0.421401573545123
            },
            "recall": {
                "lower": 0.4052917903066271,
                "upper": 0.43570722057368944
            },
            "f1-score": {
                "lower": 0.3942883286568922,
                "upper": 0.42541702710478135
            }
        }
    },
    "type": {},
    "ss": {
        "<": {
            "precision": 0.440920716112532,
            "recall": 0.5158587672052664,
            "f1-score": 0.47545504688361834,
            "support": 1671.0
        },
        ">": {
            "precision": 0.44885679903730447,
            "recall": 0.4464392579293836,
            "f1-score": 0.44764476447644763,
            "support": 1671.0
        },
        "=": {
            "precision": 0.2154566744730679,
            "recall": 0.13105413105413105,
            "f1-score": 0.1629760850310009,
            "support": 702.0
        },
        "-": {
            "precision": 0.0,
            "recall": 0.0,
            "f1-score": 0.0,
            "support": 0.0
        },
        "accuracy": 0.42037586547972305,
        "macro avg": {
            "precision": 0.2763085474057261,
            "recall": 0.2733380390471953,
            "f1-score": 0.2715189740977667,
            "support": 4044.0
        },
        "weighted avg": {
            "precision": 0.40506152653201544,
            "recall": 0.42037586547972305,
            "f1-score": 0.4097203255376936,
            "support": 4044.0
        }
    },
    "ee": {
        "<": {
            "precision": 0.0,
            "recall": 0.0,
            "f1-score": 0.0,
            "support": 0.0
        },
        ">": {
            "precision": 0.0,
            "recall": 0.0,
            "f1-score": 0.0,
            "support": 0.0
        },
        "=": {
            "precision": 0.0,
            "recall": 0.0,
            "f1-score": 0.0,
            "support": 0.0
        },
        "-": {
            "precision": 0.0,
            "recall": 0.0,
            "f1-score": 0.0,
            "support": 0.0
        },
        "accuracy": 0.0,
        "macro avg": {
            "precision": 0.0,
            "recall": 0.0,
            "f1-score": 0.0,
            "support": 0.0
        },
        "weighted avg": {
            "precision": 0.0,
            "recall": 0.0,
            "f1-score": 0.0,
            "support": 0.0
        }
    },
    "se": {
        "<": {
            "precision": 0.0,
            "recall": 0.0,
            "f1-score": 0.0,
            "support": 0.0
        },
        ">": {
            "precision": 0.0,
            "recall": 0.0,
            "f1-score": 0.0,
            "support": 0.0
        },
        "=": {
            "precision": 0.0,
            "recall": 0.0,
            "f1-score": 0.0,
            "support": 0.0
        },
        "-": {
            "precision": 0.0,
            "recall": 0.0,
            "f1-score": 0.0,
            "support": 0.0
        },
        "accuracy": 0.0,
        "macro avg": {
            "precision": 0.0,
            "recall": 0.0,
            "f1-score": 0.0,
            "support": 0.0
        },
        "weighted avg": {
            "precision": 0.0,
            "recall": 0.0,
            "f1-score": 0.0,
            "support": 0.0
        }
    },
    "es": {
        "<": {
            "precision": 0.0,
            "recall": 0.0,
            "f1-score": 0.0,
            "support": 0.0
        },
        ">": {
            "precision": 0.0,
            "recall": 0.0,
            "f1-score": 0.0,
            "support": 0.0
        },
        "=": {
            "precision": 0.0,
            "recall": 0.0,
            "f1-score": 0.0,
            "support": 0.0
        },
        "-": {
            "precision": 0.0,
            "recall": 0.0,
            "f1-score": 0.0,
            "support": 0.0
        },
        "accuracy": 0.0,
        "macro avg": {
            "precision": 0.0,
            "recall": 0.0,
            "f1-score": 0.0,
            "support": 0.0
        },
        "weighted avg": {
            "precision": 0.0,
            "recall": 0.0,
            "f1-score": 0.0,
            "support": 0.0
        }
    }
}