{
    "<": {
        "precision": 0.4793964016250725,
        "recall": 0.4943147815679234,
        "f1-score": 0.48674130819092515,
        "support": 1671.0
    },
    ">": {
        "precision": 0.47421931735657225,
        "recall": 0.3907839616995811,
        "f1-score": 0.4284776902887139,
        "support": 1671.0
    },
    "=": {
        "precision": 0.1853813559322034,
        "recall": 0.2492877492877493,
        "f1-score": 0.212636695018226,
        "support": 702.0
    },
    "-": {
        "precision": 0.0,
        "recall": 0.0,
        "f1-score": 0.0,
        "support": 0.0
    },
    "accuracy": 0.40900098911968347,
    "macro avg": {
        "precision": 0.28474926872846207,
        "recall": 0.28359662313881345,
        "f1-score": 0.28196392337446624,
        "support": 4044.0
    },
    "weighted avg": {
        "precision": 0.4262189857276793,
        "recall": 0.40900098911968347,
        "f1-score": 0.4150845465782076,
        "support": 4044.0
    },
    "confidence": {
        "accuracy": {
            "lower": 0.3934161721068249,
            "upper": 0.42384396636993077
        },
        "macro avg": {
            "precision": {
                "lower": 0.2740589390333893,
                "upper": 0.29550223030824735
            },
            "recall": {
                "lower": 0.2718064736545737,
                "upper": 0.29497658812745603
            },
            "f1-score": {
                "lower": 0.271021081741632,
                "upper": 0.2927698304286853
            }
        },
        "weighted avg": {
            "precision": {
                "lower": 0.4104908590388448,
                "upper": 0.442948497516224
            },
            "recall": {
                "lower": 0.3934161721068249,
                "upper": 0.42384396636993077
            },
            "f1-score": {
                "lower": 0.3994723414299658,
                "upper": 0.43045331624927863
            }
        }
    },
    "type": {},
    "ss": {
        "<": {
            "precision": 0.4793964016250725,
            "recall": 0.4943147815679234,
            "f1-score": 0.48674130819092515,
            "support": 1671.0
        },
        ">": {
            "precision": 0.47421931735657225,
            "recall": 0.3907839616995811,
            "f1-score": 0.4284776902887139,
            "support": 1671.0
        },
        "=": {
            "precision": 0.1853813559322034,
            "recall": 0.2492877492877493,
            "f1-score": 0.212636695018226,
            "support": 702.0
        },
        "-": {
            "precision": 0.0,
            "recall": 0.0,
            "f1-score": 0.0,
            "support": 0.0
        },
        "accuracy": 0.40900098911968347,
        "macro avg": {
            "precision": 0.28474926872846207,
            "recall": 0.28359662313881345,
            "f1-score": 0.28196392337446624,
            "support": 4044.0
        },
        "weighted avg": {
            "precision": 0.4262189857276793,
            "recall": 0.40900098911968347,
            "f1-score": 0.4150845465782076,
            "support": 4044.0
        }
    },
    "ee": {
        "<": {
            "precision": 0.0,
            "recall": 0.0,
            "f1-score": 0.0,
            "support": 0.0
        },
        ">": {
            "precision": 0.0,
            "recall": 0.0,
            "f1-score": 0.0,
            "support": 0.0
        },
        "=": {
            "precision": 0.0,
            "recall": 0.0,
            "f1-score": 0.0,
            "support": 0.0
        },
        "-": {
            "precision": 0.0,
            "recall": 0.0,
            "f1-score": 0.0,
            "support": 0.0
        },
        "accuracy": 0.0,
        "macro avg": {
            "precision": 0.0,
            "recall": 0.0,
            "f1-score": 0.0,
            "support": 0.0
        },
        "weighted avg": {
            "precision": 0.0,
            "recall": 0.0,
            "f1-score": 0.0,
            "support": 0.0
        }
    },
    "se": {
        "<": {
            "precision": 0.0,
            "recall": 0.0,
            "f1-score": 0.0,
            "support": 0.0
        },
        ">": {
            "precision": 0.0,
            "recall": 0.0,
            "f1-score": 0.0,
            "support": 0.0
        },
        "=": {
            "precision": 0.0,
            "recall": 0.0,
            "f1-score": 0.0,
            "support": 0.0
        },
        "-": {
            "precision": 0.0,
            "recall": 0.0,
            "f1-score": 0.0,
            "support": 0.0
        },
        "accuracy": 0.0,
        "macro avg": {
            "precision": 0.0,
            "recall": 0.0,
            "f1-score": 0.0,
            "support": 0.0
        },
        "weighted avg": {
            "precision": 0.0,
            "recall": 0.0,
            "f1-score": 0.0,
            "support": 0.0
        }
    },
    "es": {
        "<": {
            "precision": 0.0,
            "recall": 0.0,
            "f1-score": 0.0,
            "support": 0.0
        },
        ">": {
            "precision": 0.0,
            "recall": 0.0,
            "f1-score": 0.0,
            "support": 0.0
        },
        "=": {
            "precision": 0.0,
            "recall": 0.0,
            "f1-score": 0.0,
            "support": 0.0
        },
        "-": {
            "precision": 0.0,
            "recall": 0.0,
            "f1-score": 0.0,
            "support": 0.0
        },
        "accuracy": 0.0,
        "macro avg": {
            "precision": 0.0,
            "recall": 0.0,
            "f1-score": 0.0,
            "support": 0.0
        },
        "weighted avg": {
            "precision": 0.0,
            "recall": 0.0,
            "f1-score": 0.0,
            "support": 0.0
        }
    }
}