{
    "<": {
        "precision": 0.513255567338282,
        "recall": 0.2896469180131658,
        "f1-score": 0.3703136954858455,
        "support": 1671.0
    },
    ">": {
        "precision": 0.5245441795231417,
        "recall": 0.22381807301017353,
        "f1-score": 0.313758389261745,
        "support": 1671.0
    },
    "=": {
        "precision": 0.2018425460636516,
        "recall": 0.6866096866096866,
        "f1-score": 0.3119741100323625,
        "support": 702.0
    },
    "-": {
        "precision": 0.0,
        "recall": 0.0,
        "f1-score": 0.0,
        "support": 0.0
    },
    "accuracy": 0.3313550939663699,
    "macro avg": {
        "precision": 0.3099105732312688,
        "recall": 0.3000186694082565,
        "f1-score": 0.24901154869498826,
        "support": 4044.0
    },
    "weighted avg": {
        "precision": 0.4638617320331658,
        "recall": 0.3313550939663699,
        "f1-score": 0.3368175763738729,
        "support": 4044.0
    },
    "confidence": {
        "accuracy": {
            "lower": 0.31551681503461915,
            "upper": 0.34619188921859545
        },
        "macro avg": {
            "precision": {
                "lower": 0.29704493784756486,
                "upper": 0.3227069157192512
            },
            "recall": {
                "lower": 0.2873530939780336,
                "upper": 0.3111555140286342
            },
            "f1-score": {
                "lower": 0.23656542098956665,
                "upper": 0.2600307315511023
            }
        },
        "weighted avg": {
            "precision": {
                "lower": 0.44332154138209606,
                "upper": 0.4844460305080909
            },
            "recall": {
                "lower": 0.31551681503461915,
                "upper": 0.34619188921859545
            },
            "f1-score": {
                "lower": 0.3198514178738718,
                "upper": 0.3520267695423888
            }
        }
    },
    "type": {},
    "ss": {
        "<": {
            "precision": 0.513255567338282,
            "recall": 0.2896469180131658,
            "f1-score": 0.3703136954858455,
            "support": 1671.0
        },
        ">": {
            "precision": 0.5245441795231417,
            "recall": 0.22381807301017353,
            "f1-score": 0.313758389261745,
            "support": 1671.0
        },
        "=": {
            "precision": 0.2018425460636516,
            "recall": 0.6866096866096866,
            "f1-score": 0.3119741100323625,
            "support": 702.0
        },
        "-": {
            "precision": 0.0,
            "recall": 0.0,
            "f1-score": 0.0,
            "support": 0.0
        },
        "accuracy": 0.3313550939663699,
        "macro avg": {
            "precision": 0.3099105732312688,
            "recall": 0.3000186694082565,
            "f1-score": 0.24901154869498826,
            "support": 4044.0
        },
        "weighted avg": {
            "precision": 0.4638617320331658,
            "recall": 0.3313550939663699,
            "f1-score": 0.3368175763738729,
            "support": 4044.0
        }
    },
    "ee": {
        "<": {
            "precision": 0.0,
            "recall": 0.0,
            "f1-score": 0.0,
            "support": 0.0
        },
        ">": {
            "precision": 0.0,
            "recall": 0.0,
            "f1-score": 0.0,
            "support": 0.0
        },
        "=": {
            "precision": 0.0,
            "recall": 0.0,
            "f1-score": 0.0,
            "support": 0.0
        },
        "-": {
            "precision": 0.0,
            "recall": 0.0,
            "f1-score": 0.0,
            "support": 0.0
        },
        "accuracy": 0.0,
        "macro avg": {
            "precision": 0.0,
            "recall": 0.0,
            "f1-score": 0.0,
            "support": 0.0
        },
        "weighted avg": {
            "precision": 0.0,
            "recall": 0.0,
            "f1-score": 0.0,
            "support": 0.0
        }
    },
    "se": {
        "<": {
            "precision": 0.0,
            "recall": 0.0,
            "f1-score": 0.0,
            "support": 0.0
        },
        ">": {
            "precision": 0.0,
            "recall": 0.0,
            "f1-score": 0.0,
            "support": 0.0
        },
        "=": {
            "precision": 0.0,
            "recall": 0.0,
            "f1-score": 0.0,
            "support": 0.0
        },
        "-": {
            "precision": 0.0,
            "recall": 0.0,
            "f1-score": 0.0,
            "support": 0.0
        },
        "accuracy": 0.0,
        "macro avg": {
            "precision": 0.0,
            "recall": 0.0,
            "f1-score": 0.0,
            "support": 0.0
        },
        "weighted avg": {
            "precision": 0.0,
            "recall": 0.0,
            "f1-score": 0.0,
            "support": 0.0
        }
    },
    "es": {
        "<": {
            "precision": 0.0,
            "recall": 0.0,
            "f1-score": 0.0,
            "support": 0.0
        },
        ">": {
            "precision": 0.0,
            "recall": 0.0,
            "f1-score": 0.0,
            "support": 0.0
        },
        "=": {
            "precision": 0.0,
            "recall": 0.0,
            "f1-score": 0.0,
            "support": 0.0
        },
        "-": {
            "precision": 0.0,
            "recall": 0.0,
            "f1-score": 0.0,
            "support": 0.0
        },
        "accuracy": 0.0,
        "macro avg": {
            "precision": 0.0,
            "recall": 0.0,
            "f1-score": 0.0,
            "support": 0.0
        },
        "weighted avg": {
            "precision": 0.0,
            "recall": 0.0,
            "f1-score": 0.0,
            "support": 0.0
        }
    }
}