{
    "<": {
        "precision": 0.4271948608137045,
        "recall": 0.23877917414721722,
        "f1-score": 0.30633397312859884,
        "support": 1671.0
    },
    ">": {
        "precision": 0.42,
        "recall": 0.18850987432675045,
        "f1-score": 0.26022304832713755,
        "support": 1671.0
    },
    "=": {
        "precision": 0.15169491525423728,
        "recall": 0.50997150997151,
        "f1-score": 0.23383409536250815,
        "support": 702.0
    },
    "-": {
        "precision": 0.0,
        "recall": 0.0,
        "f1-score": 0.0,
        "support": 0.0
    },
    "accuracy": 0.26508407517309596,
    "macro avg": {
        "precision": 0.24972244401698546,
        "recall": 0.2343151396113694,
        "f1-score": 0.20009777920456112,
        "support": 4044.0
    },
    "weighted avg": {
        "precision": 0.3763977356400036,
        "recall": 0.26508407517309596,
        "f1-score": 0.2746954297223087,
        "support": 4044.0
    },
    "type": {},
    "ss": {
        "<": {
            "precision": 0.4271948608137045,
            "recall": 0.23877917414721722,
            "f1-score": 0.30633397312859884,
            "support": 1671.0
        },
        ">": {
            "precision": 0.42,
            "recall": 0.18850987432675045,
            "f1-score": 0.26022304832713755,
            "support": 1671.0
        },
        "=": {
            "precision": 0.15169491525423728,
            "recall": 0.50997150997151,
            "f1-score": 0.23383409536250815,
            "support": 702.0
        },
        "-": {
            "precision": 0.0,
            "recall": 0.0,
            "f1-score": 0.0,
            "support": 0.0
        },
        "accuracy": 0.26508407517309596,
        "macro avg": {
            "precision": 0.24972244401698546,
            "recall": 0.2343151396113694,
            "f1-score": 0.20009777920456112,
            "support": 4044.0
        },
        "weighted avg": {
            "precision": 0.3763977356400036,
            "recall": 0.26508407517309596,
            "f1-score": 0.2746954297223087,
            "support": 4044.0
        }
    },
    "ee": {
        "<": {
            "precision": 0.0,
            "recall": 0.0,
            "f1-score": 0.0,
            "support": 0.0
        },
        ">": {
            "precision": 0.0,
            "recall": 0.0,
            "f1-score": 0.0,
            "support": 0.0
        },
        "=": {
            "precision": 0.0,
            "recall": 0.0,
            "f1-score": 0.0,
            "support": 0.0
        },
        "-": {
            "precision": 0.0,
            "recall": 0.0,
            "f1-score": 0.0,
            "support": 0.0
        },
        "accuracy": 0.0,
        "macro avg": {
            "precision": 0.0,
            "recall": 0.0,
            "f1-score": 0.0,
            "support": 0.0
        },
        "weighted avg": {
            "precision": 0.0,
            "recall": 0.0,
            "f1-score": 0.0,
            "support": 0.0
        }
    },
    "se": {
        "<": {
            "precision": 0.0,
            "recall": 0.0,
            "f1-score": 0.0,
            "support": 0.0
        },
        ">": {
            "precision": 0.0,
            "recall": 0.0,
            "f1-score": 0.0,
            "support": 0.0
        },
        "=": {
            "precision": 0.0,
            "recall": 0.0,
            "f1-score": 0.0,
            "support": 0.0
        },
        "-": {
            "precision": 0.0,
            "recall": 0.0,
            "f1-score": 0.0,
            "support": 0.0
        },
        "accuracy": 0.0,
        "macro avg": {
            "precision": 0.0,
            "recall": 0.0,
            "f1-score": 0.0,
            "support": 0.0
        },
        "weighted avg": {
            "precision": 0.0,
            "recall": 0.0,
            "f1-score": 0.0,
            "support": 0.0
        }
    },
    "es": {
        "<": {
            "precision": 0.0,
            "recall": 0.0,
            "f1-score": 0.0,
            "support": 0.0
        },
        ">": {
            "precision": 0.0,
            "recall": 0.0,
            "f1-score": 0.0,
            "support": 0.0
        },
        "=": {
            "precision": 0.0,
            "recall": 0.0,
            "f1-score": 0.0,
            "support": 0.0
        },
        "-": {
            "precision": 0.0,
            "recall": 0.0,
            "f1-score": 0.0,
            "support": 0.0
        },
        "accuracy": 0.0,
        "macro avg": {
            "precision": 0.0,
            "recall": 0.0,
            "f1-score": 0.0,
            "support": 0.0
        },
        "weighted avg": {
            "precision": 0.0,
            "recall": 0.0,
            "f1-score": 0.0,
            "support": 0.0
        }
    }
}