{
    "accuracy": 0.48788328387734914,
    "precision": 0.43949100332924823,
    "recall": 0.429097167876342,
    "f1-score": 0.42329513145056813,
    "confidence": {
        "accuracy": {
            "lower": 0.4723046488625124,
            "upper": 0.5022317012858556
        },
        "precision": {
            "lower": 0.4222043241765421,
            "upper": 0.45645749013996084
        },
        "recall": {
            "lower": 0.41417721451693257,
            "upper": 0.4438982578593511
        },
        "f1-score": {
            "lower": 0.4072385735496605,
            "upper": 0.4389856180426592
        }
    },
    "per_label": {
        "<": {
            "precision": 0.4971922246220302,
            "recall": 0.6888090963494913,
            "f1-score": 0.5775213246362267,
            "support": 1671.0
        },
        ">": {
            "precision": 0.5746268656716418,
            "recall": 0.414721723518851,
            "f1-score": 0.48175182481751827,
            "support": 1671.0
        },
        "=": {
            "precision": 0.24665391969407266,
            "recall": 0.18376068376068377,
            "f1-score": 0.21061224489795918,
            "support": 702.0
        }
    },
    "pre_type": {
        "ss": {
            "accuracy": 0.48788328387734914,
            "precision": 0.43949100332924823,
            "recall": 0.429097167876342,
            "f1-score": 0.42329513145056813,
            "support": 4044,
            "confidence": {
                "accuracy": {
                    "lower": 0.4713155291790307,
                    "upper": 0.504209940652819
                },
                "precision": {
                    "lower": 0.4230282363206979,
                    "upper": 0.4576178999096233
                },
                "recall": {
                    "lower": 0.4150301809411554,
                    "upper": 0.44508284466743425
                },
                "f1-score": {
                    "lower": 0.40816188518789914,
                    "upper": 0.4395490959065827
                }
            }
        }
    }
}